25000 1
-70
-70.0004
-70.001
-70.0017
-70.0024
-70.0031
-70.0039
-70.0047
-70.0056
-70.0064
-70.0073
-70.0081
-70.009
-70.0099
-70.0108
-70.0116
-70.0125
-70.0134
-70.0143
-70.0152
-70.0161
-70.0171
-70.018
-70.0189
-70.0198
-70.0207
-70.0216
-70.0225
-70.0234
-70.0243
-70.0252
-70.0262
-70.0271
-70.028
-70.0289
-70.0298
-70.0307
-70.0316
-70.0325
-70.0334
-70.0343
-70.0353
-70.0362
-70.0371
-70.038
-70.0389
-70.0398
-70.0407
-70.0416
-70.0425
-70.0434
-70.0443
-70.0452
-70.0461
-70.047
-70.0479
-70.0488
-70.0498
-70.0507
-70.0516
-70.0525
-70.0534
-70.0543
-70.0552
-70.0561
-70.057
-70.0579
-70.0588
-70.0597
-70.0605
-70.0614
-70.0623
-70.0632
-70.0641
-70.065
-70.0659
-70.0668
-70.0677
-70.0686
-70.0695
-70.0704
-70.0713
-70.0722
-70.0731
-70.074
-70.0748
-70.0757
-70.0766
-70.0775
-70.0784
-70.0793
-70.0802
-70.0811
-70.082
-70.0828
-70.0837
-70.0846
-70.0855
-70.0864
-70.0873
-70.0881
-70.089
-70.0899
-70.0908
-70.0917
-70.0926
-70.0934
-70.0943
-70.0952
-70.0961
-70.097
-70.0978
-70.0987
-70.0996
-70.1005
-70.1013
-70.1022
-70.1031
-70.104
-70.1048
-70.1057
-70.1066
-70.1075
-70.1083
-70.1092
-70.1101
-70.1109
-70.1118
-70.1127
-70.1135
-70.1144
-70.1153
-70.1161
-70.117
-70.1179
-70.1187
-70.1196
-70.1205
-70.1213
-70.1222
-70.123
-70.1239
-70.1248
-70.1256
-70.1265
-70.1273
-70.1282
-70.1291
-70.1299
-70.1308
-70.1316
-70.1325
-70.1333
-70.1342
-70.135
-70.1359
-70.1367
-70.1376
-70.1384
-70.1393
-70.1401
-70.141
-70.1418
-70.1427
-70.1435
-70.1444
-70.1452
-70.1461
-70.1469
-70.1477
-70.1486
-70.1494
-70.1503
-70.1511
-70.1519
-70.1528
-70.1536
-70.1545
-70.1553
-70.1561
-70.157
-70.1578
-70.1586
-70.1595
-70.1603
-70.1611
-70.162
-70.1628
-70.1636
-70.1644
-70.1653
-70.1661
-70.1669
-70.1677
-70.1686
-70.1694
-70.1702
-70.171
-70.1719
-70.1727
-70.1735
-70.1743
-70.1751
-70.176
-70.1768
-70.1776
-70.1784
-70.1792
-70.18
-70.1808
-70.1817
-70.1825
-70.1833
-70.1841
-70.1849
-70.1857
-70.1865
-70.1873
-70.1881
-70.1889
-70.1897
-70.1905
-70.1913
-70.1921
-70.1929
-70.1937
-70.1945
-70.1953
-70.1961
-70.1969
-70.1977
-70.1985
-70.1993
-70.2001
-70.2009
-70.2017
-70.2025
-70.2033
-70.2041
-70.2049
-70.2057
-70.2064
-70.2072
-70.208
-70.2088
-70.2096
-70.2104
-70.2111
-70.2119
-70.2127
-70.2135
-70.2143
-70.2151
-70.2158
-70.2166
-70.2174
-70.2182
-70.2189
-70.2197
-70.2205
-70.2213
-70.222
-70.2228
-70.2236
-70.2243
-70.2251
-70.2259
-70.2266
-70.2274
-70.2282
-70.2289
-70.2297
-70.2305
-70.2312
-70.232
-70.2327
-70.2335
-70.2343
-70.235
-70.2358
-70.2365
-70.2373
-70.238
-70.2388
-70.2396
-70.2403
-70.2411
-70.2418
-70.2426
-70.2433
-70.2441
-70.2448
-70.2455
-70.2463
-70.247
-70.2478
-70.2485
-70.2493
-70.25
-70.2508
-70.2515
-70.2522
-70.253
-70.2537
-70.2545
-70.2552
-70.2559
-70.2567
-70.2574
-70.2581
-70.2589
-70.2596
-70.2603
-70.2611
-70.2618
-70.2625
-70.2632
-70.264
-70.2647
-70.2654
-70.2661
-70.2669
-70.2676
-70.2683
-70.269
-70.2698
-70.2705
-70.2712
-70.2719
-70.2726
-70.2733
-70.2741
-70.2748
-70.2755
-70.2762
-70.2769
-70.2776
-70.2783
-70.2791
-70.2798
-70.2805
-70.2812
-70.2819
-70.2826
-70.2833
-70.284
-70.2847
-70.2854
-70.2861
-70.2868
-70.2875
-70.2882
-70.2889
-70.2896
-70.2903
-70.291
-70.2917
-70.2924
-70.2931
-70.2938
-70.2945
-70.2952
-70.2959
-70.2966
-70.2973
-70.2979
-70.2986
-70.2993
-70.3
-70.3007
-70.3014
-70.3021
-70.3028
-70.3034
-70.3041
-70.3048
-70.3055
-70.3062
-70.3068
-70.3075
-70.3082
-70.3089
-70.3096
-70.3102
-70.3109
-70.3116
-70.3123
-70.3129
-70.3136
-70.3143
-70.315
-70.3156
-70.3163
-70.317
-70.3176
-70.3183
-70.319
-70.3196
-70.3203
-70.321
-70.3216
-70.3223
-70.323
-70.3236
-70.3243
-70.3249
-70.3256
-70.3263
-70.3269
-70.3276
-70.3282
-70.3289
-70.3295
-70.3302
-70.3308
-70.3315
-70.3322
-70.3328
-70.3335
-70.3341
-70.3348
-70.3354
-70.3361
-70.3367
-70.3373
-70.338
-70.3386
-70.3393
-70.3399
-70.3406
-70.3412
-70.3419
-70.3425
-70.3431
-70.3438
-70.3444
-70.3451
-70.3457
-70.3463
-70.347
-70.3476
-70.3482
-70.3489
-70.3495
-70.3501
-70.3508
-70.3514
-70.352
-70.3527
-70.3533
-70.3539
-70.3545
-70.3552
-70.3558
-70.3564
-70.3571
-70.3577
-70.3583
-70.3589
-70.3595
-70.3602
-70.3608
-70.3614
-70.362
-70.3627
-70.3633
-70.3639
-70.3645
-70.3651
-70.3657
-70.3664
-70.367
-70.3676
-70.3682
-70.3688
-70.3694
-70.37
-70.3706
-70.3713
-70.3719
-70.3725
-70.3731
-70.3737
-70.3743
-70.3749
-70.3755
-70.3761
-70.3767
-70.3773
-70.3779
-70.3785
-70.3791
-70.3797
-70.3803
-70.3809
-70.3815
-70.3821
-70.3827
-70.3833
-70.3839
-70.3845
-70.3851
-70.3857
-70.3863
-70.3869
-70.3875
-70.3881
-70.3887
-70.3893
-70.3898
-70.3904
-70.391
-70.3916
-70.3922
-70.3928
-70.3934
-70.394
-70.3945
-70.3951
-70.3957
-70.3963
-70.3969
-70.3975
-70.398
-70.3986
-70.3992
-70.3998
-70.4004
-70.4009
-70.4015
-70.4021
-70.4027
-70.4032
-70.4038
-70.4044
-70.405
-70.4055
-70.4061
-70.4067
-70.4073
-70.4078
-70.4084
-70.409
-70.4095
-70.4101
-70.4107
-70.4112
-70.4118
-70.4124
-70.4129
-70.4135
-70.4141
-70.4146
-70.4152
-70.4158
-70.4163
-70.4169
-70.4174
-70.418
-70.4186
-70.4191
-70.4197
-70.4202
-70.4208
-70.4214
-70.4219
-70.4225
-70.423
-70.4236
-70.4241
-70.4247
-70.4252
-70.4258
-70.4263
-70.4269
-70.4274
-70.428
-70.4285
-70.4291
-70.4296
-70.4302
-70.4307
-70.4313
-70.4318
-70.4324
-70.4329
-70.4335
-70.434
-70.4345
-70.4351
-70.4356
-70.4362
-70.4367
-70.4373
-70.4378
-70.4383
-70.4389
-70.4394
-70.4399
-70.4405
-70.441
-70.4416
-70.4421
-70.4426
-70.4432
-70.4437
-70.4442
-70.4448
-70.4453
-70.4458
-70.4464
-70.4469
-70.4474
-70.4479
-70.4485
-70.449
-70.4495
-70.4501
-70.4506
-70.4511
-70.4516
-70.4522
-70.4527
-70.4532
-70.4537
-70.4542
-70.4548
-70.4553
-70.4558
-70.4563
-70.4569
-70.4574
-70.4579
-70.4584
-70.4589
-70.4594
-70.46
-70.4605
-70.461
-70.4615
-70.462
-70.4625
-70.4631
-70.4636
-70.4641
-70.4646
-70.4651
-70.4656
-70.4661
-70.4666
-70.4671
-70.4677
-70.4682
-70.4687
-70.4692
-70.4697
-70.4702
-70.4707
-70.4712
-70.4717
-70.4722
-70.4727
-70.4732
-70.4737
-70.4742
-70.4747
-70.4752
-70.4757
-70.4762
-70.4767
-70.4772
-70.4777
-70.4782
-70.4787
-70.4792
-70.4797
-70.4802
-70.4807
-70.4812
-70.4817
-70.4822
-70.4827
-70.4832
-70.4837
-70.4842
-70.4847
-70.4852
-70.4856
-70.4861
-70.4866
-70.4871
-70.4876
-70.4881
-70.4886
-70.4891
-70.4896
-70.49
-70.4905
-70.491
-70.4915
-70.492
-70.4925
-70.493
-70.4934
-70.4939
-70.4944
-70.4949
-70.4954
-70.4959
-70.4963
-70.4968
-70.4973
-70.4978
-70.4982
-70.4987
-70.4992
-70.4997
-70.5002
-70.5006
-70.5011
-70.5016
-70.5021
-70.5025
-70.503
-70.5035
-70.504
-70.5044
-70.5049
-70.5054
-70.5058
-70.5063
-70.5068
-70.5073
-70.5077
-70.5082
-70.5087
-70.5091
-70.5096
-70.5101
-70.5105
-70.511
-70.5115
-70.5119
-70.5124
-70.5129
-70.5133
-70.5138
-70.5142
-70.5147
-70.5152
-70.5156
-70.5161
-70.5165
-70.517
-70.5175
-70.5179
-70.5184
-70.5188
-70.5193
-70.5198
-70.5202
-70.5207
-70.5211
-70.5216
-70.522
-70.5225
-70.523
-70.5234
-70.5239
-70.5243
-70.5248
-70.5252
-70.5257
-70.5261
-70.5266
-70.527
-70.5275
-70.5279
-70.5284
-70.5288
-70.5293
-70.5297
-70.5302
-70.5306
-70.5311
-70.5315
-70.5319
-70.5324
-70.5328
-70.5333
-70.5337
-70.5342
-70.5346
-70.5351
-70.5355
-70.5359
-70.5364
-70.5368
-70.5373
-70.5377
-70.5381
-70.5386
-70.539
-70.5395
-70.5399
-70.5403
-70.5408
-70.5412
-70.5416
-70.5421
-70.5425
-70.543
-70.5434
-70.5438
-70.5443
-70.5447
-70.5451
-70.5456
-70.546
-70.5464
-70.5468
-70.5473
-70.5477
-70.5481
-70.5486
-70.549
-70.5494
-70.5499
-70.5503
-70.5507
-70.5511
-70.5516
-70.552
-70.5524
-70.5528
-70.5533
-70.5537
-70.5541
-70.5545
-70.555
-70.5554
-70.5558
-70.5562
-70.5567
-70.5571
-70.5575
-70.5579
-70.5583
-70.5588
-70.5592
-70.5596
-70.56
-70.5604
-70.5609
-70.5613
-70.5617
-70.5621
-70.5625
-70.5629
-70.5634
-70.5638
-70.5642
-70.5646
-70.565
-70.5654
-70.5658
-70.5663
-70.5667
-70.5671
-70.5675
-70.5679
-70.5683
-70.5687
-70.5691
-70.5695
-70.57
-70.5704
-70.5708
-70.5712
-70.5716
-70.572
-70.5724
-70.5728
-70.5732
-70.5736
-70.574
-70.5744
-70.5748
-70.5752
-70.5757
-70.5761
-70.5765
-70.5769
-70.5773
-70.5777
-70.5781
-70.5785
-70.5789
-70.5793
-70.5797
-70.5801
-70.5805
-70.5809
-70.5813
-70.5817
-70.5821
-70.5825
-70.5829
-70.5833
-70.5837
-70.5841
-70.5844
-70.5848
-70.5852
-70.5856
-70.586
-70.5864
-70.5868
-70.5872
-70.5876
-70.588
-70.5884
-70.5888
-70.5892
-70.5896
-70.59
-70.5903
-70.5907
-70.5911
-70.5915
-70.5919
-70.5923
-70.5927
-70.5931
-70.5935
-70.5938
-70.5942
-70.5946
-70.595
-70.5954
-70.5958
-70.5962
-70.5965
-70.5969
-70.5973
-70.5977
-70.5981
-70.5985
-70.5988
-70.5992
-70.5996
-70.6
-70.6004
-70.6008
-70.6011
-70.6015
-70.6019
-70.6023
-70.6027
-70.603
-70.6034
-70.6038
-70.6042
-70.6045
-70.6049
-70.6053
-70.6057
-70.6061
-70.6064
-70.6068
-70.6072
-70.6076
-70.6079
-70.6083
-70.6087
-70.6091
-70.6094
-70.6098
-70.6102
-70.6105
-70.6109
-70.6113
-70.6117
-70.612
-70.6124
-70.6128
-70.6131
-70.6135
-70.6139
-70.6142
-70.6146
-70.615
-70.6153
-70.6157
-70.6161
-70.6164
-70.6168
-70.6172
-70.6175
-70.6179
-70.6183
-70.6186
-70.619
-70.6194
-70.6197
-70.6201
-70.6205
-70.6208
-70.6212
-70.6215
-70.6219
-70.6223
-70.6226
-70.623
-70.6234
-70.6237
-70.6241
-70.6244
-70.6248
-70.6251
-70.6255
-70.6259
-70.6262
-70.6266
-70.6269
-70.6273
-70.6277
-70.628
-70.6284
-70.6287
-70.6291
-70.6294
-70.6298
-70.6301
-70.6305
-70.6308
-70.6312
-70.6316
-70.6319
-70.6323
-70.6326
-70.633
-70.6333
-70.6337
-70.634
-70.6344
-70.6347
-70.6351
-70.6354
-70.6358
-70.6361
-70.6365
-70.6368
-70.6372
-70.6375
-70.6379
-70.6382
-70.6385
-70.6389
-70.6392
-70.6396
-70.6399
-70.6403
-70.6406
-70.641
-70.6413
-70.6417
-70.642
-70.6423
-70.6427
-70.643
-70.6434
-70.6437
-70.6441
-70.6444
-70.6447
-70.6451
-70.6454
-70.6458
-70.6461
-70.6464
-70.6468
-70.6471
-70.6475
-70.6478
-70.6481
-70.6485
-70.6488
-70.6491
-70.6495
-70.6498
-70.6502
-70.6505
-70.6508
-70.6512
-70.6515
-70.6518
-70.6522
-70.6525
-70.6528
-70.6532
-70.6535
-70.6538
-70.6542
-70.6545
-70.6548
-70.6552
-70.6555
-70.6558
-70.6562
-70.6565
-70.6568
-70.6571
-70.6575
-70.6578
-70.6581
-70.6585
-70.6588
-70.6591
-70.6594
-70.6598
-70.6601
-70.6604
-70.6608
-70.6611
-70.6614
-70.6617
-70.6621
-70.6624
-70.6627
-70.663
-70.6634
-70.6637
-70.664
-70.6643
-70.6647
-70.665
-70.6653
-70.6656
-70.6659
-70.6663
-70.6666
-70.6669
-70.6672
-70.6676
-70.6679
-70.6682
-70.6685
-70.6688
-70.6692
-70.6695
-70.6698
-70.6701
-70.6704
-70.6708
-70.6711
-70.6714
-70.6717
-70.672
-70.6723
-70.6727
-70.673
-70.6733
-70.6736
-70.6739
-70.6742
-70.6745
-70.6749
-70.6752
-70.6755
-70.6758
-70.6761
-70.6764
-70.6767
-70.6771
-70.6774
-70.6777
-70.678
-70.6783
-70.6786
-70.6789
-70.6792
-70.6795
-70.6799
-70.6802
-70.6805
-70.6808
-70.6811
-70.6814
-70.6817
-70.682
-70.6823
-70.6826
-70.6829
-70.6832
-70.6836
-70.6839
-70.6842
-70.6845
-70.6848
-70.6851
-70.6854
-70.6857
-70.686
-70.6863
-70.6866
-70.6869
-70.6872
-70.6875
-70.6878
-70.6881
-70.6884
-70.6887
-70.689
-70.6893
-70.6896
-70.6899
-70.6902
-70.6905
-70.6908
-70.6911
-70.6914
-70.6917
-70.692
-70.6923
-70.6926
-70.6929
-70.6932
-70.6935
-70.6938
-70.6941
-70.6944
-70.6947
-70.695
-70.6953
-70.6956
-70.6959
-70.6962
-70.6965
-70.6968
-70.6971
-70.6974
-70.6977
-70.698
-70.6983
-70.6986
-70.6989
-70.6991
-70.6994
-70.6997
-70.7
-70.7003
-70.7006
-70.7009
-70.7012
-70.7015
-70.7018
-70.7021
-70.7024
-70.7026
-70.7029
-70.7032
-70.7035
-70.7038
-70.7041
-70.7044
-70.7047
-70.705
-70.7052
-70.7055
-70.7058
-70.7061
-70.7064
-70.7067
-70.707
-70.7073
-70.7075
-70.7078
-70.7081
-70.7084
-70.7087
-70.709
-70.7093
-70.7095
-70.7098
-70.7101
-70.7104
-70.7107
-70.711
-70.7112
-70.7115
-70.7118
-70.7121
-70.7124
-70.7126
-70.7129
-70.7132
-70.7135
-70.7138
-70.7141
-70.7143
-70.7146
-70.7149
-70.7152
-70.7154
-70.7157
-70.716
-70.7163
-70.7166
-70.7168
-70.7171
-70.7174
-70.7177
-70.718
-70.7182
-70.7185
-70.7188
-70.7191
-70.7193
-70.7196
-70.7199
-70.7202
-70.7204
-70.7207
-70.721
-70.7213
-70.7215
-70.7218
-70.7221
-70.7224
-70.7226
-70.7229
-70.7232
-70.7234
-70.7237
-70.724
-70.7243
-70.7245
-70.7248
-70.7251
-70.7253
-70.7256
-70.7259
-70.7262
-70.7264
-70.7267
-70.727
-70.7272
-70.7275
-70.7278
-70.728
-70.7283
-70.7286
-70.7288
-70.7291
-70.7294
-70.7296
-70.7299
-70.7302
-70.7304
-70.7307
-70.731
-70.7312
-70.7315
-70.7318
-70.732
-70.7323
-70.7326
-70.7328
-70.7331
-70.7334
-70.7336
-70.7339
-70.7341
-70.7344
-70.7347
-70.7349
-70.7352
-70.7355
-70.7357
-70.736
-70.7362
-70.7365
-70.7368
-70.737
-70.7373
-70.7375
-70.7378
-70.7381
-70.7383
-70.7386
-70.7388
-70.7391
-70.7394
-70.7396
-70.7399
-70.7401
-70.7404
-70.7406
-70.7409
-70.7412
-70.7414
-70.7417
-70.7419
-70.7422
-70.7424
-70.7427
-70.743
-70.7432
-70.7435
-70.7437
-70.744
-70.7442
-70.7445
-70.7447
-70.745
-70.7452
-70.7455
-70.7457
-70.746
-70.7463
-70.7465
-70.7468
-70.747
-70.7473
-70.7475
-70.7478
-70.748
-70.7483
-70.7485
-70.7488
-70.749
-70.7493
-70.7495
-70.7498
-70.75
-70.7503
-70.7505
-70.7508
-70.751
-70.7513
-70.7515
-70.7518
-70.752
-70.7523
-70.7525
-70.7528
-70.753
-70.7532
-70.7535
-70.7537
-70.754
-70.7542
-70.7545
-70.7547
-70.755
-70.7552
-70.7555
-70.7557
-70.7559
-70.7562
-70.7564
-70.7567
-70.7569
-70.7572
-70.7574
-70.7577
-70.7579
-70.7581
-70.7584
-70.7586
-70.7589
-70.7591
-70.7593
-70.7596
-70.7598
-70.7601
-70.7603
-70.7606
-70.7608
-70.761
-70.7613
-70.7615
-70.7618
-70.762
-70.7622
-70.7625
-70.7627
-70.7629
-70.7632
-70.7634
-70.7637
-70.7639
-70.7641
-70.7644
-70.7646
-70.7648
-70.7651
-70.7653
-70.7656
-70.7658
-70.766
-70.7663
-70.7665
-70.7667
-70.767
-70.7672
-70.7674
-70.7677
-70.7679
-70.7681
-70.7684
-70.7686
-70.7688
-70.7691
-70.7693
-70.7695
-70.7698
-70.77
-70.7702
-70.7705
-70.7707
-70.7709
-70.7712
-70.7714
-70.7716
-70.7719
-70.7721
-70.7723
-70.7726
-70.7728
-70.773
-70.7732
-70.7735
-70.7737
-70.7739
-70.7742
-70.7744
-70.7746
-70.7748
-70.7751
-70.7753
-70.7755
-70.7758
-70.776
-70.7762
-70.7764
-70.7767
-70.7769
-70.7771
-70.7773
-70.7776
-70.7778
-70.778
-70.7783
-70.7785
-70.7787
-70.7789
-70.7792
-70.7794
-70.7796
-70.7798
-70.78
-70.7803
-70.7805
-70.7807
-70.7809
-70.7812
-70.7814
-70.7816
-70.7818
-70.7821
-70.7823
-70.7825
-70.7827
-70.7829
-70.7832
-70.7834
-70.7836
-70.7838
-70.7841
-70.7843
-70.7845
-70.7847
-70.7849
-70.7852
-70.7854
-70.7856
-70.7858
-70.786
-70.7862
-70.7865
-70.7867
-70.7869
-70.7871
-70.7873
-70.7876
-70.7878
-70.788
-70.7882
-70.7884
-70.7886
-70.7889
-70.7891
-70.7893
-70.7895
-70.7897
-70.7899
-70.7902
-70.7904
-70.7906
-70.7908
-70.791
-70.7912
-70.7914
-70.7917
-70.7919
-70.7921
-70.7923
-70.7925
-70.7927
-70.7929
-70.7932
-70.7934
-70.7936
-70.7938
-70.794
-70.7942
-70.7944
-70.7946
-70.7949
-70.7951
-70.7953
-70.7955
-70.7957
-70.7959
-70.7961
-70.7963
-70.7965
-70.7967
-70.797
-70.7972
-70.7974
-70.7976
-70.7978
-70.798
-70.7982
-70.7984
-70.7986
-70.7988
-70.799
-70.7993
-70.7995
-70.7997
-70.7999
-70.8001
-70.8003
-70.8005
-70.8007
-70.8009
-70.8011
-70.8013
-70.8015
-70.8017
-70.8019
-70.8021
-70.8024
-70.8026
-70.8028
-70.803
-70.8032
-70.8034
-70.8036
-70.8038
-70.804
-70.8042
-70.8044
-70.8046
-70.8048
-70.805
-70.8052
-70.8054
-70.8056
-70.8058
-70.806
-70.8062
-70.8064
-70.8066
-70.8068
-70.807
-70.8072
-70.8074
-70.8076
-70.8078
-70.808
-70.8082
-70.8084
-70.8086
-70.8088
-70.809
-70.8092
-70.8094
-70.8096
-70.8098
-70.81
-70.8102
-70.8104
-70.8106
-70.8108
-70.811
-70.8112
-70.8114
-70.8116
-70.8118
-70.812
-70.8122
-70.8124
-70.8126
-70.8128
-70.813
-70.8132
-70.8134
-70.8136
-70.8138
-70.814
-70.8142
-70.8144
-70.8146
-70.8148
-70.8149
-70.8151
-70.8153
-70.8155
-70.8157
-70.8159
-70.8161
-70.8163
-70.8165
-70.8167
-70.8169
-70.8171
-70.8173
-70.8175
-70.8177
-70.8179
-70.818
-70.8182
-70.8184
-70.8186
-70.8188
-70.819
-70.8192
-70.8194
-70.8196
-70.8198
-70.82
-70.8201
-70.8203
-70.8205
-70.8207
-70.8209
-70.8211
-70.8213
-70.8215
-70.8217
-70.8219
-70.822
-70.8222
-70.8224
-70.8226
-70.8228
-70.823
-70.8232
-70.8234
-70.8235
-70.8237
-70.8239
-70.8241
-70.8243
-70.8245
-70.8247
-70.8249
-70.825
-70.8252
-70.8254
-70.8256
-70.8258
-70.826
-70.8262
-70.8263
-70.8265
-70.8267
-70.8269
-70.8271
-70.8273
-70.8275
-70.8276
-70.8278
-70.828
-70.8282
-70.8284
-70.8286
-70.8287
-70.8289
-70.8291
-70.8293
-70.8295
-70.8297
-70.8298
-70.83
-70.8302
-70.8304
-70.8306
-70.8307
-70.8309
-70.8311
-70.8313
-70.8315
-70.8317
-70.8318
-70.832
-70.8322
-70.8324
-70.8326
-70.8327
-70.8329
-70.8331
-70.8333
-70.8335
-70.8336
-70.8338
-70.834
-70.8342
-70.8343
-70.8345
-70.8347
-70.8349
-70.8351
-70.8352
-70.8354
-70.8356
-70.8358
-70.8359
-70.8361
-70.8363
-70.8365
-70.8367
-70.8368
-70.837
-70.8372
-70.8374
-70.8375
-70.8377
-70.8379
-70.8381
-70.8382
-70.8384
-70.8386
-70.8388
-70.8389
-70.8391
-70.8393
-70.8395
-70.8396
-70.8398
-70.84
-70.8402
-70.8403
-70.8405
-70.8407
-70.8409
-70.841
-70.8412
-70.8414
-70.8415
-70.8417
-70.8419
-70.8421
-70.8422
-70.8424
-70.8426
-70.8427
-70.8429
-70.8431
-70.8433
-70.8434
-70.8436
-70.8438
-70.8439
-70.8441
-70.8443
-70.8445
-70.8446
-70.8448
-70.845
-70.8451
-70.8453
-70.8455
-70.8456
-70.8458
-70.846
-70.8462
-70.8463
-70.8465
-70.8467
-70.8468
-70.847
-70.8472
-70.8473
-70.8475
-70.8477
-70.8478
-70.848
-70.8482
-70.8483
-70.8485
-70.8487
-70.8488
-70.849
-70.8492
-70.8493
-70.8495
-70.8497
-70.8498
-70.85
-70.8502
-70.8503
-70.8505
-70.8507
-70.8508
-70.851
-70.8512
-70.8513
-70.8515
-70.8516
-70.8518
-70.852
-70.8521
-70.8523
-70.8525
-70.8526
-70.8528
-70.853
-70.8531
-70.8533
-70.8534
-70.8536
-70.8538
-70.8539
-70.8541
-70.8543
-70.8544
-70.8546
-70.8547
-70.8549
-70.8551
-70.8552
-70.8554
-70.8555
-70.8557
-70.8559
-70.856
-70.8562
-70.8563
-70.8565
-70.8567
-70.8568
-70.857
-70.8571
-70.8573
-70.8575
-70.8576
-70.8578
-70.8579
-70.8581
-70.8583
-70.8584
-70.8586
-70.8587
-70.8589
-70.8591
-70.8592
-70.8594
-70.8595
-70.8597
-70.8598
-70.86
-70.8602
-70.8603
-70.8605
-70.8606
-70.8608
-70.8609
-70.8611
-70.8613
-70.8614
-70.8616
-70.8617
-70.8619
-70.862
-70.8622
-70.6933
-70.5539
-70.4331
-70.3252
-70.2269
-70.1359
-70.0509
-69.9706
-69.8945
-69.8218
-69.7522
-69.6853
-69.6209
-69.5586
-69.4983
-69.4398
-69.383
-69.3277
-69.2739
-69.2215
-69.1703
-69.1203
-69.0715
-69.0237
-68.9768
-68.931
-68.886
-68.8418
-68.7984
-68.7558
-68.7139
-68.6727
-68.6322
-68.5922
-68.5529
-68.5141
-68.4759
-68.4381
-68.4009
-68.3641
-68.3277
-68.2918
-68.2563
-68.2212
-68.1864
-68.152
-68.118
-68.0843
-68.0509
-68.0178
-67.985
-67.9525
-67.9202
-67.8882
-67.8565
-67.825
-67.7937
-67.7627
-67.7318
-67.7012
-67.6708
-67.6406
-67.6106
-67.5807
-67.5511
-67.5216
-67.4922
-67.463
-67.434
-67.4052
-67.3764
-67.3479
-67.3194
-67.2911
-67.2629
-67.2349
-67.207
-67.1791
-67.1515
-67.1239
-67.0964
-67.0691
-67.0418
-67.0147
-66.9876
-66.9607
-66.9338
-66.9071
-66.8804
-66.8538
-66.8273
-66.8009
-66.7746
-66.7484
-66.7222
-66.6962
-66.6702
-66.6443
-66.6184
-66.5927
-66.567
-66.5413
-66.5158
-66.4903
-66.4649
-66.4395
-66.4143
-66.389
-66.3639
-66.3388
-66.3138
-66.2888
-66.2639
-66.239
-66.2143
-66.1895
-66.1648
-66.1402
-66.1157
-66.0912
-66.0667
-66.0423
-66.0179
-65.9936
-65.9694
-65.9452
-65.9211
-65.897
-65.8729
-65.8489
-65.825
-65.8011
-65.7772
-65.7534
-65.7297
-65.7059
-65.6823
-65.6587
-65.6351
-65.6115
-65.588
-65.5646
-65.5412
-65.5178
-65.4945
-65.4712
-65.448
-65.4248
-65.4016
-65.3785
-65.3555
-65.3324
-65.3094
-65.2865
-65.2636
-65.2407
-65.2178
-65.195
-65.1723
-65.1495
-65.1269
-65.1042
-65.0816
-65.059
-65.0365
-65.014
-64.9915
-64.9691
-64.9467
-64.9243
-64.902
-64.8797
-64.8574
-64.8352
-64.813
-64.7908
-64.7687
-64.7466
-64.7246
-64.7025
-64.6805
-64.6586
-64.6367
-64.6148
-64.5929
-64.5711
-64.5493
-64.5275
-64.5058
-64.4841
-64.4624
-64.4408
-64.4191
-64.3976
-64.376
-64.3545
-64.333
-64.3115
-64.2901
-64.2687
-64.2474
-64.226
-64.2047
-64.1834
-64.1622
-64.1409
-64.1197
-64.0986
-64.0774
-64.0563
-64.0353
-64.0142
-63.9932
-63.9722
-63.9512
-63.9303
-63.9094
-63.8885
-63.8676
-63.8468
-63.826
-63.8052
-63.7845
-63.7637
-63.743
-63.7224
-63.7017
-63.6811
-63.6605
-63.64
-63.6194
-63.5989
-63.5784
-63.558
-63.5375
-63.5171
-63.4967
-63.4764
-63.4561
-63.4357
-63.4155
-63.3952
-63.375
-63.3548
-63.3346
-63.3144
-63.2943
-63.2742
-63.2541
-63.2341
-63.214
-63.194
-63.174
-63.1541
-63.1341
-63.1142
-63.0943
-63.0745
-63.0546
-63.0348
-63.015
-62.9952
-62.9755
-62.9558
-62.9361
-62.9164
-62.8967
-62.8771
-62.8575
-62.8379
-62.8183
-62.7988
-62.7793
-62.7598
-62.7403
-62.7209
-62.7014
-62.682
-62.6626
-62.6433
-62.6239
-62.6046
-62.5853
-62.5661
-62.5468
-62.5276
-62.5084
-62.4892
-62.47
-62.4509
-62.4318
-62.4127
-62.3936
-62.3745
-62.3555
-62.3365
-62.3175
-62.2985
-62.2796
-62.2606
-62.2417
-62.2228
-62.204
-62.1851
-62.1663
-62.1475
-62.1287
-62.1099
-62.0912
-62.0725
-62.0538
-62.0351
-62.0164
-61.9978
-61.9792
-61.9606
-61.942
-61.9234
-61.9049
-61.8864
-61.8679
-61.8494
-61.8309
-61.8125
-61.7941
-61.7757
-61.7573
-61.7389
-61.7206
-61.7023
-61.684
-61.6657
-61.6474
-61.6292
-61.6109
-61.5927
-61.5745
-61.5564
-61.5382
-61.5201
-61.502
-61.4839
-61.4658
-61.4477
-61.4297
-61.4117
-61.3937
-61.3757
-61.3577
-61.3398
-61.3219
-61.304
-61.2861
-61.2682
-61.2503
-61.2325
-61.2147
-61.1969
-61.1791
-61.1614
-61.1436
-61.1259
-61.1082
-61.0905
-61.0728
-61.0552
-61.0375
-61.0199
-61.0023
-60.9847
-60.9672
-60.9496
-60.9321
-60.9146
-60.8971
-60.8796
-60.8621
-60.8447
-60.8273
-60.8098
-60.7925
-60.7751
-60.7577
-60.7404
-60.7231
-60.7057
-60.6885
-60.6712
-60.6539
-60.6367
-60.6195
-60.6023
-60.5851
-60.5679
-60.5507
-60.5336
-60.5165
-60.4994
-60.4823
-60.4652
-60.4482
-60.4311
-60.4141
-60.3971
-60.3801
-60.3631
-60.3461
-60.3292
-60.3123
-60.2954
-60.2785
-60.2616
-60.2447
-60.2279
-60.211
-60.1942
-60.1774
-60.1606
-60.1439
-60.1271
-60.1104
-60.0937
-60.0769
-60.0603
-60.0436
-60.0269
-60.0103
-59.9936
-59.977
-59.9604
-59.9438
-59.9273
-59.9107
-59.8942
-59.8777
-59.8612
-59.8447
-59.8282
-59.8117
-59.7953
-59.7788
-59.7624
-59.746
-59.7296
-59.7132
-59.6969
-59.6805
-59.6642
-59.6479
-59.6316
-59.6153
-59.599
-59.5828
-59.5665
-59.5503
-59.5341
-59.5179
-59.5017
-59.4855
-59.4693
-59.4532
-59.4371
-59.421
-59.4048
-59.3888
-59.3727
-59.3566
-59.3406
-59.3245
-59.3085
-59.2925
-59.2765
-59.2605
-59.2446
-59.2286
-59.2127
-59.1967
-59.1808
-59.1649
-59.149
-59.1332
-59.1173
-59.1015
-59.0856
-59.0698
-59.054
-59.0382
-59.0224
-59.0067
-58.9909
-58.9752
-58.9594
-58.9437
-58.928
-58.9123
-58.8967
-58.881
-58.8653
-58.8497
-58.8341
-58.8185
-58.8029
-58.7873
-58.7717
-58.7561
-58.7406
-58.725
-58.7095
-58.694
-58.6785
-58.663
-58.6475
-58.632
-58.6166
-58.6012
-58.5857
-58.5703
-58.5549
-58.5395
-58.5241
-58.5087
-58.4934
-58.478
-58.4627
-58.4474
-58.4321
-58.4168
-58.4015
-58.3862
-58.3709
-58.3557
-58.3404
-58.3252
-58.31
-58.2947
-58.2795
-58.2644
-58.2492
-58.234
-58.2188
-58.2037
-58.1886
-58.1734
-58.1583
-58.1432
-58.1281
-58.113
-58.098
-58.0829
-58.0679
-58.0528
-58.0378
-58.0228
-58.0078
-57.9928
-57.9778
-57.9628
-57.9478
-57.9329
-57.9179
-57.903
-57.8881
-57.8732
-57.8582
-57.8433
-57.8285
-57.8136
-57.7987
-57.7839
-57.769
-57.7542
-57.7393
-57.7245
-57.7097
-57.6949
-57.6801
-57.6653
-57.6506
-57.6358
-57.6211
-57.6063
-57.5916
-57.5769
-57.5621
-57.5474
-57.5327
-57.518
-57.5034
-57.4887
-57.474
-57.4594
-57.4447
-57.4301
-57.4155
-57.4008
-57.3862
-57.3716
-57.357
-57.3424
-57.3279
-57.3133
-57.2987
-57.2842
-57.2696
-57.2551
-57.2406
-57.226
-57.2115
-57.197
-57.1825
-57.168
-57.1535
-57.1391
-57.1246
-57.1101
-57.0957
-57.0812
-57.0668
-57.0523
-57.0379
-57.0235
-57.0091
-56.9947
-56.9803
-56.9659
-56.9515
-56.9371
-56.9228
-56.9084
-56.8941
-56.8797
-56.8654
-56.851
-56.8367
-56.8224
-56.8081
-56.7937
-56.7794
-56.7651
-56.7509
-56.7366
-56.7223
-56.708
-56.6938
-56.6795
-56.6652
-56.651
-56.6367
-56.6225
-56.6083
-56.594
-56.5798
-56.5656
-56.5514
-56.5372
-56.523
-56.5088
-56.4946
-56.4804
-56.4662
-56.4521
-56.4379
-56.4237
-56.4096
-56.3954
-56.3813
-56.3671
-56.353
-56.3388
-56.3247
-56.3106
-56.2964
-56.2823
-56.2682
-56.2541
-56.24
-56.2259
-56.2118
-56.1977
-56.1836
-56.1695
-56.1554
-56.1413
-56.1272
-56.1131
-56.0991
-56.085
-56.0709
-56.0569
-56.0428
-56.0287
-56.0147
-56.0006
-55.9866
-55.9725
-55.9585
-55.9444
-55.9304
-55.9163
-55.9023
-55.8882
-55.8742
-55.8602
-55.8461
-55.8321
-55.8181
-55.8041
-55.79
-55.776
-55.762
-55.748
-55.7339
-55.7199
-55.7059
-55.6919
-55.6779
-55.6638
-55.6498
-55.6358
-55.6218
-55.6078
-55.5938
-55.5798
-55.5657
-55.5517
-55.5377
-55.5237
-55.5097
-55.4957
-55.4817
-55.4676
-55.4536
-55.4396
-55.4256
-55.4116
-55.3976
-55.3835
-55.3695
-55.3555
-55.3415
-55.3274
-55.3134
-55.2994
-55.2853
-55.2713
-55.2573
-55.2432
-55.2292
-55.2151
-55.2011
-55.187
-55.173
-55.1589
-55.1448
-55.1308
-55.1167
-55.1026
-55.0885
-55.0745
-55.0604
-55.0463
-55.0322
-55.0181
-55.004
-54.9899
-54.9758
-54.9617
-54.9475
-54.9334
-54.9193
-54.9051
-54.891
-54.8769
-54.8627
-54.8485
-54.8344
-54.8202
-54.806
-54.7918
-54.7777
-54.7635
-54.7492
-54.735
-54.7208
-54.7066
-54.6924
-54.6781
-54.6639
-54.6496
-54.6354
-54.6211
-54.6068
-54.5925
-54.5782
-54.5639
-54.5496
-54.5353
-54.5209
-54.5066
-54.4922
-54.4778
-54.4635
-54.4491
-54.4347
-54.4203
-54.4058
-54.3914
-54.377
-54.3625
-54.348
-54.3336
-54.3191
-54.3045
-54.29
-54.2755
-54.2609
-54.2464
-54.2318
-54.2172
-54.2026
-54.188
-54.1733
-54.1587
-54.144
-54.1293
-54.1146
-54.0999
-54.0852
-54.0704
-54.0557
-54.0409
-54.0261
-54.0112
-53.9964
-53.9815
-53.9667
-53.9518
-53.9369
-53.9219
-53.907
-53.892
-53.877
-53.862
-53.847
-53.8319
-53.8168
-53.8017
-53.7866
-53.7715
-53.7563
-53.7411
-53.7259
-53.7107
-53.6954
-53.6801
-53.6648
-53.6495
-53.6341
-53.6187
-53.6033
-53.5879
-53.5724
-53.5569
-53.5413
-53.5258
-53.5102
-53.4946
-53.4789
-53.4632
-53.4475
-53.4317
-53.4159
-53.4001
-53.3843
-53.3684
-53.3524
-53.3365
-53.3205
-53.3044
-53.2883
-53.2722
-53.2561
-53.2399
-53.2236
-53.2074
-53.191
-53.1747
-53.1583
-53.1418
-53.1253
-53.1088
-53.0922
-53.0756
-53.0589
-53.0422
-53.0254
-53.0086
-52.9917
-52.9748
-52.9578
-52.9408
-52.9237
-52.9066
-52.8894
-52.8722
-52.8549
-52.8375
-52.8201
-52.8026
-52.7851
-52.7674
-52.7498
-52.732
-52.7142
-52.6963
-52.6784
-52.6604
-52.6423
-52.6241
-52.6058
-52.5875
-52.5691
-52.5506
-52.532
-52.5134
-52.4947
-52.4758
-52.4569
-52.4379
-52.4188
-52.3996
-52.3803
-52.3609
-52.3415
-52.3219
-52.3022
-52.2824
-52.2625
-52.2425
-52.2224
-52.2021
-52.1818
-52.1613
-52.1407
-52.12
-52.0991
-52.0782
-52.057
-52.0358
-52.0144
-51.9928
-51.9711
-51.9492
-51.9272
-51.905
-51.8827
-51.8602
-51.8375
-51.8146
-51.7916
-51.7683
-51.7449
-51.7213
-51.6975
-51.6734
-51.6492
-51.6247
-51.6
-51.5751
-51.5499
-51.5245
-51.4988
-51.4728
-51.4466
-51.4201
-51.3933
-51.3662
-51.3388
-51.3111
-51.283
-51.2546
-51.2259
-51.1968
-51.1673
-51.1374
-51.1071
-51.0764
-51.0453
-51.0137
-50.9816
-50.9491
-50.916
-50.8824
-50.8482
-50.8135
-50.7782
-50.7422
-50.7056
-50.6683
-50.6303
-50.5916
-50.552
-50.5117
-50.4704
-50.4283
-50.3852
-50.3411
-50.2959
-50.2497
-50.2022
-50.1535
-50.1035
-50.052
-49.9991
-49.9446
-49.8884
-49.8305
-49.7706
-49.7086
-49.6445
-49.578
-49.509
-49.4372
-49.3625
-49.2847
-49.2034
-49.1183
-49.0292
-48.9356
-48.8372
-48.7334
-48.6238
-48.5078
-48.3846
-48.2536
-48.1139
-47.9644
-47.8041
-47.6317
-47.4458
-47.2449
-47.0271
-46.7905
-46.533
-46.2523
-45.9462
-45.6121
-45.2479
-44.8515
-44.4211
-43.9556
-43.4542
-42.9169
-42.3444
-41.7378
-41.099
-40.4298
-39.7325
-39.0094
-38.2625
-37.4938
-36.7049
-35.8972
-35.0719
-34.2297
-33.3713
-32.4972
-31.6075
-30.7023
-29.7817
-28.8454
-27.8935
-26.9255
-25.9413
-24.9407
-23.9234
-22.8892
-21.838
-20.7695
-19.6838
-18.5808
-17.4603
-16.3225
-15.1674
-13.995
-12.8055
-11.5988
-10.3752
-9.13473
-7.87778
-6.60464
-5.31582
-4.01198
-2.69402
-1.3631
-0.0206591
1.33151
2.69128
4.05613
5.42323
6.78938
8.15113
9.50475
10.8464
12.1722
13.4781
14.7605
16.0157
17.2403
18.4315
19.5866
20.7034
21.7802
22.8155
23.8084
24.7583
25.6648
26.5278
27.3476
28.1246
28.8593
29.5524
30.2048
30.8174
31.3914
31.9279
32.4282
32.8938
33.326
33.7266
34.0971
34.439
34.7541
35.044
35.31
35.5538
35.7765
35.9796
36.164
36.3307
36.4807
36.6146
36.7331
36.8366
36.9257
37.0007
37.062
37.1097
37.1441
37.1655
37.174
37.1698
37.1532
37.1243
37.0835
37.0309
36.9669
36.8915
36.8052
36.7082
36.6006
36.4827
36.3546
36.2166
36.0687
35.9111
35.7439
35.5671
35.3809
35.1854
34.9805
34.7665
34.5433
34.3111
34.07
33.8201
33.5615
33.2943
33.0188
32.735
32.4431
32.1433
31.8356
31.5204
31.1978
30.868
30.5312
30.1875
29.8373
29.4807
29.118
28.7494
28.3751
27.9954
27.6105
27.2208
26.8263
26.4274
26.0243
25.6172
25.2064
24.7922
24.3746
23.954
23.5306
23.1045
22.6759
22.245
21.812
21.3769
20.9401
20.5015
20.0614
19.6198
19.1769
18.7327
18.2875
17.8412
17.3941
16.9461
16.4975
16.0482
15.5984
15.1482
14.6977
14.2469
13.796
13.345
12.894
12.4431
11.9923
11.5418
11.0916
10.6418
10.1925
9.7436
9.29532
8.84768
8.40074
7.95455
7.50917
7.06464
6.62102
6.17836
5.73669
5.29607
4.85652
4.4181
3.98083
3.54476
3.1099
2.6763
2.24398
1.81297
1.38329
0.954961
0.528012
0.102459
-0.32168
-0.744389
-1.16565
-1.58546
-2.00379
-2.42064
-2.836
-3.24986
-3.66221
-4.07304
-4.48236
-4.89015
-5.29642
-5.70115
-6.10436
-6.50603
-6.90617
-7.30478
-7.70186
-8.09741
-8.49144
-8.88396
-9.27496
-9.66446
-10.0525
-10.439
-10.824
-11.2076
-11.5897
-11.9703
-12.3496
-12.7274
-13.1038
-13.4788
-13.8524
-14.2247
-14.5957
-14.9653
-15.3336
-15.7007
-16.0664
-16.4309
-16.7942
-17.1563
-17.5172
-17.8769
-18.2354
-18.5928
-18.9491
-19.3043
-19.6584
-20.0115
-20.3635
-20.7145
-21.0645
-21.4135
-21.7616
-22.1087
-22.4548
-22.8
-23.1444
-23.4878
-23.8304
-24.1722
-24.5131
-24.8531
-25.1924
-25.5309
-25.8686
-26.2055
-26.5416
-26.877
-27.2117
-27.5457
-27.8789
-28.2114
-28.5432
-28.8743
-29.2047
-29.5345
-29.8635
-30.1919
-30.5196
-30.8466
-31.173
-31.4986
-31.8236
-32.1479
-32.4716
-32.7945
-33.1167
-33.4383
-33.7591
-34.0792
-34.3986
-34.7172
-35.0351
-35.3522
-35.6685
-35.9841
-36.2988
-36.6127
-36.9258
-37.238
-37.5493
-37.8597
-38.1692
-38.4777
-38.7853
-39.0919
-39.3974
-39.702
-40.0054
-40.3078
-40.609
-40.9091
-41.2081
-41.5058
-41.8023
-42.0976
-42.3916
-42.6843
-42.9757
-43.2657
-43.5543
-43.8416
-44.1274
-44.4117
-44.6945
-44.9759
-45.2556
-45.5339
-45.8105
-46.0856
-46.359
-46.6307
-46.9008
-47.1692
-47.4359
-47.7008
-47.9641
-48.2255
-48.4852
-48.7431
-48.9992
-49.2534
-49.5059
-49.7565
-50.0053
-50.2523
-50.4974
-50.7407
-50.9821
-51.2216
-51.4593
-51.6951
-51.9291
-52.1612
-52.3914
-52.6198
-52.8463
-53.071
-53.2939
-53.5149
-53.734
-53.9514
-54.1669
-54.3807
-54.5926
-54.8027
-55.0111
-55.2176
-55.4225
-55.6255
-55.8268
-56.0264
-56.2242
-56.4204
-56.6148
-56.8075
-56.9986
-57.188
-57.3757
-57.5618
-57.7463
-57.9291
-58.1104
-58.29
-58.4681
-58.6446
-58.8196
-58.993
-59.1649
-59.3353
-59.5041
-59.6715
-59.8374
-60.0019
-60.1649
-60.3265
-60.4867
-60.6454
-60.8028
-60.9588
-61.1134
-61.2666
-61.4186
-61.5692
-61.7185
-61.8665
-62.0132
-62.1586
-62.3028
-62.4457
-62.5874
-62.7279
-62.8672
-63.0052
-63.1421
-63.2778
-63.4124
-63.5458
-63.6781
-63.8092
-63.9393
-64.0682
-64.1961
-64.3228
-64.4486
-64.5732
-64.6968
-64.8194
-64.941
-65.0615
-65.1811
-65.2996
-65.4172
-65.5338
-65.6495
-65.7642
-65.8779
-65.9907
-66.1027
-66.2136
-66.3237
-66.4329
-66.5412
-66.6487
-66.7552
-66.8609
-66.9658
-67.0697
-67.1729
-67.2752
-67.3767
-67.4774
-67.5773
-67.6764
-67.7747
-67.8722
-67.9689
-68.0649
-68.1601
-68.2545
-68.3482
-68.4411
-68.5333
-68.6248
-68.7155
-68.8055
-68.8948
-68.9834
-69.0713
-69.1585
-69.245
-69.3308
-69.4159
-69.5004
-69.5841
-69.6673
-69.7497
-69.8315
-69.9126
-69.9931
-70.073
-70.1522
-70.2308
-70.3088
-70.3861
-70.4629
-70.539
-70.6145
-70.6894
-70.7637
-70.8374
-70.9106
-70.9831
-71.0551
-71.1265
-71.1973
-71.2675
-71.3372
-71.4064
-71.4749
-71.543
-71.6104
-71.6774
-71.7438
-71.8096
-71.8749
-71.9397
-72.004
-72.0678
-72.131
-72.1937
-72.2559
-72.3176
-72.3789
-72.4396
-72.4998
-72.5595
-72.6187
-72.6775
-72.7358
-72.7935
-72.8509
-72.9077
-72.9641
-73.02
-73.0754
-73.1304
-73.185
-73.2391
-73.2927
-73.3459
-73.3987
-73.451
-73.5028
-73.5543
-73.6053
-73.6559
-73.706
-73.7558
-73.8051
-73.854
-73.9025
-73.9506
-73.9983
-74.0455
-74.0924
-74.1389
-74.185
-74.2307
-74.276
-74.3209
-74.3654
-74.4096
-74.4533
-74.4967
-74.5397
-74.5824
-74.6247
-74.6666
-74.7081
-74.7493
-74.7901
-74.8306
-74.8707
-74.9105
-74.9499
-74.989
-75.0278
-75.0662
-75.1042
-75.142
-75.1793
-75.2164
-75.2531
-75.2896
-75.3256
-75.3614
-75.3969
-75.432
-75.4668
-75.5013
-75.5355
-75.5694
-75.603
-75.6363
-75.6692
-75.7019
-75.7343
-75.7664
-75.7982
-75.8297
-75.861
-75.8919
-75.9226
-75.953
-75.9831
-76.0129
-76.0425
-76.0717
-76.1008
-76.1295
-76.158
-76.1862
-76.2141
-76.2418
-76.2693
-76.2965
-76.3234
-76.3501
-76.3765
-76.4027
-76.4286
-76.4543
-76.4797
-76.5049
-76.5299
-76.5546
-76.5791
-76.6034
-76.6274
-76.6512
-76.6748
-76.6981
-76.7213
-76.7442
-76.7668
-76.7893
-76.8115
-76.8336
-76.8554
-76.877
-76.8984
-76.9195
-76.9405
-76.9613
-76.9818
-77.0022
-77.0223
-77.0423
-77.062
-77.0816
-77.101
-77.1201
-77.1391
-77.1579
-77.1765
-77.1949
-77.2131
-77.2311
-77.249
-77.2666
-77.2841
-77.3014
-77.3185
-77.3355
-77.3522
-77.3688
-77.3852
-77.4015
-77.4175
-77.4334
-77.4492
-77.4647
-77.4801
-77.4953
-77.5104
-77.5253
-77.54
-77.5546
-77.569
-77.5833
-77.5974
-77.6113
-77.6251
-77.6387
-77.6522
-77.6655
-77.6787
-77.6917
-77.7046
-77.7173
-77.7299
-77.7423
-77.7546
-77.7667
-77.7787
-77.7906
-77.8023
-77.8138
-77.8253
-77.8366
-77.8477
-77.8587
-77.8696
-77.8803
-77.891
-77.9014
-77.9118
-77.922
-77.9321
-77.942
-77.9518
-77.9615
-77.9711
-77.9805
-77.9899
-77.999
-78.0081
-78.017
-78.0259
-78.0346
-78.0431
-78.0516
-78.0599
-78.0681
-78.0762
-78.0842
-78.0921
-78.0998
-78.1075
-78.115
-78.1224
-78.1297
-78.1369
-78.144
-78.1509
-78.1578
-78.1645
-78.1711
-78.1777
-78.1841
-78.1904
-78.1966
-78.2027
-78.2087
-78.2146
-78.2204
-78.2261
-78.2316
-78.2371
-78.2425
-78.2478
-78.253
-78.258
-78.263
-78.2679
-78.2727
-78.2774
-78.282
-78.2865
-78.2909
-78.2952
-78.2994
-78.3036
-78.3076
-78.3115
-78.3154
-78.3192
-78.3228
-78.3264
-78.3299
-78.3333
-78.3366
-78.3398
-78.343
-78.346
-78.349
-78.3519
-78.3547
-78.3574
-78.36
-78.3626
-78.365
-78.3674
-78.3697
-78.3719
-78.374
-78.3761
-78.3781
-78.38
-78.3818
-78.3835
-78.3852
-78.3868
-78.3883
-78.3897
-78.391
-78.3923
-78.3935
-78.3946
-78.3957
-78.3966
-78.3975
-78.3984
-78.3991
-78.3998
-78.4004
-78.4009
-78.4014
-78.4018
-78.4021
-78.4024
-78.4025
-78.4027
-78.4027
-78.4027
-78.4026
-78.4024
-78.4022
-78.4019
-78.4015
-78.4011
-78.4006
-78.4001
-78.3994
-78.3987
-78.398
-78.3972
-78.3963
-78.3953
-78.3943
-78.3932
-78.3921
-78.3909
-78.3897
-78.3883
-78.3869
-78.3855
-78.384
-78.3824
-78.3808
-78.3791
-78.3774
-78.3756
-78.3737
-78.3718
-78.3698
-78.3678
-78.3657
-78.3635
-78.3613
-78.3591
-78.3568
-78.3544
-78.352
-78.3495
-78.3469
-78.3443
-78.3417
-78.339
-78.3362
-78.3334
-78.3305
-78.3276
-78.3246
-78.3216
-78.3185
-78.3154
-78.3122
-78.309
-78.3057
-78.3024
-78.299
-78.2956
-78.2921
-78.2885
-78.2849
-78.2813
-78.2776
-78.2739
-78.2701
-78.2663
-78.2624
-78.2585
-78.2545
-78.2505
-78.2464
-78.2423
-78.2381
-78.2339
-78.2296
-78.2253
-78.221
-78.2166
-78.2121
-78.2076
-78.2031
-78.1985
-78.1939
-78.1892
-78.1845
-78.1798
-78.175
-78.1701
-78.1652
-78.1603
-78.1553
-78.1503
-78.1452
-78.1401
-78.135
-78.1298
-78.1246
-78.1193
-78.114
-78.1086
-78.1032
-78.0978
-78.0923
-78.0868
-78.0812
-78.0756
-78.07
-78.0643
-78.0586
-78.0528
-78.047
-78.0412
-78.0353
-78.0294
-78.0235
-78.0175
-78.0114
-78.0054
-77.9993
-77.9931
-77.9869
-77.9807
-77.9745
-77.9682
-77.9618
-77.9555
-77.9491
-77.9426
-77.9362
-77.9296
-77.9231
-77.9165
-77.9099
-77.9032
-77.8965
-77.8898
-77.8831
-77.8763
-77.8694
-77.8626
-77.8557
-77.8487
-77.8418
-77.8348
-77.8277
-77.8206
-77.8135
-77.8064
-77.7992
-77.792
-77.7848
-77.7775
-77.7702
-77.7629
-77.7555
-77.7481
-77.7407
-77.7332
-77.7257
-77.7182
-77.7106
-77.703
-77.6954
-77.6878
-77.6801
-77.6724
-77.6646
-77.6568
-77.649
-77.6412
-77.6333
-77.6254
-77.6175
-77.6095
-77.6015
-77.5935
-77.5855
-77.5774
-77.5693
-77.5611
-77.553
-77.5448
-77.5365
-77.5283
-77.52
-77.5117
-77.5033
-77.495
-77.4866
-77.4782
-77.4697
-77.4612
-77.4527
-77.4442
-77.4356
-77.427
-77.4184
-77.4097
-77.4011
-77.3924
-77.3836
-77.3749
-77.3661
-77.3573
-77.3485
-77.3396
-77.3307
-77.3218
-77.3129
-77.3039
-77.2949
-77.2859
-77.2768
-77.2678
-77.2587
-77.2495
-77.2404
-77.2312
-77.222
-77.2128
-77.2036
-77.1943
-77.185
-77.1757
-77.1663
-77.157
-77.1476
-77.1382
-77.1287
-77.1193
-77.1098
-77.1002
-77.0907
-77.0812
-77.0716
-77.062
-77.0523
-77.0427
-77.033
-77.0233
-77.0136
-77.0038
-76.9941
-76.9843
-76.9744
-76.9646
-76.9547
-76.9449
-76.935
-76.925
-76.9151
-76.9051
-76.8951
-76.8851
-76.8751
-76.865
-76.8549
-76.8448
-76.8347
-76.8246
-76.8144
-76.8042
-76.794
-76.7838
-76.7735
-76.7632
-76.753
-76.7426
-76.7323
-76.722
-76.7116
-76.7012
-76.6908
-76.6803
-76.6699
-76.6594
-76.6489
-76.6384
-76.6279
-76.6173
-76.6067
-76.5961
-76.5855
-76.5749
-76.5642
-76.5536
-76.5429
-76.5322
-76.5214
-76.5107
-76.4999
-76.4891
-76.4783
-76.4675
-76.4567
-76.4458
-76.4349
-76.424
-76.4131
-76.4022
-76.3912
-76.3803
-76.3693
-76.3583
-76.3473
-76.3362
-76.3252
-76.3141
-76.303
-76.2919
-76.2807
-76.2696
-76.2584
-76.2473
-76.2361
-76.2248
-76.2136
-76.2024
-76.1911
-76.1798
-76.1685
-76.1572
-76.1459
-76.1345
-76.1231
-76.1118
-76.1004
-76.0889
-76.0775
-76.0661
-76.0546
-76.0431
-76.0316
-76.0201
-76.0086
-75.997
-75.9855
-75.9739
-75.9623
-75.9507
-75.9391
-75.9274
-75.9158
-75.9041
-75.8924
-75.8807
-75.869
-75.8573
-75.8455
-75.8338
-75.822
-75.8102
-75.7984
-75.7866
-75.7748
-75.7629
-75.751
-75.7392
-75.7273
-75.7154
-75.7034
-75.6915
-75.6796
-75.6676
-75.6556
-75.6436
-75.6316
-75.6196
-75.6076
-75.5955
-75.5835
-75.5714
-75.5593
-75.5472
-75.5351
-75.5229
-75.5108
-75.4987
-75.4865
-75.4743
-75.4621
-75.4499
-75.4377
-75.4254
-75.4132
-75.4009
-75.3887
-75.3764
-75.3641
-75.3518
-75.3394
-75.3271
-75.3147
-75.3024
-75.29
-75.2776
-75.2652
-75.2528
-75.2404
-75.2279
-75.2155
-75.203
-75.1906
-75.1781
-75.1656
-75.1531
-75.1405
-75.128
-75.1155
-75.1029
-75.0903
-75.0778
-75.0652
-75.0526
-75.0399
-75.0273
-75.0147
-75.002
-74.9894
-74.9767
-74.964
-74.9513
-74.9386
-74.9259
-74.9132
-74.9004
-74.8877
-74.8749
-74.8622
-74.8494
-74.8366
-74.8238
-74.811
-74.7981
-74.7853
-74.7725
-74.7596
-74.7467
-74.7339
-74.721
-74.7081
-74.6952
-74.6822
-74.6693
-74.6564
-74.6434
-74.6305
-74.6175
-74.6045
-74.5915
-74.5785
-74.5655
-74.5525
-74.5395
-74.5264
-74.5134
-74.5003
-74.4873
-74.4742
-74.4611
-74.448
-74.4349
-74.4218
-74.4087
-74.3955
-74.3824
-74.3692
-74.3561
-74.3429
-74.3297
-74.3165
-74.3033
-74.2901
-74.2769
-74.2637
-74.2504
-74.2372
-74.224
-74.2107
-74.1974
-74.1841
-74.1709
-74.1576
-74.1443
-74.131
-74.1176
-74.1043
-74.091
-74.0776
-74.0643
-74.0509
-74.0375
-74.0242
-74.0108
-73.9974
-73.984
-73.9706
-73.9571
-73.9437
-73.9303
-73.9168
-73.9034
-73.8899
-73.8765
-73.863
-73.8495
-73.836
-73.8225
-73.809
-73.7955
-73.782
-73.7684
-73.7549
-73.7414
-73.7278
-73.7143
-73.7007
-73.6871
-73.6735
-73.6599
-73.6464
-73.6328
-73.6191
-73.6055
-73.5919
-73.5783
-73.5646
-73.551
-73.5373
-73.5237
-73.51
-73.4963
-73.4827
-73.469
-73.4553
-73.4416
-73.4279
-73.4142
-73.4004
-73.3867
-73.373
-73.3593
-73.3455
-73.3318
-73.318
-73.3042
-73.2905
-73.2767
-73.2629
-73.2491
-73.2353
-73.2215
-73.2077
-73.1939
-73.1801
-73.1662
-73.1524
-73.1386
-73.1247
-73.1109
-73.097
-73.0831
-73.0693
-73.0554
-73.0415
-73.0276
-73.0137
-72.9998
-72.9859
-72.972
-72.9581
-72.9442
-72.9303
-72.9163
-72.9024
-72.8885
-72.8745
-72.8605
-72.8466
-72.8326
-72.8187
-72.8047
-72.7907
-72.7767
-72.7627
-72.7487
-72.7347
-72.7207
-72.7067
-72.6927
-72.6787
-72.6646
-72.6506
-72.6366
-72.6225
-72.6085
-72.5944
-72.5804
-72.5663
-72.5522
-72.5382
-72.5241
-72.51
-72.4959
-72.4818
-72.4677
-72.4536
-72.4395
-72.4254
-72.4113
-72.3972
-72.3831
-72.369
-72.3548
-72.3407
-72.3265
-72.3124
-72.2983
-72.2841
-72.2699
-72.2558
-72.2416
-72.2274
-72.2133
-72.1991
-72.1849
-72.1707
-72.1565
-72.1423
-72.1281
-72.1139
-72.0997
-72.0855
-72.0713
-72.0571
-72.0429
-72.0286
-72.0144
-72.0002
-71.9859
-71.9717
-71.9575
-71.9432
-71.929
-71.9147
-71.9004
-71.8862
-71.8719
-71.8576
-71.8434
-71.8291
-71.8148
-71.8005
-71.7862
-71.7719
-71.7577
-71.7434
-71.7291
-71.7148
-71.7004
-71.6861
-71.6718
-71.6575
-71.6432
-71.6289
-71.6145
-71.6002
-71.5859
-71.5715
-71.5572
-71.5429
-71.5285
-71.5142
-71.4998
-71.4855
-71.4711
-71.4567
-71.4424
-71.428
-71.4136
-71.3993
-71.3849
-71.3705
-71.3562
-71.3418
-71.3274
-71.313
-71.2986
-71.2842
-71.2698
-71.2554
-71.241
-71.2266
-71.2122
-71.1978
-71.1834
-71.169
-71.1546
-71.1402
-71.1257
-71.1113
-71.0969
-71.0825
-71.068
-71.0536
-71.0392
-71.0247
-71.0103
-70.9959
-70.9814
-70.967
-70.9525
-70.9381
-70.9236
-70.9092
-70.8947
-70.8803
-70.8658
-70.8514
-70.8369
-70.8224
-70.808
-70.7935
-70.779
-70.7646
-70.7501
-70.7356
-70.7211
-70.7067
-70.6922
-70.6777
-70.6632
-70.6487
-70.6343
-70.6198
-70.6053
-70.5908
-70.5763
-70.5618
-70.5473
-70.5328
-70.5183
-70.5038
-70.4893
-70.4748
-70.4603
-70.4458
-70.4313
-70.4168
-70.4023
-70.3878
-70.3732
-70.3587
-70.3442
-70.3297
-70.3152
-70.3007
-70.2862
-70.2716
-70.2571
-70.2426
-70.2281
-70.2135
-70.199
-70.1845
-70.17
-70.1554
-70.1409
-70.1264
-70.1118
-70.0973
-70.0828
-70.0682
-70.0537
-70.0392
-70.0246
-70.0101
-69.9956
-69.981
-69.9665
-69.9519
-69.9374
-69.9229
-69.9083
-69.8938
-69.8792
-69.8647
-69.8502
-69.8356
-69.8211
-69.8065
-69.792
-69.7774
-69.7629
-69.7483
-69.7338
-69.7192
-69.7047
-69.6901
-69.6756
-69.661
-69.6465
-69.6319
-69.6174
-69.6028
-69.5883
-69.5737
-69.5592
-69.5446
-69.5301
-69.5155
-69.501
-69.4864
-69.4719
-69.4573
-69.4428
-69.4282
-69.4137
-69.3991
-69.3845
-69.37
-69.3554
-69.3409
-69.3263
-69.3118
-69.2972
-69.2827
-69.2681
-69.2536
-69.239
-69.2245
-69.2099
-69.1954
-69.1808
-69.1663
-69.1517
-69.1372
-69.1226
-69.1081
-69.0935
-69.079
-69.0644
-69.0499
-69.0353
-69.0208
-69.0062
-68.9917
-68.9771
-68.9626
-68.9481
-68.9335
-68.919
-68.9044
-68.8899
-68.8753
-68.8608
-68.8463
-68.8317
-68.8172
-68.8026
-68.7881
-68.7736
-68.759
-68.7445
-68.73
-68.7154
-68.7009
-68.6864
-68.6718
-68.6573
-68.6428
-68.6282
-68.6137
-68.5992
-68.5847
-68.5701
-68.5556
-68.5411
-68.5266
-68.512
-68.4975
-68.483
-68.4685
-68.454
-68.4394
-68.4249
-68.4104
-68.3959
-68.3814
-68.3669
-68.3524
-68.3379
-68.3234
-68.3089
-68.2944
-68.2798
-68.2653
-68.2508
-68.2363
-68.2218
-68.2074
-68.1929
-68.1784
-68.1639
-68.1494
-68.1349
-68.1204
-68.1059
-68.0914
-68.0769
-68.0625
-68.048
-68.0335
-68.019
-68.0045
-67.9901
-67.9756
-67.9611
-67.9467
-67.9322
-67.9177
-67.9033
-67.8888
-67.8743
-67.8599
-67.8454
-67.831
-67.8165
-67.802
-67.7876
-67.7731
-67.7587
-67.7442
-67.7298
-67.7154
-67.7009
-67.6865
-67.672
-67.6576
-67.6432
-67.6287
-67.6143
-67.5999
-67.5855
-67.571
-67.5566
-67.5422
-67.5278
-67.5134
-67.4989
-67.4845
-67.4701
-67.4557
-67.4413
-67.4269
-67.4125
-67.3981
-67.3837
-67.3693
-67.3549
-67.3405
-67.3261
-67.3118
-67.2974
-67.283
-67.2686
-67.2542
-67.2399
-67.2255
-67.2111
-67.1967
-67.1824
-67.168
-67.1537
-67.1393
-67.1249
-67.1106
-67.0962
-67.0819
-67.0675
-67.0532
-67.0388
-67.0245
-67.0102
-66.9958
-66.9815
-66.9672
-66.9529
-66.9385
-66.9242
-66.9099
-66.8956
-66.8813
-66.8669
-66.8526
-66.8383
-66.824
-66.8097
-66.7954
-66.7811
-66.7668
-66.7525
-66.7383
-66.724
-66.7097
-66.6954
-66.6811
-66.6669
-66.6526
-66.6383
-66.6241
-66.6098
-66.5955
-66.5813
-66.567
-66.5528
-66.5385
-66.5243
-66.51
-66.4958
-66.4816
-66.4673
-66.4531
-66.4389
-66.4246
-66.4104
-66.3962
-66.382
-66.3678
-66.3536
-66.3394
-66.3252
-66.311
-66.2968
-66.2826
-66.2684
-66.2542
-66.24
-66.2258
-66.2116
-66.1975
-66.1833
-66.1691
-66.155
-66.1408
-66.1266
-66.1125
-66.0983
-66.0842
-66.07
-66.0559
-66.0417
-66.0276
-66.0135
-65.9993
-65.9852
-65.9711
-65.957
-65.9429
-65.9287
-65.9146
-65.9005
-65.8864
-65.8723
-65.8582
-65.8441
-65.83
-65.816
-65.8019
-65.7878
-65.7737
-65.7597
-65.7456
-65.7315
-65.7175
-65.7034
-65.6893
-65.6753
-65.6612
-65.6472
-65.6332
-65.6191
-65.6051
-65.5911
-65.577
-65.563
-65.549
-65.535
-65.521
-65.507
-65.493
-65.479
-65.465
-65.451
-65.437
-65.423
-65.409
-65.395
-65.3811
-65.3671
-65.3531
-65.3392
-65.3252
-65.3113
-65.2973
-65.2834
-65.2694
-65.2555
-65.2415
-65.2276
-65.2137
-65.1998
-65.1858
-65.1719
-65.158
-65.1441
-65.1302
-65.1163
-65.1024
-65.0885
-65.0746
-65.0607
-65.0468
-65.033
-65.0191
-65.0052
-64.9914
-64.9775
-64.9636
-64.9498
-64.9359
-64.9221
-64.9083
-64.8944
-64.8806
-64.8668
-64.8529
-64.8391
-64.8253
-64.8115
-64.7977
-64.7839
-64.7701
-64.7563
-64.7425
-64.7287
-64.7149
-64.7012
-64.6874
-64.6736
-64.6598
-64.6461
-64.6323
-64.6186
-64.6048
-64.5911
-64.5773
-64.5636
-64.5499
-64.5362
-64.5224
-64.5087
-64.495
-64.4813
-64.4676
-64.4539
-64.4402
-64.4265
-64.4128
-64.3991
-64.3854
-64.3718
-64.3581
-64.3444
-64.3308
-64.3171
-64.3035
-64.2898
-64.2762
-64.2625
-64.2489
-64.2353
-64.2216
-64.208
-64.1944
-64.1808
-64.1672
-64.1536
-64.14
-64.1264
-64.1128
-64.0992
-64.0856
-64.0721
-64.0585
-64.0449
-64.0314
-64.0178
-64.0043
-63.9907
-63.9772
-63.9636
-63.9501
-63.9366
-63.923
-63.9095
-63.896
-63.8825
-63.869
-63.8555
-63.842
-63.8285
-63.815
-63.8015
-63.788
-63.7746
-63.7611
-63.7476
-63.7342
-63.7207
-63.7073
-63.6938
-63.6804
-63.6669
-63.6535
-63.6401
-63.6267
-63.6132
-63.5998
-63.5864
-63.573
-63.5596
-63.5462
-63.5328
-63.5195
-63.5061
-63.4927
-63.4793
-63.466
-63.4526
-63.4393
-63.4259
-63.4126
-63.3992
-63.3859
-63.3726
-63.3592
-63.3459
-63.3326
-63.3193
-63.306
-63.2927
-63.2794
-63.2661
-63.2528
-63.2395
-63.2263
-63.213
-63.1997
-63.1865
-63.1732
-63.16
-63.1467
-63.1335
-63.1202
-63.107
-63.0938
-63.0806
-63.0674
-63.0541
-63.0409
-63.0277
-63.0145
-63.0014
-62.9882
-62.975
-62.9618
-62.9486
-62.9355
-62.9223
-62.9092
-62.896
-62.8829
-62.8697
-62.8566
-62.8435
-62.8303
-62.8172
-62.8041
-62.791
-62.7779
-62.7648
-62.7517
-62.7386
-62.7255
-62.7125
-62.6994
-62.6863
-62.6732
-62.6602
-62.6471
-62.6341
-62.621
-62.608
-62.595
-62.5819
-62.5689
-62.5559
-62.5429
-62.5299
-62.5169
-62.5039
-62.4909
-62.4779
-62.4649
-62.452
-62.439
-62.426
-62.4131
-62.4001
-62.3872
-62.3742
-62.3613
-62.3484
-62.3354
-62.3225
-62.3096
-62.2967
-62.2838
-62.2709
-62.258
-62.2451
-62.2322
-62.2193
-62.2064
-62.1936
-62.1807
-62.1678
-62.155
-62.1421
-62.1293
-62.1165
-62.1036
-62.0908
-62.078
-62.0652
-62.0523
-62.0395
-62.0267
-62.0139
-62.0011
-61.9884
-61.9756
-61.9628
-61.95
-61.9373
-61.9245
-61.9118
-61.899
-61.8863
-61.8735
-61.8608
-61.8481
-61.8353
-61.8226
-61.8099
-61.7972
-61.7845
-61.7718
-61.7591
-61.7464
-61.7338
-61.7211
-61.7084
-61.6958
-61.6831
-61.6705
-61.6578
-61.6452
-61.6325
-61.6199
-61.6073
-61.5947
-61.582
-61.5694
-61.5568
-61.5442
-61.5316
-61.5191
-61.5065
-61.4939
-61.4813
-61.4688
-61.4562
-61.4436
-61.4311
-61.4185
-61.406
-61.3935
-61.3809
-61.3684
-61.3559
-61.3434
-61.3309
-61.3184
-61.3059
-61.2934
-61.2809
-61.2684
-61.256
-61.2435
-61.231
-61.2186
-61.2061
-61.1937
-61.1812
-61.1688
-61.1564
-61.1439
-61.1315
-61.1191
-61.1067
-61.0943
-61.0819
-61.0695
-61.0571
-61.0447
-61.0323
-61.02
-61.0076
-60.9952
-60.9829
-60.9705
-60.9582
-60.9458
-60.9335
-60.9212
-60.9089
-60.8965
-60.8842
-60.8719
-60.8596
-60.8473
-60.835
-60.8227
-60.8105
-60.7982
-60.7859
-60.7737
-60.7614
-60.7491
-60.7369
-60.7247
-60.7124
-60.7002
-60.688
-60.6757
-60.6635
-60.6513
-60.6391
-60.6269
-60.6147
-60.6025
-60.5903
-60.5782
-60.566
-60.5538
-60.5417
-60.5295
-60.5174
-60.5052
-60.4931
-60.4809
-60.4688
-60.4567
-60.4446
-60.4324
-60.4203
-60.4082
-60.3961
-60.384
-60.372
-60.3599
-60.3478
-60.3357
-60.3237
-60.3116
-60.2995
-60.2875
-60.2754
-60.2634
-60.2514
-60.2393
-60.2273
-60.2153
-60.2033
-60.1913
-60.1793
-60.1673
-60.1553
-60.1433
-60.1313
-60.1193
-60.1074
-60.0954
-60.0834
-60.0715
-60.0595
-60.0476
-60.0357
-60.0237
-60.0118
-59.9999
-59.988
-59.976
-59.9641
-59.9522
-59.9403
-59.9284
-59.9166
-59.9047
-59.8928
-59.8809
-59.8691
-59.8572
-59.8453
-59.8335
-59.8217
-59.8098
-59.798
-59.7861
-59.7743
-59.7625
-59.7507
-59.7389
-59.7271
-59.7153
-59.7035
-59.6917
-59.6799
-59.6681
-59.6564
-59.6446
-59.6328
-59.6211
-59.6093
-59.5976
-59.5858
-59.5741
-59.5624
-59.5506
-59.5389
-59.5272
-59.5155
-59.5038
-59.4921
-59.4804
-59.4687
-59.457
-59.4453
-59.4337
-59.422
-59.4103
-59.3987
-59.387
-59.3754
-59.3637
-59.3521
-59.3404
-59.3288
-59.3172
-59.3056
-59.2939
-59.2823
-59.2707
-59.2591
-59.2475
-59.2359
-59.2244
-59.2128
-59.2012
-59.1896
-59.1781
-59.1665
-59.1549
-59.1434
-59.1318
-59.1203
-59.1088
-59.0972
-59.0857
-59.0742
-59.0627
-59.0511
-59.0396
-59.0281
-59.0166
-59.0051
-58.9937
-58.9822
-58.9707
-58.9592
-58.9477
-58.9363
-58.9248
-58.9134
-58.9019
-58.8905
-58.879
-58.8676
-58.8562
-58.8447
-58.8333
-58.8219
-58.8105
-58.7991
-58.7877
-58.7763
-58.7649
-58.7535
-58.7421
-58.7307
-58.7193
-58.708
-58.6966
-58.6852
-58.6739
-58.6625
-58.6512
-58.6398
-58.6285
-58.6172
-58.6058
-58.5945
-58.5832
-58.5719
-58.5606
-58.5493
-58.538
-58.5267
-58.5154
-58.5041
-58.4928
-58.4815
-58.4703
-58.459
-58.4477
-58.4365
-58.4252
-58.4139
-58.4027
-58.3914
-58.3802
-58.369
-58.3577
-58.3465
-58.3353
-58.3241
-58.3129
-58.3016
-58.2904
-58.2792
-58.268
-58.2569
-58.2457
-58.2345
-58.2233
-58.2121
-58.201
-58.1898
-58.1786
-58.1675
-58.1563
-58.1452
-58.134
-58.1229
-58.1117
-58.1006
-58.0895
-58.0783
-58.0672
-58.0561
-58.045
-58.0339
-58.0228
-58.0117
-58.0006
-57.9895
-57.9784
-57.9673
-57.9562
-57.9451
-57.9341
-57.923
-57.9119
-57.9009
-57.8898
-57.8787
-57.8677
-57.8566
-57.8456
-57.8346
-57.8235
-57.8125
-57.8015
-57.7904
-57.7794
-57.7684
-57.7574
-57.7464
-57.7354
-57.7244
-57.7134
-57.7024
-57.6914
-57.6804
-57.6694
-57.6584
-57.6475
-57.6365
-57.6255
-57.6146
-57.6036
-57.5926
-57.5817
-57.5707
-57.5598
-57.5488
-57.5379
-57.527
-57.516
-57.5051
-57.4942
-57.4833
-57.4723
-57.4614
-57.4505
-57.4396
-57.4287
-57.4178
-57.4069
-57.396
-57.3851
-57.3742
-57.3633
-57.3524
-57.3416
-57.3307
-57.3198
-57.3089
-57.2981
-57.2872
-57.2763
-57.2655
-57.2546
-57.2438
-57.2329
-57.2221
-57.2112
-57.2004
-57.1896
-57.1787
-57.1679
-57.1571
-57.1462
-57.1354
-57.1246
-57.1138
-57.103
-57.0921
-57.0813
-57.0705
-57.0597
-57.0489
-57.0381
-57.0273
-57.0165
-57.0057
-56.995
-56.9842
-56.9734
-56.9626
-56.9518
-56.9411
-56.9303
-56.9195
-56.9087
-56.898
-56.8872
-56.8765
-56.8657
-56.8549
-56.8442
-56.8334
-56.8227
-56.8119
-56.8012
-56.7905
-56.7797
-56.769
-56.7583
-56.7475
-56.7368
-56.7261
-56.7153
-56.7046
-56.6939
-56.6832
-56.6725
-56.6617
-56.651
-56.6403
-56.6296
-56.6189
-56.6082
-56.5975
-56.5868
-56.5761
-56.5654
-56.5547
-56.544
-56.5333
-56.5226
-56.5119
-56.5012
-56.4906
-56.4799
-56.4692
-56.4585
-56.4478
-56.4372
-56.4265
-56.4158
-56.4051
-56.3945
-56.3838
-56.3731
-56.3625
-56.3518
-56.3411
-56.3305
-56.3198
-56.3091
-56.2985
-56.2878
-56.2772
-56.2665
-56.2559
-56.2452
-56.2346
-56.2239
-56.2133
-56.2026
-56.192
-56.1813
-56.1707
-56.16
-56.1494
-56.1387
-56.1281
-56.1174
-56.1068
-56.0962
-56.0855
-56.0749
-56.0642
-56.0536
-56.043
-56.0323
-56.0217
-56.011
-56.0004
-55.9898
-55.9791
-55.9685
-55.9579
-55.9472
-55.9366
-55.9259
-55.9153
-55.9047
-55.894
-55.8834
-55.8728
-55.8621
-55.8515
-55.8409
-55.8302
-55.8196
-55.809
-55.7983
-55.7877
-55.777
-55.7664
-55.7558
-55.7451
-55.7345
-55.7239
-55.7132
-55.7026
-55.6919
-55.6813
-55.6707
-55.66
-55.6494
-55.6387
-55.6281
-55.6174
-55.6068
-55.5962
-55.5855
-55.5749
-55.5642
-55.5536
-55.5429
-55.5323
-55.5216
-55.511
-55.5003
-55.4896
-55.479
-55.4683
-55.4577
-55.447
-55.4363
-55.4257
-55.415
-55.4043
-55.3937
-55.383
-55.3723
-55.3616
-55.351
-55.3403
-55.3296
-55.3189
-55.3082
-55.2976
-55.2869
-55.2762
-55.2655
-55.2548
-55.2441
-55.2334
-55.2227
-55.212
-55.2013
-55.1905
-55.1798
-55.1691
-55.1584
-55.1477
-55.1369
-55.1262
-55.1155
-55.1048
-55.094
-55.0833
-55.0725
-55.0618
-55.051
-55.0403
-55.0295
-55.0188
-55.008
-54.9972
-54.9864
-54.9757
-54.9649
-54.9541
-54.9433
-54.9325
-54.9217
-54.9109
-54.9001
-54.8893
-54.8785
-54.8677
-54.8569
-54.846
-54.8352
-54.8244
-54.8135
-54.8027
-54.7918
-54.781
-54.7701
-54.7593
-54.7484
-54.7375
-54.7266
-54.7158
-54.7049
-54.694
-54.6831
-54.6722
-54.6613
-54.6503
-54.6394
-54.6285
-54.6176
-54.6066
-54.5957
-54.5847
-54.5738
-54.5628
-54.5518
-54.5408
-54.5299
-54.5189
-54.5079
-54.4969
-54.4859
-54.4748
-54.4638
-54.4528
-54.4417
-54.4307
-54.4196
-54.4086
-54.3975
-54.3864
-54.3754
-54.3643
-54.3532
-54.342
-54.3309
-54.3198
-54.3087
-54.2975
-54.2864
-54.2752
-54.264
-54.2529
-54.2417
-54.2305
-54.2193
-54.208
-54.1968
-54.1856
-54.1743
-54.1631
-54.1518
-54.1405
-54.1292
-54.118
-54.1066
-54.0953
-54.084
-54.0726
-54.0613
-54.0499
-54.0386
-54.0272
-54.0158
-54.0044
-53.9929
-53.9815
-53.9701
-53.9586
-53.9471
-53.9356
-53.9241
-53.9126
-53.9011
-53.8896
-53.878
-53.8665
-53.8549
-53.8433
-53.8317
-53.8201
-53.8085
-53.7968
-53.7852
-53.7735
-53.7618
-53.7501
-53.7384
-53.7267
-53.7149
-53.7031
-53.6914
-53.6796
-53.6678
-53.6559
-53.6441
-53.6322
-53.6204
-53.6085
-53.5966
-53.5846
-53.5727
-53.5607
-53.5487
-53.5367
-53.5247
-53.5127
-53.5006
-53.4885
-53.4764
-53.4643
-53.4522
-53.44
-53.4278
-53.4156
-53.4034
-53.3912
-53.3789
-53.3666
-53.3543
-53.342
-53.3296
-53.3172
-53.3048
-53.2924
-53.2799
-53.2675
-53.2549
-53.2424
-53.2299
-53.2173
-53.2047
-53.192
-53.1794
-53.1667
-53.154
-53.1412
-53.1284
-53.1156
-53.1028
-53.09
-53.0771
-53.0642
-53.0512
-53.0382
-53.0252
-53.0122
-52.9991
-52.986
-52.9729
-52.9597
-52.9465
-52.9333
-52.92
-52.9067
-52.8933
-52.88
-52.8666
-52.8531
-52.8396
-52.8261
-52.8126
-52.799
-52.7853
-52.7717
-52.7579
-52.7442
-52.7304
-52.7165
-52.7027
-52.6887
-52.6748
-52.6607
-52.6467
-52.6326
-52.6184
-52.6042
-52.5899
-52.5756
-52.5613
-52.5468
-52.5324
-52.5179
-52.5033
-52.4887
-52.474
-52.4592
-52.4444
-52.4296
-52.4146
-52.3997
-52.3846
-52.3695
-52.3543
-52.3391
-52.3238
-52.3085
-52.293
-52.2775
-52.262
-52.2463
-52.2306
-52.2148
-52.199
-52.183
-52.167
-52.151
-52.1348
-52.1185
-52.1022
-52.0858
-52.0693
-52.0527
-52.0361
-52.0193
-52.0024
-51.9855
-51.9684
-51.9513
-51.934
-51.9167
-51.8992
-51.8816
-51.8639
-51.8461
-51.8282
-51.8102
-51.792
-51.7738
-51.7554
-51.7368
-51.7182
-51.6994
-51.6804
-51.6614
-51.6422
-51.6228
-51.6033
-51.5836
-51.5638
-51.5438
-51.5237
-51.5034
-51.4829
-51.4622
-51.4414
-51.4204
-51.3991
-51.3777
-51.3561
-51.3343
-51.3122
-51.2899
-51.2674
-51.2447
-51.2217
-51.1985
-51.175
-51.1513
-51.1273
-51.103
-51.0785
-51.0536
-51.0284
-51.003
-50.9771
-50.951
-50.9245
-50.8977
-50.8704
-50.8428
-50.8148
-50.7864
-50.7575
-50.7282
-50.6985
-50.6682
-50.6375
-50.6062
-50.5744
-50.542
-50.5091
-50.4755
-50.4413
-50.4064
-50.3708
-50.3345
-50.2975
-50.2596
-50.2209
-50.1813
-50.1408
-50.0993
-50.0568
-50.0132
-49.9684
-49.9225
-49.8753
-49.8267
-49.7767
-49.7252
-49.6721
-49.6173
-49.5607
-49.5021
-49.4414
-49.3785
-49.3132
-49.2453
-49.1746
-49.101
-49.0242
-48.9439
-48.8598
-48.7716
-48.6789
-48.5813
-48.4784
-48.3697
-48.2545
-48.1322
-48.0022
-47.8635
-47.7153
-47.5565
-47.386
-47.2025
-47.0045
-46.7906
-46.5589
-46.3078
-46.0354
-45.7397
-45.4188
-45.071
-44.6947
-44.2887
-43.8521
-43.3845
-42.886
-42.357
-41.7986
-41.2121
-40.599
-39.9611
-39.3002
-38.6179
-37.9158
-37.1952
-36.4575
-35.7036
-34.9342
-34.1501
-33.3516
-32.539
-31.7125
-30.8721
-30.0177
-29.1493
-28.2668
-27.3698
-26.4581
-25.5317
-24.5901
-23.6332
-22.6609
-21.6729
-20.6692
-19.6496
-18.6141
-17.5627
-16.4953
-15.4119
-14.3127
-13.1976
-12.0668
-10.9203
-9.75832
-8.58109
-7.3889
-6.18219
-4.96153
-3.72766
-2.48154
-1.22437
0.0423944
1.317
2.5974
3.88125
5.16593
6.44857
7.72609
8.99523
10.2527
11.495
12.7189
13.9212
15.0988
16.249
17.3692
18.4572
19.5112
20.5296
21.5111
22.4549
23.3603
24.227
25.0547
25.8436
26.5937
27.3056
27.9797
28.6167
29.2172
29.7822
30.3127
30.8098
31.2746
31.7085
32.1127
32.4888
32.838
33.1618
33.4616
33.7388
33.9945
34.2301
34.4465
34.6448
34.8258
34.9904
35.1391
35.2727
35.3915
35.4959
35.5865
35.6633
35.7268
35.777
35.8144
35.8389
35.851
35.8506
35.8382
35.8139
35.7779
35.7305
35.6719
35.6023
35.5221
35.4313
35.3302
35.2191
35.0979
34.967
34.8263
34.676
34.5162
34.3469
34.1683
33.9804
33.7832
33.5769
33.3616
33.1372
32.904
32.662
32.4113
32.1521
31.8845
31.6087
31.3247
31.0328
30.733
30.4257
30.1109
29.7888
29.4597
29.1238
28.7812
28.4322
28.0771
27.716
27.3492
26.9768
26.5993
26.2168
25.8295
25.4377
25.0417
24.6416
24.2377
23.8303
23.4196
23.0057
22.5889
22.1695
21.7474
21.3231
20.8966
20.468
20.0376
19.6055
19.1718
18.7366
18.3002
17.8625
17.4237
16.9839
16.5432
16.1017
15.6596
15.2168
14.7736
14.33
13.886
13.4419
12.9976
12.5532
12.1088
11.6646
11.2205
10.7767
10.3332
9.89008
9.44741
9.00526
8.56367
8.12272
7.68245
7.24292
6.80417
6.36627
5.92925
5.49316
5.05805
4.62394
4.19089
3.75892
3.32808
2.89839
2.46989
2.0426
1.61656
1.19179
0.768309
0.346145
-0.0746822
-0.494152
-0.912249
-1.32895
-1.74425
-2.15813
-2.57057
-2.98158
-3.39112
-3.7992
-4.20582
-4.61095
-5.0146
-5.41675
-5.81742
-6.21659
-6.61425
-7.01042
-7.40508
-7.79825
-8.18991
-8.58007
-8.96873
-9.3559
-9.74158
-10.1258
-10.5085
-10.8897
-11.2695
-11.6478
-12.0247
-12.4002
-12.7742
-13.1468
-13.518
-13.8878
-14.2563
-14.6234
-14.9891
-15.3536
-15.7167
-16.0785
-16.4391
-16.7984
-17.1565
-17.5134
-17.8691
-18.2235
-18.5769
-18.9291
-19.2801
-19.6301
-19.979
-20.3268
-20.6736
-21.0194
-21.3641
-21.7079
-22.0507
-22.3925
-22.7334
-23.0734
-23.4125
-23.7507
-24.0881
-24.4245
-24.7602
-25.095
-25.429
-25.7622
-26.0947
-26.4264
-26.7573
-27.0874
-27.4169
-27.7456
-28.0736
-28.4008
-28.7274
-29.0533
-29.3785
-29.703
-30.0269
-30.35
-30.6725
-30.9943
-31.3155
-31.6359
-31.9557
-32.2749
-32.5933
-32.9111
-33.2282
-33.5446
-33.8602
-34.1752
-34.4895
-34.803
-35.1158
-35.4278
-35.7391
-36.0496
-36.3593
-36.6681
-36.9762
-37.2834
-37.5897
-37.8952
-38.1997
-38.5034
-38.8061
-39.1078
-39.4085
-39.7082
-40.0069
-40.3045
-40.6011
-40.8965
-41.1908
-41.484
-41.7759
-42.0667
-42.3562
-42.6445
-42.9315
-43.2172
-43.5016
-43.7846
-44.0662
-44.3465
-44.6253
-44.9026
-45.1785
-45.4529
-45.7258
-45.9972
-46.267
-46.5352
-46.8019
-47.0669
-47.3303
-47.5921
-47.8522
-48.1106
-48.3673
-48.6223
-48.8756
-49.1272
-49.377
-49.625
-49.8713
-50.1158
-50.3585
-50.5994
-50.8385
-51.0758
-51.3113
-51.545
-51.7769
-52.0069
-52.2351
-52.4615
-52.686
-52.9088
-53.1297
-53.3488
-53.5661
-53.7816
-53.9952
-54.2071
-54.4172
-54.6255
-54.8321
-55.0368
-55.2399
-55.4411
-55.6407
-55.8385
-56.0345
-56.2289
-56.4216
-56.6126
-56.8019
-56.9896
-57.1756
-57.36
-57.5427
-57.7239
-57.9034
-58.0814
-58.2578
-58.4326
-58.6059
-58.7776
-58.9479
-59.1166
-59.2838
-59.4496
-59.6139
-59.7767
-59.9381
-60.0981
-60.2566
-60.4138
-60.5696
-60.724
-60.8771
-61.0288
-61.1791
-61.3282
-61.476
-61.6224
-61.7676
-61.9115
-62.0542
-62.1957
-62.3359
-62.4749
-62.6127
-62.7493
-62.8847
-63.019
-63.1521
-63.2841
-63.415
-63.5447
-63.6734
-63.8009
-63.9274
-64.0528
-64.1772
-64.3005
-64.4228
-64.544
-64.6643
-64.7835
-64.9017
-65.019
-65.1353
-65.2506
-65.365
-65.4785
-65.591
-65.7026
-65.8133
-65.9231
-66.0319
-66.1399
-66.2471
-66.3533
-66.4587
-66.5633
-66.667
-66.7699
-66.8719
-66.9731
-67.0736
-67.1732
-67.272
-67.37
-67.4673
-67.5638
-67.6595
-67.7544
-67.8486
-67.9421
-68.0348
-68.1268
-68.218
-68.3086
-68.3984
-68.4875
-68.5759
-68.6636
-68.7507
-68.837
-68.9226
-69.0076
-69.0919
-69.1756
-69.2586
-69.3409
-69.4226
-69.5037
-69.5841
-69.6639
-69.743
-69.8215
-69.8994
-69.9767
-70.0534
-70.1295
-70.205
-70.2799
-70.3541
-70.4279
-70.501
-70.5735
-70.6455
-70.7169
-70.7877
-70.858
-70.9277
-70.9969
-71.0655
-71.1336
-71.2011
-71.2681
-71.3346
-71.4005
-71.4659
-71.5308
-71.5951
-71.659
-71.7223
-71.7851
-71.8475
-71.9093
-71.9706
-72.0315
-72.0918
-72.1517
-72.2111
-72.27
-72.3284
-72.3863
-72.4438
-72.5008
-72.5574
-72.6135
-72.6691
-72.7243
-72.779
-72.8333
-72.8872
-72.9406
-72.9936
-73.0461
-73.0982
-73.1499
-73.2011
-73.2519
-73.3023
-73.3523
-73.4019
-73.4511
-73.4998
-73.5482
-73.5961
-73.6437
-73.6908
-73.7376
-73.7839
-73.8299
-73.8755
-73.9207
-73.9655
-74.01
-74.054
-74.0977
-74.141
-74.184
-74.2266
-74.2688
-74.3107
-74.3522
-74.3933
-74.4341
-74.4746
-74.5147
-74.5544
-74.5939
-74.6329
-74.6716
-74.71
-74.7481
-74.7858
-74.8232
-74.8603
-74.8971
-74.9335
-74.9696
-75.0054
-75.0408
-75.076
-75.1109
-75.1454
-75.1796
-75.2136
-75.2472
-75.2805
-75.3136
-75.3463
-75.3787
-75.4109
-75.4428
-75.4743
-75.5056
-75.5366
-75.5674
-75.5978
-75.628
-75.6579
-75.6875
-75.7169
-75.746
-75.7748
-75.8034
-75.8317
-75.8597
-75.8875
-75.915
-75.9423
-75.9693
-75.996
-76.0226
-76.0488
-76.0749
-76.1006
-76.1262
-76.1515
-76.1766
-76.2014
-76.226
-76.2504
-76.2745
-76.2984
-76.3221
-76.3455
-76.3688
-76.3918
-76.4146
-76.4371
-76.4595
-76.4816
-76.5036
-76.5253
-76.5468
-76.5681
-76.5892
-76.6101
-76.6308
-76.6512
-76.6715
-76.6916
-76.7115
-76.7312
-76.7507
-76.77
-76.7891
-76.808
-76.8268
-76.8453
-76.8637
-76.8818
-76.8998
-76.9176
-76.9353
-76.9527
-76.97
-76.9871
-77.004
-77.0208
-77.0374
-77.0538
-77.07
-77.0861
-77.102
-77.1177
-77.1333
-77.1487
-77.1639
-77.179
-77.1939
-77.2087
-77.2233
-77.2377
-77.252
-77.2662
-77.2801
-77.294
-77.3076
-77.3212
-77.3345
-77.3478
-77.3608
-77.3738
-77.3866
-77.3992
-77.4117
-77.4241
-77.4363
-77.4484
-77.4603
-77.4721
-77.4838
-77.4953
-77.5067
-77.5179
-77.529
-77.54
-77.5509
-77.5616
-77.5722
-77.5826
-77.593
-77.6032
-77.6132
-77.6232
-77.633
-77.6427
-77.6523
-77.6617
-77.671
-77.6802
-77.6893
-77.6983
-77.7071
-77.7159
-77.7245
-77.733
-77.7413
-77.7496
-77.7577
-77.7658
-77.7737
-77.7815
-77.7892
-77.7967
-77.8042
-77.8116
-77.8188
-77.826
-77.833
-77.8399
-77.8467
-77.8534
-77.86
-77.8665
-77.8729
-77.8792
-77.8854
-77.8915
-77.8975
-77.9034
-77.9092
-77.9149
-77.9204
-77.9259
-77.9313
-77.9366
-77.9418
-77.9469
-77.9519
-77.9568
-77.9616
-77.9664
-77.971
-77.9755
-77.98
-77.9843
-77.9886
-77.9927
-77.9968
-78.0008
-78.0047
-78.0085
-78.0122
-78.0159
-78.0194
-78.0229
-78.0263
-78.0296
-78.0328
-78.0359
-78.0389
-78.0419
-78.0448
-78.0476
-78.0503
-78.0529
-78.0554
-78.0579
-78.0603
-78.0626
-78.0648
-78.067
-78.0691
-78.071
-78.073
-78.0748
-78.0766
-78.0782
-78.0799
-78.0814
-78.0828
-78.0842
-78.0855
-78.0868
-78.0879
-78.089
-78.0901
-78.091
-78.0919
-78.0927
-78.0934
-78.0941
-78.0947
-78.0952
-78.0957
-78.096
-78.0964
-78.0966
-78.0968
-78.0969
-78.097
-78.0969
-78.0969
-78.0967
-78.0965
-78.0962
-78.0959
-78.0955
-78.095
-78.0944
-78.0938
-78.0932
-78.0924
-78.0917
-78.0908
-78.0899
-78.0889
-78.0879
-78.0868
-78.0856
-78.0844
-78.0831
-78.0818
-78.0804
-78.0789
-78.0774
-78.0759
-78.0742
-78.0725
-78.0708
-78.069
-78.0671
-78.0652
-78.0632
-78.0612
-78.0591
-78.057
-78.0548
-78.0526
-78.0502
-78.0479
-78.0455
-78.043
-78.0405
-78.0379
-78.0353
-78.0326
-78.0299
-78.0271
-78.0243
-78.0214
-78.0185
-78.0155
-78.0124
-78.0093
-78.0062
-78.003
-77.9998
-77.9965
-77.9932
-77.9898
-77.9863
-77.9828
-77.9793
-77.9757
-77.9721
-77.9684
-77.9647
-77.9609
-77.9571
-77.9533
-77.9493
-77.9454
-77.9414
-77.9373
-77.9332
-77.9291
-77.9249
-77.9207
-77.9164
-77.9121
-77.9077
-77.9033
-77.8989
-77.8944
-77.8898
-77.8852
-77.8806
-77.8759
-77.8712
-77.8665
-77.8617
-77.8568
-77.852
-77.847
-77.8421
-77.8371
-77.832
-77.8269
-77.8218
-77.8166
-77.8114
-77.8062
-77.8009
-77.7956
-77.7902
-77.7848
-77.7793
-77.7739
-77.7683
-77.7628
-77.7572
-77.7515
-77.7458
-77.7401
-77.7344
-77.7286
-77.7227
-77.7169
-77.711
-77.705
-77.6991
-77.693
-77.687
-77.6809
-77.6748
-77.6686
-77.6624
-77.6562
-77.6499
-77.6436
-77.6373
-77.6309
-77.6245
-77.618
-77.6116
-77.605
-77.5985
-77.5919
-77.5853
-77.5786
-77.572
-77.5652
-77.5585
-77.5517
-77.5449
-77.538
-77.5312
-77.5242
-77.5173
-77.5103
-77.5033
-77.4962
-77.4892
-77.4821
-77.4749
-77.4677
-77.4605
-77.4533
-77.446
-77.4387
-77.4314
-77.424
-77.4166
-77.4092
-77.4018
-77.3943
-77.3868
-77.3792
-77.3716
-77.364
-77.3564
-77.3487
-77.341
-77.3333
-77.3256
-77.3178
-77.31
-77.3021
-77.2943
-77.2864
-77.2784
-77.2705
-77.2625
-77.2545
-77.2464
-77.2384
-77.2303
-77.2221
-77.214
-77.2058
-77.1976
-77.1894
-77.1811
-77.1728
-77.1645
-77.1561
-77.1478
-77.1394
-77.131
-77.1225
-77.114
-77.1055
-77.097
-77.0884
-77.0798
-77.0712
-77.0626
-77.0539
-77.0452
-77.0365
-77.0278
-77.019
-77.0102
-77.0014
-76.9926
-76.9837
-76.9748
-76.9659
-76.957
-76.948
-76.939
-76.93
-76.921
-76.9119
-76.9028
-76.8937
-76.8846
-76.8754
-76.8662
-76.857
-76.8478
-76.8386
-76.8293
-76.82
-76.8107
-76.8013
-76.7919
-76.7825
-76.7731
-76.7637
-76.7542
-76.7447
-76.7352
-76.7257
-76.7162
-76.7066
-76.697
-76.6874
-76.6777
-76.6681
-76.6584
-76.6487
-76.6389
-76.6292
-76.6194
-76.6096
-76.5998
-76.59
-76.5801
-76.5702
-76.5603
-76.5504
-76.5405
-76.5305
-76.5205
-76.5105
-76.5005
-76.4905
-76.4804
-76.4703
-76.4602
-76.4501
-76.4399
-76.4298
-76.4196
-76.4094
-76.3991
-76.3889
-76.3786
-76.3683
-76.358
-76.3477
-76.3374
-76.327
-76.3166
-76.3062
-76.2958
-76.2853
-76.2749
-76.2644
-76.2539
-76.2434
-76.2329
-76.2223
-76.2117
-76.2011
-76.1905
-76.1799
-76.1693
-76.1586
-76.1479
-76.1372
-76.1265
-76.1158
-76.105
-76.0942
-76.0834
-76.0726
-76.0618
-76.051
-76.0401
-76.0292
-76.0183
-76.0074
-75.9965
-75.9855
-75.9746
-75.9636
-75.9526
-75.9416
-75.9306
-75.9195
-75.9084
-75.8974
-75.8863
-75.8751
-75.864
-75.8529
-75.8417
-75.8305
-75.8193
-75.8081
-75.7969
-75.7856
-75.7744
-75.7631
-75.7518
-75.7405
-75.7292
-75.7178
-75.7065
-75.6951
-75.6837
-75.6723
-75.6609
-75.6495
-75.638
-75.6266
-75.6151
-75.6036
-75.5921
-75.5806
-75.569
-75.5575
-75.5459
-75.5343
-75.5227
-75.5111
-75.4995
-75.4879
-75.4762
-75.4645
-75.4529
-75.4412
-75.4295
-75.4177
-75.406
-75.3942
-75.3825
-75.3707
-75.3589
-75.3471
-75.3353
-75.3234
-75.3116
-75.2997
-75.2878
-75.2759
-75.264
-75.2521
-75.2402
-75.2282
-75.2163
-75.2043
-75.1923
-75.1803
-75.1683
-75.1563
-75.1442
-75.1322
-75.1201
-75.1081
-75.096
-75.0839
-75.0717
-75.0596
-75.0475
-75.0353
-75.0232
-75.011
-74.9988
-74.9866
-74.9744
-74.9622
-74.9499
-74.9377
-74.9254
-74.9131
-74.9008
-74.8885
-74.8762
-74.8639
-74.8516
-74.8392
-74.8269
-74.8145
-74.8021
-74.7897
-74.7773
-74.7649
-74.7525
-74.74
-74.7276
-74.7151
-74.7026
-74.6901
-74.6776
-74.6651
-74.6526
-74.6401
-74.6275
-74.615
-74.6024
-74.5898
-74.5773
-74.5647
-74.552
-74.5394
-74.5268
-74.5142
-74.5015
-74.4888
-74.4762
-74.4635
-74.4508
-74.4381
-74.4254
-74.4126
-74.3999
-74.3872
-74.3744
-74.3616
-74.3488
-74.3361
-74.3233
-74.3104
-74.2976
-74.2848
-74.272
-74.2591
-74.2462
-74.2334
-74.2205
-74.2076
-74.1947
-74.1818
-74.1689
-74.1559
-74.143
-74.1301
-74.1171
-74.1041
-74.0912
-74.0782
-74.0652
-74.0522
-74.0391
-74.0261
-74.0131
-74
-73.987
-73.9739
-73.9609
-73.9478
-73.9347
-73.9216
-73.9085
-73.8954
-73.8822
-73.8691
-73.8559
-73.8428
-73.8296
-73.8165
-73.8033
-73.7901
-73.7769
-73.7637
-73.7505
-73.7372
-73.724
-73.7108
-73.6975
-73.6843
-73.671
-73.6577
-73.6444
-73.6312
-73.6179
-73.6045
-73.5912
-73.5779
-73.5646
-73.5512
-73.5379
-73.5245
-73.5112
-73.4978
-73.4844
-73.471
-73.4576
-73.4442
-73.4308
-73.4174
-73.404
-73.3905
-73.3771
-73.3636
-73.3502
-73.3367
-73.3232
-73.3097
-73.2963
-73.2828
-73.2693
-73.2557
-73.2422
-73.2287
-73.2152
-73.2016
-73.1881
-73.1745
-73.161
-73.1474
-73.1338
-73.1202
-73.1066
-73.093
-73.0794
-73.0658
-73.0522
-73.0386
-73.0249
-73.0113
-72.9977
-72.984
-72.9704
-72.9567
-72.943
-72.9293
-72.9157
-72.902
-72.8883
-72.8746
-72.8608
-72.8471
-72.8334
-72.8197
-72.8059
-72.7922
-72.7784
-72.7647
-72.7509
-72.7372
-72.7234
-72.7096
-72.6958
-72.682
-72.6682
-72.6544
-72.6406
-72.6268
-72.613
-72.5992
-72.5853
-72.5715
-72.5576
-72.5438
-72.5299
-72.5161
-72.5022
-72.4883
-72.4745
-72.4606
-72.4467
-72.4328
-72.4189
-72.405
-72.3911
-72.3772
-72.3632
-72.3493
-72.3354
-72.3215
-72.3075
-72.2936
-72.2796
-72.2657
-72.2517
-72.2377
-72.2238
-72.2098
-72.1958
-72.1818
-72.1678
-72.1538
-72.1398
-72.1258
-72.1118
-72.0978
-72.0838
-72.0697
-72.0557
-72.0417
-72.0276
-72.0136
-71.9996
-71.9855
-71.9714
-71.9574
-71.9433
-71.9293
-71.9152
-71.9011
-71.887
-71.8729
-71.8588
-71.8447
-71.8306
-71.8165
-71.8024
-71.7883
-71.7742
-71.7601
-71.746
-71.7318
-71.7177
-71.7036
-71.6894
-71.6753
-71.6612
-71.647
-71.6328
-71.6187
-71.6045
-71.5904
-71.5762
-71.562
-71.5478
-71.5337
-71.5195
-71.5053
-71.4911
-71.4769
-71.4627
-71.4485
-71.4343
-71.4201
-71.4059
-71.3917
-71.3775
-71.3633
-71.349
-71.3348
-71.3206
-71.3063
-71.2921
-71.2779
-71.2636
-71.2494
-71.2351
-71.2209
-71.2066
-71.1924
-71.1781
-71.1639
-71.1496
-71.1353
-71.1211
-71.1068
-71.0925
-71.0782
-71.0639
-71.0497
-71.0354
-71.0211
-71.0068
-70.9925
-70.9782
-70.9639
-70.9496
-70.9353
-70.921
-70.9067
-70.8924
-70.8781
-70.8638
-70.8494
-70.8351
-70.8208
-70.8065
-70.7921
-70.7778
-70.7635
-70.7492
-70.7348
-70.7205
-70.7061
-70.6918
-70.6775
-70.6631
-70.6488
-70.6344
-70.6201
-70.6057
-70.5914
-70.577
-70.5627
-70.5483
-70.5339
-70.5196
-70.5052
-70.4908
-70.4765
-70.4621
-70.4477
-70.4334
-70.419
-70.4046
-70.3902
-70.3759
-70.3615
-70.3471
-70.3327
-70.3183
-70.304
-70.2896
-70.2752
-70.2608
-70.2464
-70.232
-70.2176
-70.2032
-70.1888
-70.1744
-70.16
-70.1456
-70.1312
-70.1168
-70.1024
-70.088
-70.0736
-70.0592
-70.0448
-70.0304
-70.016
-70.0016
-69.9872
-69.9728
-69.9584
-69.944
-69.9296
-69.9152
-69.9007
-69.8863
-69.8719
-69.8575
-69.8431
-69.8287
-69.8143
-69.7998
-69.7854
-69.771
-69.7566
-69.7422
-69.7277
-69.7133
-69.6989
-69.6845
-69.6701
-69.6556
-69.6412
-69.6268
-69.6124
-69.598
-69.5835
-69.5691
-69.5547
-69.5403
-69.5258
-69.5114
-69.497
-69.4826
-69.4682
-69.4537
-69.4393
-69.4249
-69.4105
-69.396
-69.3816
-69.3672
-69.3528
-69.3383
-69.3239
-69.3095
-69.2951
-69.2807
-69.2662
-69.2518
-69.2374
-69.223
-69.2086
-69.1941
-69.1797
-69.1653
-69.1509
-69.1365
-69.122
-69.1076
-69.0932
-69.0788
-69.0644
-69.0499
-69.0355
-69.0211
-69.0067
-68.9923
-68.9779
-68.9635
-68.949
-68.9346
-68.9202
-68.9058
-68.8914
-68.877
-68.8626
-68.8482
-68.8338
-68.8194
-68.805
-68.7906
-68.7762
-68.7618
-68.7474
-68.733
-68.7186
-68.7042
-68.6898
-68.6754
-68.661
-68.6466
-68.6322
-68.6178
-68.6034
-68.589
-68.5746
-68.5602
-68.5458
-68.5315
-68.5171
-68.5027
-68.4883
-68.4739
-68.4595
-68.4452
-68.4308
-68.4164
-68.402
-68.3877
-68.3733
-68.3589
-68.3446
-68.3302
-68.3158
-68.3015
-68.2871
-68.2727
-68.2584
-68.244
-68.2297
-68.2153
-68.2009
-68.1866
-68.1722
-68.1579
-68.1435
-68.1292
-68.1149
-68.1005
-68.0862
-68.0718
-68.0575
-68.0432
-68.0288
-68.0145
-68.0002
-67.9858
-67.9715
-67.9572
-67.9429
-67.9285
-67.9142
-67.8999
-67.8856
-67.8713
-67.857
-67.8426
-67.8283
-67.814
-67.7997
-67.7854
-67.7711
-67.7568
-67.7425
-67.7282
-67.7139
-67.6996
-67.6854
-67.6711
-67.6568
-67.6425
-67.6282
-67.6139
-67.5997
-67.5854
-67.5711
-67.5569
-67.5426
-67.5283
-67.5141
-67.4998
-67.4856
-67.4713
-67.457
-67.4428
-67.4285
-67.4143
-67.4001
-67.3858
-67.3716
-67.3573
-67.3431
-67.3289
-67.3147
-67.3004
-67.2862
-67.272
-67.2578
-67.2435
-67.2293
-67.2151
-67.2009
-67.1867
-67.1725
-67.1583
-67.1441
-67.1299
-67.1157
-67.1015
-67.0873
-67.0732
-67.059
-67.0448
-67.0306
-67.0165
-67.0023
-66.9881
-66.974
-66.9598
-66.9456
-66.9315
-66.9173
-66.9032
-66.889
-66.8749
-66.8607
-66.8466
-66.8325
-66.8183
-66.8042
-66.7901
-66.7759
-66.7618
-66.7477
-66.7336
-66.7195
-66.7054
-66.6913
-66.6772
-66.6631
-66.649
-66.6349
-66.6208
-66.6067
-66.5926
-66.5785
-66.5644
-66.5504
-66.5363
-66.5222
-66.5082
-66.4941
-66.48
-66.466
-66.4519
-66.4379
-66.4238
-66.4098
-66.3957
-66.3817
-66.3677
-66.3537
-66.3396
-66.3256
-66.3116
-66.2976
-66.2836
-66.2695
-66.2555
-66.2415
-66.2275
-66.2135
-66.1995
-66.1856
-66.1716
-66.1576
-66.1436
-66.1296
-66.1157
-66.1017
-66.0877
-66.0738
-66.0598
-66.0459
-66.0319
-66.018
-66.004
-65.9901
-65.9761
-65.9622
-65.9483
-65.9344
-65.9204
-65.9065
-65.8926
-65.8787
-65.8648
-65.8509
-65.837
-65.8231
-65.8092
-65.7953
-65.7814
-65.7676
-65.7537
-65.7398
-65.7259
-65.7121
-65.6982
-65.6844
-65.6705
-65.6567
-65.6428
-65.629
-65.6151
-65.6013
-65.5875
-65.5736
-65.5598
-65.546
-65.5322
-65.5184
-65.5046
-65.4908
-65.477
-65.4632
-65.4494
-65.4356
-65.4218
-65.408
-65.3943
-65.3805
-65.3667
-65.353
-65.3392
-65.3255
-65.3117
-65.298
-65.2842
-65.2705
-65.2567
-65.243
-65.2293
-65.2156
-65.2019
-65.1881
-65.1744
-65.1607
-65.147
-65.1333
-65.1196
-65.106
-65.0923
-65.0786
-65.0649
-65.0512
-65.0376
-65.0239
-65.0103
-64.9966
-64.983
-64.9693
-64.9557
-64.942
-64.9284
-64.9148
-64.9012
-64.8875
-64.8739
-64.8603
-64.8467
-64.8331
-64.8195
-64.8059
-64.7923
-64.7788
-64.7652
-64.7516
-64.738
-64.7245
-64.7109
-64.6973
-64.6838
-64.6702
-64.6567
-64.6432
-64.6296
-64.6161
-64.6026
-64.5891
-64.5755
-64.562
-64.5485
-64.535
-64.5215
-64.508
-64.4945
-64.4811
-64.4676
-64.4541
-64.4406
-64.4272
-64.4137
-64.4002
-64.3868
-64.3734
-64.3599
-64.3465
-64.333
-64.3196
-64.3062
-64.2928
-64.2794
-64.2659
-64.2525
-64.2391
-64.2257
-64.2124
-64.199
-64.1856
-64.1722
-64.1588
-64.1455
-64.1321
-64.1188
-64.1054
-64.0921
-64.0787
-64.0654
-64.052
-64.0387
-64.0254
-64.0121
-63.9988
-63.9854
-63.9721
-63.9588
-63.9455
-63.9323
-63.919
-63.9057
-63.8924
-63.8792
-63.8659
-63.8526
-63.8394
-63.8261
-63.8129
-63.7996
-63.7864
-63.7732
-63.7599
-63.7467
-63.7335
-63.7203
-63.7071
-63.6939
-63.6807
-63.6675
-63.6543
-63.6411
-63.628
-63.6148
-63.6016
-63.5885
-63.5753
-63.5622
-63.549
-63.5359
-63.5227
-63.5096
-63.4965
-63.4834
-63.4702
-63.4571
-63.444
-63.4309
-63.4178
-63.4047
-63.3917
-63.3786
-63.3655
-63.3524
-63.3394
-63.3263
-63.3133
-63.3002
-63.2872
-63.2741
-63.2611
-63.2481
-63.235
-63.222
-63.209
-63.196
-63.183
-63.17
-63.157
-63.144
-63.131
-63.1181
-63.1051
-63.0921
-63.0792
-63.0662
-63.0533
-63.0403
-63.0274
-63.0144
-63.0015
-62.9886
-62.9757
-62.9627
-62.9498
-62.9369
-62.924
-62.9111
-62.8983
-62.8854
-62.8725
-62.8596
-62.8468
-62.8339
-62.821
-62.8082
-62.7953
-62.7825
-62.7697
-62.7568
-62.744
-62.7312
-62.7184
-62.7056
-62.6928
-62.68
-62.6672
-62.6544
-62.6416
-62.6288
-62.6161
-62.6033
-62.5905
-62.5778
-62.565
-62.5523
-62.5396
-62.5268
-62.5141
-62.5014
-62.4887
-62.476
-62.4632
-62.4505
-62.4378
-62.4252
-62.4125
-62.3998
-62.3871
-62.3745
-62.3618
-62.3491
-62.3365
-62.3238
-62.3112
-62.2986
-62.2859
-62.2733
-62.2607
-62.2481
-62.2355
-62.2228
-62.2103
-62.1977
-62.1851
-62.1725
-62.1599
-62.1473
-62.1348
-62.1222
-62.1097
-62.0971
-62.0846
-62.072
-62.0595
-62.047
-62.0345
-62.0219
-62.0094
-61.9969
-61.9844
-61.9719
-61.9594
-61.947
-61.9345
-61.922
-61.9095
-61.8971
-61.8846
-61.8722
-61.8597
-61.8473
-61.8349
-61.8224
-61.81
-61.7976
-61.7852
-61.7728
-61.7604
-61.748
-61.7356
-61.7232
-61.7108
-61.6984
-61.6861
-61.6737
-61.6614
-61.649
-61.6367
-61.6243
-61.612
-61.5997
-61.5873
-61.575
-61.5627
-61.5504
-61.5381
-61.5258
-61.5135
-61.5012
-61.4889
-61.4767
-61.4644
-61.4521
-61.4399
-61.4276
-61.4154
-61.4031
-61.3909
-61.3787
-61.3664
-61.3542
-61.342
-61.3298
-61.3176
-61.3054
-61.2932
-61.281
-61.2689
-61.2567
-61.2445
-61.2323
-61.2202
-61.208
-61.1959
-61.1837
-61.1716
-61.1595
-61.1474
-61.1352
-61.1231
-61.111
-61.0989
-61.0868
-61.0747
-61.0626
-61.0506
-61.0385
-61.0264
-61.0143
-61.0023
-60.9902
-60.9782
-60.9661
-60.9541
-60.9421
-60.9301
-60.918
-60.906
-60.894
-60.882
-60.87
-60.858
-60.846
-60.8341
-60.8221
-60.8101
-60.7981
-60.7862
-60.7742
-60.7623
-60.7503
-60.7384
-60.7265
-60.7145
-60.7026
-60.6907
-60.6788
-60.6669
-60.655
-60.6431
-60.6312
-60.6193
-60.6075
-60.5956
-60.5837
-60.5719
-60.56
-60.5482
-60.5363
-60.5245
-60.5127
-60.5008
-60.489
-60.4772
-60.4654
-60.4536
-60.4418
-60.43
-60.4182
-60.4064
-60.3946
-60.3829
-60.3711
-60.3593
-60.3476
-60.3358
-60.3241
-60.3123
-60.3006
-60.2889
-60.2771
-60.2654
-60.2537
-60.242
-60.2303
-60.2186
-60.2069
-60.1952
-60.1836
-60.1719
-60.1602
-60.1485
-60.1369
-60.1252
-60.1136
-60.1019
-60.0903
-60.0787
-60.067
-60.0554
-60.0438
-60.0322
-60.0206
-60.009
-59.9974
-59.9858
-59.9742
-59.9626
-59.9511
-59.9395
-59.9279
-59.9164
-59.9048
-59.8933
-59.8817
-59.8702
-59.8587
-59.8472
-59.8356
-59.8241
-59.8126
-59.8011
-59.7896
-59.7781
-59.7666
-59.7552
-59.7437
-59.7322
-59.7207
-59.7093
-59.6978
-59.6864
-59.6749
-59.6635
-59.652
-59.6406
-59.6292
-59.6178
-59.6064
-59.595
-59.5836
-59.5722
-59.5608
-59.5494
-59.538
-59.5266
-59.5152
-59.5039
-59.4925
-59.4812
-59.4698
-59.4585
-59.4471
-59.4358
-59.4244
-59.4131
-59.4018
-59.3905
-59.3792
-59.3679
-59.3566
-59.3453
-59.334
-59.3227
-59.3114
-59.3001
-59.2889
-59.2776
-59.2663
-59.2551
-59.2438
-59.2326
-59.2214
-59.2101
-59.1989
-59.1877
-59.1765
-59.1652
-59.154
-59.1428
-59.1316
-59.1204
-59.1092
-59.0981
-59.0869
-59.0757
-59.0645
-59.0534
-59.0422
-59.0311
-59.0199
-59.0088
-58.9976
-58.9865
-58.9754
-58.9642
-58.9531
-58.942
-58.9309
-58.9198
-58.9087
-58.8976
-58.8865
-58.8754
-58.8643
-58.8532
-58.8422
-58.8311
-58.82
-58.809
-58.7979
-58.7869
-58.7758
-58.7648
-58.7538
-58.7427
-58.7317
-58.7207
-58.7097
-58.6987
-58.6877
-58.6767
-58.6657
-58.6547
-58.6437
-58.6327
-58.6217
-58.6108
-58.5998
-58.5888
-58.5779
-58.5669
-58.556
-58.545
-58.5341
-58.5232
-58.5122
-58.5013
-58.4904
-58.4795
-58.4686
-58.4577
-58.4467
-58.4359
-58.425
-58.4141
-58.4032
-58.3923
-58.3814
-58.3706
-58.3597
-58.3488
-58.338
-58.3271
-58.3163
-58.3054
-58.2946
-58.2837
-58.2729
-58.2621
-58.2513
-58.2404
-58.2296
-58.2188
-58.208
-58.1972
-58.1864
-58.1756
-58.1648
-58.1541
-58.1433
-58.1325
-58.1217
-58.111
-58.1002
-58.0894
-58.0787
-58.0679
-58.0572
-58.0465
-58.0357
-58.025
-58.0143
-58.0035
-57.9928
-57.9821
-57.9714
-57.9607
-57.95
-57.9393
-57.9286
-57.9179
-57.9072
-57.8965
-57.8858
-57.8751
-57.8645
-57.8538
-57.8431
-57.8325
-57.8218
-57.8112
-57.8005
-57.7899
-57.7792
-57.7686
-57.758
-57.7473
-57.7367
-57.7261
-57.7155
-57.7049
-57.6942
-57.6836
-57.673
-57.6624
-57.6518
-57.6413
-57.6307
-57.6201
-57.6095
-57.5989
-57.5884
-57.5778
-57.5672
-57.5567
-57.5461
-57.5356
-57.525
-57.5145
-57.5039
-57.4934
-57.4828
-57.4723
-57.4618
-57.4513
-57.4407
-57.4302
-57.4197
-57.4092
-57.3987
-57.3882
-57.3777
-57.3672
-57.3567
-57.3462
-57.3357
-57.3252
-57.3148
-57.3043
-57.2938
-57.2833
-57.2729
-57.2624
-57.2519
-57.2415
-57.231
-57.2206
-57.2101
-57.1997
-57.1892
-57.1788
-57.1684
-57.1579
-57.1475
-57.1371
-57.1267
-57.1162
-57.1058
-57.0954
-57.085
-57.0746
-57.0642
-57.0538
-57.0434
-57.033
-57.0226
-57.0122
-57.0018
-56.9914
-56.981
-56.9707
-56.9603
-56.9499
-56.9395
-56.9292
-56.9188
-56.9084
-56.8981
-56.8877
-56.8774
-56.867
-56.8567
-56.8463
-56.836
-56.8256
-56.8153
-56.8049
-56.7946
-56.7843
-56.7739
-56.7636
-56.7533
-56.743
-56.7326
-56.7223
-56.712
-56.7017
-56.6914
-56.6811
-56.6708
-56.6605
-56.6502
-56.6399
-56.6296
-56.6193
-56.609
-56.5987
-56.5884
-56.5781
-56.5678
-56.5576
-56.5473
-56.537
-56.5267
-56.5165
-56.5062
-56.4959
-56.4857
-56.4754
-56.4651
-56.4549
-56.4446
-56.4343
-56.4241
-56.4138
-56.4036
-56.3933
-56.3831
-56.3728
-56.3626
-56.3523
-56.3421
-56.3319
-56.3216
-56.3114
-56.3012
-56.2909
-56.2807
-56.2705
-56.2602
-56.25
-56.2398
-56.2295
-56.2193
-56.2091
-56.1989
-56.1886
-56.1784
-56.1682
-56.158
-56.1478
-56.1376
-56.1273
-56.1171
-56.1069
-56.0967
-56.0865
-56.0763
-56.0661
-56.0559
-56.0457
-56.0355
-56.0253
-56.015
-56.0048
-55.9946
-55.9844
-55.9742
-55.964
-55.9538
-55.9436
-55.9334
-55.9232
-55.913
-55.9028
-55.8926
-55.8824
-55.8723
-55.8621
-55.8519
-55.8417
-55.8315
-55.8213
-55.8111
-55.8009
-55.7907
-55.7805
-55.7703
-55.7601
-55.7499
-55.7397
-55.7295
-55.7193
-55.7091
-55.699
-55.6888
-55.6786
-55.6684
-55.6582
-55.648
-55.6378
-55.6276
-55.6174
-55.6072
-55.597
-55.5868
-55.5766
-55.5664
-55.5562
-55.546
-55.5358
-55.5256
-55.5154
-55.5052
-55.495
-55.4848
-55.4746
-55.4644
-55.4542
-55.444
-55.4338
-55.4236
-55.4134
-55.4032
-55.393
-55.3828
-55.3726
-55.3623
-55.3521
-55.3419
-55.3317
-55.3215
-55.3112
-55.301
-55.2908
-55.2806
-55.2703
-55.2601
-55.2499
-55.2397
-55.2294
-55.2192
-55.2089
-55.1987
-55.1885
-55.1782
-55.168
-55.1577
-55.1475
-55.1372
-55.127
-55.1167
-55.1064
-55.0962
-55.0859
-55.0756
-55.0654
-55.0551
-55.0448
-55.0345
-55.0243
-55.014
-55.0037
-54.9934
-54.9831
-54.9728
-54.9625
-54.9522
-54.9419
-54.9316
-54.9213
-54.911
-54.9006
-54.8903
-54.88
-54.8697
-54.8593
-54.849
-54.8387
-54.8283
-54.818
-54.8076
-54.7973
-54.7869
-54.7765
-54.7662
-54.7558
-54.7454
-54.735
-54.7246
-54.7143
-54.7039
-54.6935
-54.6831
-54.6727
-54.6622
-54.6518
-54.6414
-54.631
-54.6206
-54.6101
-54.5997
-54.5892
-54.5788
-54.5683
-54.5579
-54.5474
-54.5369
-54.5265
-54.516
-54.5055
-54.495
-54.4845
-54.474
-54.4635
-54.453
-54.4424
-54.4319
-54.4214
-54.4108
-54.4003
-54.3897
-54.3791
-54.3686
-54.358
-54.3474
-54.3368
-54.3262
-54.3156
-54.305
-54.2944
-54.2837
-54.2731
-54.2625
-54.2518
-54.2412
-54.2305
-54.2198
-54.2091
-54.1984
-54.1877
-54.177
-54.1663
-54.1556
-54.1448
-54.1341
-54.1233
-54.1126
-54.1018
-54.091
-54.0802
-54.0694
-54.0586
-54.0478
-54.037
-54.0261
-54.0153
-54.0044
-53.9935
-53.9826
-53.9718
-53.9608
-53.9499
-53.939
-53.9281
-53.9171
-53.9062
-53.8952
-53.8842
-53.8732
-53.8622
-53.8512
-53.8402
-53.8291
-53.8181
-53.807
-53.7959
-53.7848
-53.7737
-53.7626
-53.7515
-53.7404
-53.7292
-53.718
-53.7069
-53.6957
-53.6845
-53.6732
-53.662
-53.6508
-53.6395
-53.6282
-53.6169
-53.6056
-53.5943
-53.5829
-53.5716
-53.5602
-53.5488
-53.5374
-53.526
-53.5146
-53.5031
-53.4916
-53.4801
-53.4686
-53.4571
-53.4456
-53.434
-53.4224
-53.4108
-53.3992
-53.3876
-53.3759
-53.3642
-53.3525
-53.3408
-53.3291
-53.3173
-53.3055
-53.2937
-53.2819
-53.2701
-53.2582
-53.2463
-53.2344
-53.2225
-53.2105
-53.1985
-53.1865
-53.1745
-53.1624
-53.1503
-53.1382
-53.1261
-53.114
-53.1018
-53.0896
-53.0773
-53.0651
-53.0528
-53.0405
-53.0282
-53.0158
-53.0034
-52.991
-52.9785
-52.966
-52.9535
-52.941
-52.9284
-52.9158
-52.9032
-52.8905
-52.8778
-52.8651
-52.8524
-52.8396
-52.8268
-52.8139
-52.801
-52.7881
-52.7751
-52.7622
-52.7491
-52.7361
-52.723
-52.7098
-52.6966
-52.6834
-52.6702
-52.6568
-52.6435
-52.6301
-52.6167
-52.6032
-52.5897
-52.5761
-52.5625
-52.5489
-52.5352
-52.5214
-52.5076
-52.4938
-52.4799
-52.466
-52.452
-52.4379
-52.4238
-52.4097
-52.3955
-52.3812
-52.3669
-52.3525
-52.3381
-52.3236
-52.309
-52.2944
-52.2797
-52.265
-52.2502
-52.2353
-52.2204
-52.2054
-52.1904
-52.1752
-52.16
-52.1448
-52.1295
-52.114
-52.0986
-52.083
-52.0674
-52.0517
-52.0359
-52.02
-52.0041
-51.988
-51.9719
-51.9557
-51.9394
-51.923
-51.9065
-51.8899
-51.8732
-51.8564
-51.8396
-51.8226
-51.8055
-51.7883
-51.7709
-51.7535
-51.736
-51.7183
-51.7005
-51.6826
-51.6646
-51.6464
-51.6281
-51.6097
-51.5911
-51.5724
-51.5536
-51.5346
-51.5155
-51.4962
-51.4767
-51.4571
-51.4374
-51.4174
-51.3973
-51.3771
-51.3566
-51.3359
-51.3151
-51.294
-51.2728
-51.2513
-51.2296
-51.2078
-51.1856
-51.1633
-51.1407
-51.1179
-51.0948
-51.0714
-51.0478
-51.0239
-50.9997
-50.9753
-50.9505
-50.9254
-50.9
-50.8743
-50.8482
-50.8217
-50.7949
-50.7677
-50.7401
-50.712
-50.6836
-50.6547
-50.6254
-50.5956
-50.5652
-50.5344
-50.503
-50.4711
-50.4386
-50.4055
-50.3717
-50.3373
-50.3022
-50.2664
-50.2298
-50.1924
-50.1542
-50.1151
-50.0751
-50.0341
-49.9922
-49.9491
-49.905
-49.8596
-49.813
-49.7651
-49.7158
-49.665
-49.6126
-49.5585
-49.5026
-49.4448
-49.385
-49.323
-49.2586
-49.1918
-49.1222
-49.0498
-48.9742
-48.8952
-48.8126
-48.7259
-48.635
-48.5393
-48.4385
-48.332
-48.2194
-48.0999
-47.973
-47.8379
-47.6936
-47.5393
-47.3739
-47.1961
-47.0047
-46.7982
-46.575
-46.3335
-46.0718
-45.7883
-45.481
-45.1484
-44.7887
-44.4008
-43.9836
-43.5366
-43.0595
-42.5528
-42.0172
-41.4535
-40.8634
-40.2481
-39.6094
-38.9489
-38.268
-37.5682
-36.8506
-36.1163
-35.3663
-34.6011
-33.8212
-33.0271
-32.219
-31.3969
-30.5609
-29.7109
-28.8468
-27.9684
-27.0755
-26.1679
-25.2454
-24.3078
-23.3549
-22.3864
-21.4024
-20.4026
-19.3869
-18.3555
-17.3081
-16.2448
-15.1657
-14.0708
-12.9601
-11.8338
-10.6919
-9.53472
-8.36242
-7.17536
-5.97401
-4.75895
-3.531
-2.29114
-1.04061
0.219067
1.48611
2.75843
4.03367
5.30919
6.58211
7.84938
9.10776
10.354
11.5847
12.7967
13.9867
15.152
16.2898
17.3976
18.4734
19.5152
20.5218
21.4918
22.4245
23.3192
24.1756
24.9935
25.7731
26.5144
27.2179
27.8842
28.5137
29.1073
29.6659
30.1905
30.682
31.1418
31.5711
31.9711
32.3434
32.6893
33.0101
33.3072
33.582
33.8357
34.0694
34.2842
34.481
34.6608
34.8242
34.9719
35.1045
35.2225
35.3262
35.416
35.4922
35.555
35.6047
35.6415
35.6656
35.6772
35.6766
35.6638
35.6392
35.603
35.5554
35.4966
35.427
35.3467
35.256
35.1549
35.0438
34.9228
34.792
34.6515
34.5014
34.3418
34.1729
33.9945
33.8069
33.6101
33.4041
33.1892
32.9652
32.7324
32.4909
32.2407
31.982
31.7149
31.4396
31.1561
30.8648
30.5656
30.2588
29.9447
29.6232
29.2948
28.9595
28.6176
28.2693
27.9148
27.5544
27.1882
26.8166
26.4398
26.0579
25.6713
25.2803
24.8849
24.4855
24.0824
23.6757
23.2656
22.8524
22.4364
22.0176
21.5963
21.1726
20.7468
20.3189
19.8892
19.4578
19.0248
18.5904
18.1547
17.7177
17.2796
16.8406
16.4007
15.96
15.5186
15.0767
14.6342
14.1914
13.7483
13.3049
12.8614
12.4179
11.9744
11.531
11.0877
10.6448
10.2021
9.75985
9.31803
8.87672
8.43599
7.99588
7.55646
7.11778
6.67989
6.24283
5.80665
5.37139
4.93711
4.50384
4.07161
3.64046
3.21043
2.78156
2.35386
1.92737
1.50213
1.07814
0.655447
0.234061
-0.185993
-0.604697
-1.02203
-1.43798
-1.85253
-2.26566
-2.67737
-3.08764
-3.49646
-3.90382
-4.30972
-4.71415
-5.11709
-5.51855
-5.91853
-6.31701
-6.714
-7.1095
-7.5035
-7.896
-8.28701
-8.67653
-9.06456
-9.4511
-9.83616
-10.2197
-10.6018
-10.9825
-11.3617
-11.7394
-12.1157
-12.4906
-12.864
-13.2361
-13.6067
-13.976
-14.3439
-14.7105
-15.0757
-15.4396
-15.8023
-16.1636
-16.5237
-16.8825
-17.2401
-17.5965
-17.9517
-18.3058
-18.6587
-19.0105
-19.3611
-19.7107
-20.0592
-20.4066
-20.753
-21.0984
-21.4428
-21.7863
-22.1287
-22.4702
-22.8109
-23.1506
-23.4894
-23.8273
-24.1644
-24.5006
-24.836
-25.1707
-25.5045
-25.8375
-26.1698
-26.5013
-26.832
-27.1621
-27.4914
-27.82
-28.1479
-28.4751
-28.8016
-29.1274
-29.4525
-29.777
-30.1008
-30.424
-30.7465
-31.0683
-31.3895
-31.71
-32.0299
-32.349
-32.6676
-32.9854
-33.3026
-33.6191
-33.9348
-34.2499
-34.5643
-34.878
-35.1909
-35.5031
-35.8145
-36.1251
-36.435
-36.744
-37.0522
-37.3596
-37.6661
-37.9717
-38.2765
-38.5803
-38.8832
-39.1851
-39.486
-39.7859
-40.0848
-40.3826
-40.6793
-40.975
-41.2695
-41.5628
-41.8549
-42.1459
-42.4356
-42.7241
-43.0112
-43.2971
-43.5816
-43.8648
-44.1466
-44.427
-44.706
-44.9835
-45.2595
-45.5341
-45.8071
-46.0786
-46.3485
-46.6169
-46.8837
-47.1488
-47.4123
-47.6742
-47.9344
-48.1929
-48.4498
-48.7049
-48.9583
-49.2099
-49.4598
-49.708
-49.9544
-50.199
-50.4418
-50.6828
-50.922
-51.1594
-51.395
-51.6287
-51.8606
-52.0908
-52.319
-52.5455
-52.7701
-52.9929
-53.2139
-53.4331
-53.6504
-53.8659
-54.0796
-54.2915
-54.5017
-54.71
-54.9165
-55.1213
-55.3243
-55.5256
-55.7251
-55.9229
-56.1189
-56.3132
-56.5059
-56.6968
-56.8861
-57.0737
-57.2596
-57.4439
-57.6266
-57.8076
-57.9871
-58.1649
-58.3412
-58.5159
-58.689
-58.8606
-59.0307
-59.1993
-59.3664
-59.532
-59.6961
-59.8587
-60.02
-60.1797
-60.3381
-60.4951
-60.6507
-60.8049
-60.9577
-61.1092
-61.2593
-61.4082
-61.5557
-61.7019
-61.8469
-61.9906
-62.133
-62.2742
-62.4141
-62.5528
-62.6904
-62.8267
-62.9619
-63.0959
-63.2287
-63.3604
-63.491
-63.6204
-63.7488
-63.876
-64.0022
-64.1273
-64.2513
-64.3743
-64.4963
-64.6172
-64.7371
-64.856
-64.9739
-65.0908
-65.2068
-65.3218
-65.4358
-65.5489
-65.6611
-65.7723
-65.8826
-65.9921
-66.1006
-66.2082
-66.315
-66.4209
-66.5259
-66.6301
-66.7334
-66.8359
-66.9375
-67.0384
-67.1384
-67.2376
-67.3361
-67.4337
-67.5306
-67.6267
-67.722
-67.8165
-67.9103
-68.0034
-68.0957
-68.1873
-68.2781
-68.3682
-68.4576
-68.5463
-68.6343
-68.7216
-68.8082
-68.8941
-68.9794
-69.0639
-69.1478
-69.2311
-69.3136
-69.3956
-69.4768
-69.5575
-69.6374
-69.7168
-69.7955
-69.8736
-69.9511
-70.028
-70.1042
-70.1799
-70.2549
-70.3294
-70.4033
-70.4765
-70.5492
-70.6214
-70.6929
-70.7639
-70.8343
-70.9042
-70.9734
-71.0422
-71.1104
-71.178
-71.2451
-71.3117
-71.3777
-71.4432
-71.5082
-71.5727
-71.6366
-71.7001
-71.763
-71.8254
-71.8873
-71.9487
-72.0096
-72.07
-72.13
-72.1894
-72.2484
-72.3069
-72.3649
-72.4224
-72.4795
-72.5361
-72.5923
-72.648
-72.7032
-72.758
-72.8123
-72.8662
-72.9197
-72.9727
-73.0252
-73.0774
-73.1291
-73.1804
-73.2312
-73.2817
-73.3317
-73.3813
-73.4305
-73.4793
-73.5276
-73.5756
-73.6232
-73.6703
-73.7171
-73.7635
-73.8095
-73.8551
-73.9003
-73.9451
-73.9896
-74.0337
-74.0774
-74.1207
-74.1637
-74.2063
-74.2485
-74.2904
-74.3319
-74.3731
-74.4139
-74.4543
-74.4944
-74.5342
-74.5736
-74.6127
-74.6514
-74.6898
-74.7279
-74.7656
-74.803
-74.8401
-74.8768
-74.9132
-74.9493
-74.9851
-75.0206
-75.0557
-75.0906
-75.1251
-75.1593
-75.1933
-75.2269
-75.2602
-75.2932
-75.326
-75.3584
-75.3905
-75.4224
-75.454
-75.4852
-75.5162
-75.547
-75.5774
-75.6076
-75.6375
-75.6671
-75.6964
-75.7255
-75.7543
-75.7829
-75.8111
-75.8392
-75.8669
-75.8944
-75.9217
-75.9487
-75.9755
-76.002
-76.0282
-76.0542
-76.08
-76.1055
-76.1308
-76.1559
-76.1807
-76.2052
-76.2296
-76.2537
-76.2776
-76.3013
-76.3247
-76.3479
-76.3709
-76.3937
-76.4162
-76.4386
-76.4607
-76.4826
-76.5043
-76.5258
-76.5471
-76.5682
-76.589
-76.6097
-76.6302
-76.6504
-76.6705
-76.6904
-76.71
-76.7295
-76.7488
-76.7679
-76.7868
-76.8055
-76.8241
-76.8424
-76.8606
-76.8785
-76.8963
-76.9139
-76.9314
-76.9486
-76.9657
-76.9826
-76.9994
-77.0159
-77.0323
-77.0485
-77.0646
-77.0805
-77.0962
-77.1118
-77.1272
-77.1424
-77.1575
-77.1724
-77.1871
-77.2017
-77.2161
-77.2304
-77.2445
-77.2585
-77.2723
-77.286
-77.2995
-77.3129
-77.3261
-77.3392
-77.3521
-77.3649
-77.3775
-77.39
-77.4024
-77.4146
-77.4266
-77.4386
-77.4504
-77.462
-77.4735
-77.4849
-77.4962
-77.5073
-77.5183
-77.5291
-77.5398
-77.5504
-77.5609
-77.5712
-77.5814
-77.5915
-77.6014
-77.6113
-77.621
-77.6305
-77.64
-77.6493
-77.6585
-77.6676
-77.6766
-77.6854
-77.6942
-77.7028
-77.7113
-77.7197
-77.7279
-77.7361
-77.7441
-77.752
-77.7598
-77.7675
-77.7751
-77.7826
-77.79
-77.7972
-77.8044
-77.8114
-77.8184
-77.8252
-77.8319
-77.8385
-77.845
-77.8515
-77.8578
-77.864
-77.8701
-77.8761
-77.882
-77.8878
-77.8935
-77.8991
-77.9046
-77.91
-77.9153
-77.9205
-77.9256
-77.9306
-77.9356
-77.9404
-77.9451
-77.9498
-77.9544
-77.9588
-77.9632
-77.9675
-77.9717
-77.9758
-77.9798
-77.9837
-77.9875
-77.9913
-77.9949
-77.9985
-78.002
-78.0054
-78.0087
-78.0119
-78.0151
-78.0182
-78.0211
-78.024
-78.0268
-78.0296
-78.0322
-78.0348
-78.0373
-78.0397
-78.042
-78.0443
-78.0465
-78.0486
-78.0506
-78.0525
-78.0544
-78.0562
-78.0579
-78.0595
-78.0611
-78.0626
-78.064
-78.0653
-78.0666
-78.0678
-78.0689
-78.07
-78.071
-78.0719
-78.0727
-78.0735
-78.0742
-78.0748
-78.0753
-78.0758
-78.0763
-78.0766
-78.0769
-78.0771
-78.0773
-78.0773
-78.0773
-78.0773
-78.0772
-78.077
-78.0768
-78.0764
-78.0761
-78.0756
-78.0751
-78.0746
-78.0739
-78.0732
-78.0725
-78.0717
-78.0708
-78.0698
-78.0688
-78.0678
-78.0667
-78.0655
-78.0642
-78.0629
-78.0616
-78.0602
-78.0587
-78.0572
-78.0556
-78.0539
-78.0522
-78.0505
-78.0486
-78.0468
-78.0448
-78.0428
-78.0408
-78.0387
-78.0365
-78.0343
-78.0321
-78.0297
-78.0274
-78.025
-78.0225
-78.0199
-78.0174
-78.0147
-78.012
-78.0093
-78.0065
-78.0037
-78.0008
-77.9978
-77.9948
-77.9918
-77.9887
-77.9855
-77.9823
-77.9791
-77.9758
-77.9725
-77.9691
-77.9656
-77.9621
-77.9586
-77.955
-77.9514
-77.9477
-77.944
-77.9402
-77.9364
-77.9325
-77.9286
-77.9246
-77.9206
-77.9166
-77.9125
-77.9083
-77.9042
-77.8999
-77.8957
-77.8913
-77.887
-77.8826
-77.8781
-77.8736
-77.8691
-77.8645
-77.8599
-77.8552
-77.8505
-77.8458
-77.841
-77.8361
-77.8313
-77.8263
-77.8214
-77.8164
-77.8113
-77.8063
-77.8011
-77.796
-77.7908
-77.7855
-77.7803
-77.7749
-77.7696
-77.7642
-77.7587
-77.7533
-77.7478
-77.7422
-77.7366
-77.731
-77.7253
-77.7196
-77.7139
-77.7081
-77.7023
-77.6964
-77.6905
-77.6846
-77.6786
-77.6726
-77.6666
-77.6605
-77.6544
-77.6482
-77.6421
-77.6358
-77.6296
-77.6233
-77.617
-77.6106
-77.6042
-77.5978
-77.5913
-77.5848
-77.5783
-77.5717
-77.5651
-77.5585
-77.5518
-77.5451
-77.5384
-77.5316
-77.5248
-77.518
-77.5112
-77.5043
-77.4973
-77.4904
-77.4834
-77.4764
-77.4693
-77.4622
-77.4551
-77.4479
-77.4407
-77.4335
-77.4263
-77.419
-77.4117
-77.4044
-77.397
-77.3896
-77.3822
-77.3747
-77.3672
-77.3597
-77.3522
-77.3446
-77.337
-77.3293
-77.3217
-77.314
-77.3062
-77.2985
-77.2907
-77.2829
-77.2751
-77.2672
-77.2593
-77.2514
-77.2434
-77.2354
-77.2274
-77.2194
-77.2113
-77.2032
-77.1951
-77.187
-77.1788
-77.1706
-77.1624
-77.1541
-77.1458
-77.1375
-77.1292
-77.1208
-77.1125
-77.104
-77.0956
-77.0871
-77.0786
-77.0701
-77.0616
-77.053
-77.0444
-77.0358
-77.0272
-77.0185
-77.0098
-77.0011
-76.9923
-76.9836
-76.9748
-76.966
-76.9571
-76.9482
-76.9394
-76.9304
-76.9215
-76.9125
-76.9035
-76.8945
-76.8855
-76.8764
-76.8674
-76.8583
-76.8491
-76.84
-76.8308
-76.8216
-76.8124
-76.8031
-76.7939
-76.7846
-76.7753
-76.7659
-76.7566
-76.7472
-76.7378
-76.7284
-76.7189
-76.7094
-76.7
-76.6904
-76.6809
-76.6714
-76.6618
-76.6522
-76.6426
-76.6329
-76.6233
-76.6136
-76.6039
-76.5941
-76.5844
-76.5746
-76.5648
-76.555
-76.5452
-76.5353
-76.5255
-76.5156
-76.5057
-76.4957
-76.4858
-76.4758
-76.4658
-76.4558
-76.4458
-76.4357
-76.4256
-76.4155
-76.4054
-76.3953
-76.3852
-76.375
-76.3648
-76.3546
-76.3444
-76.3341
-76.3238
-76.3136
-76.3032
-76.2929
-76.2826
-76.2722
-76.2618
-76.2514
-76.241
-76.2306
-76.2201
-76.2097
-76.1992
-76.1887
-76.1781
-76.1676
-76.157
-76.1464
-76.1358
-76.1252
-76.1146
-76.1039
-76.0933
-76.0826
-76.0719
-76.0612
-76.0504
-76.0397
-76.0289
-76.0181
-76.0073
-75.9964
-75.9856
-75.9747
-75.9639
-75.953
-75.9421
-75.9311
-75.9202
-75.9092
-75.8982
-75.8873
-75.8762
-75.8652
-75.8542
-75.8431
-75.832
-75.8209
-75.8098
-75.7987
-75.7876
-75.7764
-75.7652
-75.754
-75.7428
-75.7316
-75.7204
-75.7091
-75.6979
-75.6866
-75.6753
-75.664
-75.6526
-75.6413
-75.6299
-75.6186
-75.6072
-75.5958
-75.5843
-75.5729
-75.5615
-75.55
-75.5385
-75.527
-75.5155
-75.504
-75.4925
-75.4809
-75.4693
-75.4578
-75.4462
-75.4345
-75.4229
-75.4113
-75.3996
-75.388
-75.3763
-75.3646
-75.3529
-75.3411
-75.3294
-75.3177
-75.3059
-75.2941
-75.2823
-75.2705
-75.2587
-75.2469
-75.235
-75.2232
-75.2113
-75.1994
-75.1875
-75.1756
-75.1636
-75.1517
-75.1398
-75.1278
-75.1158
-75.1038
-75.0918
-75.0798
-75.0678
-75.0557
-75.0437
-75.0316
-75.0195
-75.0074
-74.9953
-74.9832
-74.9711
-74.9589
-74.9468
-74.9346
-74.9224
-74.9102
-74.898
-74.8858
-74.8736
-74.8613
-74.8491
-74.8368
-74.8245
-74.8122
-74.7999
-74.7876
-74.7753
-74.763
-74.7506
-74.7383
-74.7259
-74.7135
-74.7011
-74.6887
-74.6763
-74.6639
-74.6514
-74.639
-74.6265
-74.6141
-74.6016
-74.5891
-74.5766
-74.5641
-74.5515
-74.539
-74.5264
-74.5139
-74.5013
-74.4887
-74.4761
-74.4635
-74.4509
-74.4383
-74.4257
-74.413
-74.4004
-74.3877
-74.375
-74.3624
-74.3497
-74.337
-74.3242
-74.3115
-74.2988
-74.286
-74.2733
-74.2605
-74.2477
-74.2349
-74.2222
-74.2093
-74.1965
-74.1837
-74.1709
-74.158
-74.1452
-74.1323
-74.1194
-74.1066
-74.0937
-74.0808
-74.0679
-74.0549
-74.042
-74.0291
-74.0161
-74.0032
-73.9902
-73.9772
-73.9643
-73.9513
-73.9383
-73.9253
-73.9122
-73.8992
-73.8862
-73.8731
-73.8601
-73.847
-73.834
-73.8209
-73.8078
-73.7947
-73.7816
-73.7685
-73.7553
-73.7422
-73.7291
-73.7159
-73.7028
-73.6896
-73.6764
-73.6633
-73.6501
-73.6369
-73.6237
-73.6105
-73.5973
-73.584
-73.5708
-73.5575
-73.5443
-73.531
-73.5178
-73.5045
-73.4912
-73.4779
-73.4646
-73.4513
-73.438
-73.4247
-73.4114
-73.398
-73.3847
-73.3713
-73.358
-73.3446
-73.3313
-73.3179
-73.3045
-73.2911
-73.2777
-73.2643
-73.2509
-73.2375
-73.224
-73.2106
-73.1972
-73.1837
-73.1703
-73.1568
-73.1433
-73.1299
-73.1164
-73.1029
-73.0894
-73.0759
-73.0624
-73.0489
-73.0353
-73.0218
-73.0083
-72.9947
-72.9812
-72.9676
-72.9541
-72.9405
-72.9269
-72.9134
-72.8998
-72.8862
-72.8726
-72.859
-72.8454
-72.8318
-72.8181
-72.8045
-72.7909
-72.7772
-72.7636
-72.75
-72.7363
-72.7226
-72.709
-72.6953
-72.6816
-72.6679
-72.6542
-72.6405
-72.6268
-72.6131
-72.5994
-72.5857
-72.572
-72.5583
-72.5445
-72.5308
-72.517
-72.5033
-72.4895
-72.4758
-72.462
-72.4482
-72.4345
-72.4207
-72.4069
-72.3931
-72.3793
-72.3655
-72.3517
-72.3379
-72.3241
-72.3103
-72.2964
-72.2826
-72.2688
-72.2549
-72.2411
-72.2273
-72.2134
-72.1995
-72.1857
-72.1718
-72.1579
-72.1441
-72.1302
-72.1163
-72.1024
-72.0885
-72.0746
-72.0607
-72.0468
-72.0329
-72.019
-72.0051
-71.9911
-71.9772
-71.9633
-71.9494
-71.9354
-71.9215
-71.9075
-71.8936
-71.8796
-71.8657
-71.8517
-71.8377
-71.8238
-71.8098
-71.7958
-71.7818
-71.7678
-71.7538
-71.7398
-71.7259
-71.7119
-71.6978
-71.6838
-71.6698
-71.6558
-71.6418
-71.6278
-71.6137
-71.5997
-71.5857
-71.5716
-71.5576
-71.5436
-71.5295
-71.5155
-71.5014
-71.4874
-71.4733
-71.4592
-71.4452
-71.4311
-71.417
-71.403
-71.3889
-71.3748
-71.3607
-71.3466
-71.3326
-71.3185
-71.3044
-71.2903
-71.2762
-71.2621
-71.248
-71.2338
-71.2197
-71.2056
-71.1915
-71.1774
-71.1633
-71.1491
-71.135
-71.1209
-71.1067
-71.0926
-71.0785
-71.0643
-71.0502
-71.036
-71.0219
-71.0077
-70.9936
-70.9794
-70.9653
-70.9511
-70.937
-70.9228
-70.9086
-70.8945
-70.8803
-70.8661
-70.8519
-70.8378
-70.8236
-70.8094
-70.7952
-70.781
-70.7669
-70.7527
-70.7385
-70.7243
-70.7101
-70.6959
-70.6817
-70.6675
-70.6533
-70.6391
-70.6249
-70.6107
-70.5965
-70.5823
-70.5681
-70.5538
-70.5396
-70.5254
-70.5112
-70.497
-70.4827
-70.4685
-70.4543
-70.4401
-70.4258
-70.4116
-70.3974
-70.3832
-70.3689
-70.3547
-70.3405
-70.3262
-70.312
-70.2977
-70.2835
-70.2693
-70.255
-70.2408
-70.2265
-70.2123
-70.198
-70.1838
-70.1695
-70.1553
-70.141
-70.1268
-70.1125
-70.0983
-70.084
-70.0698
-70.0555
-70.0412
-70.027
-70.0127
-69.9985
-69.9842
-69.9699
-69.9557
-69.9414
-69.9271
-69.9129
-69.8986
-69.8843
-69.8701
-69.8558
-69.8415
-69.8273
-69.813
-69.7987
-69.7845
-69.7702
-69.7559
-69.7416
-69.7274
-69.7131
-69.6988
-69.6845
-69.6703
-69.656
-69.6417
-69.6274
-69.6132
-69.5989
-69.5846
-69.5703
-69.5561
-69.5418
-69.5275
-69.5132
-69.499
-69.4847
-69.4704
-69.4561
-69.4419
-69.4276
-69.4133
-69.399
-69.3847
-69.3705
-69.3562
-69.3419
-69.3276
-69.3134
-69.2991
-69.2848
-69.2705
-69.2563
-69.242
-69.2277
-69.2134
-69.1991
-69.1849
-69.1706
-69.1563
-69.1421
-69.1278
-69.1135
-69.0992
-69.085
-69.0707
-69.0564
-69.0421
-69.0279
-69.0136
-68.9993
-68.9851
-68.9708
-68.9565
-68.9423
-68.928
-68.9137
-68.8995
-68.8852
-68.8709
-68.8567
-68.8424
-68.8281
-68.8139
-68.7996
-68.7854
-68.7711
-68.7568
-68.7426
-68.7283
-68.7141
-68.6998
-68.6856
-68.6713
-68.657
-68.6428
-68.6285
-68.6143
-68.6
-68.5858
-68.5716
-68.5573
-68.5431
-68.5288
-68.5146
-68.5003
-68.4861
-68.4719
-68.4576
-68.4434
-68.4291
-68.4149
-68.4007
-68.3864
-68.3722
-68.358
-68.3438
-68.3295
-68.3153
-68.3011
-68.2869
-68.2726
-68.2584
-68.2442
-68.23
-68.2158
-68.2015
-68.1873
-68.1731
-68.1589
-68.1447
-68.1305
-68.1163
-68.1021
-68.0879
-68.0737
-68.0595
-68.0453
-68.0311
-68.0169
-68.0027
-67.9885
-67.9743
-67.9601
-67.9459
-67.9318
-67.9176
-67.9034
-67.8892
-67.875
-67.8609
-67.8467
-67.8325
-67.8183
-67.8042
-67.79
-67.7758
-67.7617
-67.7475
-67.7334
-67.7192
-67.7051
-67.6909
-67.6767
-67.6626
-67.6485
-67.6343
-67.6202
-67.606
-67.5919
-67.5777
-67.5636
-67.5495
-67.5353
-67.5212
-67.5071
-67.493
-67.4788
-67.4647
-67.4506
-67.4365
-67.4224
-67.4083
-67.3942
-67.3801
-67.366
-67.3519
-67.3378
-67.3237
-67.3096
-67.2955
-67.2814
-67.2673
-67.2532
-67.2391
-67.225
-67.211
-67.1969
-67.1828
-67.1687
-67.1547
-67.1406
-67.1266
-67.1125
-67.0984
-67.0844
-67.0703
-67.0563
-67.0422
-67.0282
-67.0141
-67.0001
-66.9861
-66.972
-66.958
-66.944
-66.9299
-66.9159
-66.9019
-66.8879
-66.8739
-66.8599
-66.8458
-66.8318
-66.8178
-66.8038
-66.7898
-66.7758
-66.7618
-66.7479
-66.7339
-66.7199
-66.7059
-66.6919
-66.6779
-66.664
-66.65
-66.636
-66.6221
-66.6081
-66.5942
-66.5802
-66.5662
-66.5523
-66.5384
-66.5244
-66.5105
-66.4965
-66.4826
-66.4687
-66.4547
-66.4408
-66.4269
-66.413
-66.3991
-66.3852
-66.3712
-66.3573
-66.3434
-66.3295
-66.3156
-66.3018
-66.2879
-66.274
-66.2601
-66.2462
-66.2323
-66.2185
-66.2046
-66.1907
-66.1769
-66.163
-66.1492
-66.1353
-66.1215
-66.1076
-66.0938
-66.0799
-66.0661
-66.0523
-66.0384
-66.0246
-66.0108
-65.997
-65.9832
-65.9694
-65.9555
-65.9417
-65.9279
-65.9141
-65.9004
-65.8866
-65.8728
-65.859
-65.8452
-65.8314
-65.8177
-65.8039
-65.7901
-65.7764
-65.7626
-65.7489
-65.7351
-65.7214
-65.7076
-65.6939
-65.6802
-65.6664
-65.6527
-65.639
-65.6253
-65.6115
-65.5978
-65.5841
-65.5704
-65.5567
-65.543
-65.5293
-65.5156
-65.5019
-65.4883
-65.4746
-65.4609
-65.4472
-65.4336
-65.4199
-65.4063
-65.3926
-65.379
-65.3653
-65.3517
-65.338
-65.3244
-65.3108
-65.2971
-65.2835
-65.2699
-65.2563
-65.2427
-65.2291
-65.2155
-65.2019
-65.1883
-65.1747
-65.1611
-65.1475
-65.1339
-65.1204
-65.1068
-65.0932
-65.0797
-65.0661
-65.0526
-65.039
-65.0255
-65.0119
-64.9984
-64.9849
-64.9713
-64.9578
-64.9443
-64.9308
-64.9173
-64.9038
-64.8903
-64.8768
-64.8633
-64.8498
-64.8363
-64.8228
-64.8093
-64.7959
-64.7824
-64.7689
-64.7555
-64.742
-64.7286
-64.7151
-64.7017
-64.6882
-64.6748
-64.6614
-64.648
-64.6345
-64.6211
-64.6077
-64.5943
-64.5809
-64.5675
-64.5541
-64.5407
-64.5273
-64.514
-64.5006
-64.4872
-64.4739
-64.4605
-64.4471
-64.4338
-64.4204
-64.4071
-64.3938
-64.3804
-64.3671
-64.3538
-64.3405
-64.3271
-64.3138
-64.3005
-64.2872
-64.2739
-64.2606
-64.2473
-64.2341
-64.2208
-64.2075
-64.1942
-64.181
-64.1677
-64.1545
-64.1412
-64.128
-64.1147
-64.1015
-64.0883
-64.075
-64.0618
-64.0486
-64.0354
-64.0222
-64.009
-63.9958
-63.9826
-63.9694
-63.9562
-63.943
-63.9299
-63.9167
-63.9035
-63.8904
-63.8772
-63.8641
-63.8509
-63.8378
-63.8246
-63.8115
-63.7984
-63.7853
-63.7721
-63.759
-63.7459
-63.7328
-63.7197
-63.7066
-63.6936
-63.6805
-63.6674
-63.6543
-63.6413
-63.6282
-63.6151
-63.6021
-63.589
-63.576
-63.563
-63.5499
-63.5369
-63.5239
-63.5109
-63.4979
-63.4848
-63.4718
-63.4588
-63.4459
-63.4329
-63.4199
-63.4069
-63.3939
-63.381
-63.368
-63.3551
-63.3421
-63.3292
-63.3162
-63.3033
-63.2904
-63.2774
-63.2645
-63.2516
-63.2387
-63.2258
-63.2129
-63.2
-63.1871
-63.1742
-63.1613
-63.1484
-63.1356
-63.1227
-63.1099
-63.097
-63.0842
-63.0713
-63.0585
-63.0456
-63.0328
-63.02
-63.0072
-62.9944
-62.9816
-62.9688
-62.956
-62.9432
-62.9304
-62.9176
-62.9048
-62.8921
-62.8793
-62.8665
-62.8538
-62.841
-62.8283
-62.8155
-62.8028
-62.7901
-62.7774
-62.7646
-62.7519
-62.7392
-62.7265
-62.7138
-62.7011
-62.6884
-62.6758
-62.6631
-62.6504
-62.6378
-62.6251
-62.6124
-62.5998
-62.5871
-62.5745
-62.5619
-62.5492
-62.5366
-62.524
-62.5114
-62.4988
-62.4862
-62.4736
-62.461
-62.4484
-62.4358
-62.4233
-62.4107
-62.3981
-62.3856
-62.373
-62.3605
-62.3479
-62.3354
-62.3229
-62.3103
-62.2978
-62.2853
-62.2728
-62.2603
-62.2478
-62.2353
-62.2228
-62.2103
-62.1979
-62.1854
-62.1729
-62.1605
-62.148
-62.1356
-62.1231
-62.1107
-62.0982
-62.0858
-62.0734
-62.061
-62.0486
-62.0362
-62.0238
-62.0114
-61.999
-61.9866
-61.9742
-61.9618
-61.9495
-61.9371
-61.9248
-61.9124
-61.9001
-61.8877
-61.8754
-61.8631
-61.8507
-61.8384
-61.8261
-61.8138
-61.8015
-61.7892
-61.7769
-61.7646
-61.7523
-61.7401
-61.7278
-61.7155
-61.7033
-61.691
-61.6788
-61.6665
-61.6543
-61.6421
-61.6299
-61.6176
-61.6054
-61.5932
-61.581
-61.5688
-61.5566
-61.5444
-61.5323
-61.5201
-61.5079
-61.4958
-61.4836
-61.4714
-61.4593
-61.4472
-61.435
-61.4229
-61.4108
-61.3986
-61.3865
-61.3744
-61.3623
-61.3502
-61.3381
-61.326
-61.314
-61.3019
-61.2898
-61.2778
-61.2657
-61.2536
-61.2416
-61.2296
-61.2175
-61.2055
-61.1935
-61.1814
-61.1694
-61.1574
-61.1454
-61.1334
-61.1214
-61.1094
-61.0975
-61.0855
-61.0735
-61.0616
-61.0496
-61.0376
-61.0257
-61.0138
-61.0018
-60.9899
-60.978
-60.966
-60.9541
-60.9422
-60.9303
-60.9184
-60.9065
-60.8946
-60.8828
-60.8709
-60.859
-60.8471
-60.8353
-60.8234
-60.8116
-60.7997
-60.7879
-60.7761
-60.7643
-60.7524
-60.7406
-60.7288
-60.717
-60.7052
-60.6934
-60.6816
-60.6699
-60.6581
-60.6463
-60.6345
-60.6228
-60.611
-60.5993
-60.5875
-60.5758
-60.5641
-60.5523
-60.5406
-60.5289
-60.5172
-60.5055
-60.4938
-60.4821
-60.4704
-60.4587
-60.4471
-60.4354
-60.4237
-60.4121
-60.4004
-60.3888
-60.3771
-60.3655
-60.3538
-60.3422
-60.3306
-60.319
-60.3074
-60.2958
-60.2842
-60.2726
-60.261
-60.2494
-60.2378
-60.2262
-60.2147
-60.2031
-60.1916
-60.18
-60.1685
-60.1569
-60.1454
-60.1339
-60.1223
-60.1108
-60.0993
-60.0878
-60.0763
-60.0648
-60.0533
-60.0418
-60.0303
-60.0189
-60.0074
-59.9959
-59.9845
-59.973
-59.9616
-59.9501
-59.9387
-59.9272
-59.9158
-59.9044
-59.893
-59.8816
-59.8702
-59.8588
-59.8474
-59.836
-59.8246
-59.8132
-59.8018
-59.7905
-59.7791
-59.7678
-59.7564
-59.7451
-59.7337
-59.7224
-59.7111
-59.6997
-59.6884
-59.6771
-59.6658
-59.6545
-59.6432
-59.6319
-59.6206
-59.6093
-59.598
-59.5868
-59.5755
-59.5642
-59.553
-59.5417
-59.5305
-59.5193
-59.508
-59.4968
-59.4856
-59.4743
-59.4631
-59.4519
-59.4407
-59.4295
-59.4183
-59.4071
-59.3959
-59.3848
-59.3736
-59.3624
-59.3513
-59.3401
-59.329
-59.3178
-59.3067
-59.2955
-59.2844
-59.2733
-59.2621
-59.251
-59.2399
-59.2288
-59.2177
-59.2066
-59.1955
-59.1844
-59.1734
-59.1623
-59.1512
-59.1401
-59.1291
-59.118
-59.107
-59.0959
-59.0849
-59.0738
-59.0628
-59.0518
-59.0408
-59.0298
-59.0187
-59.0077
-58.9967
-58.9857
-58.9747
-58.9638
-58.9528
-58.9418
-58.9308
-58.9199
-58.9089
-58.8979
-58.887
-58.876
-58.8651
-58.8542
-58.8432
-58.8323
-58.8214
-58.8105
-58.7996
-58.7887
-58.7777
-58.7669
-58.756
-58.7451
-58.7342
-58.7233
-58.7124
-58.7016
-58.6907
-58.6798
-58.669
-58.6581
-58.6473
-58.6365
-58.6256
-58.6148
-58.604
-58.5931
-58.5823
-58.5715
-58.5607
-58.5499
-58.5391
-58.5283
-58.5175
-58.5067
-58.496
-58.4852
-58.4744
-58.4637
-58.4529
-58.4421
-58.4314
-58.4206
-58.4099
-58.3992
-58.3884
-58.3777
-58.367
-58.3563
-58.3455
-58.3348
-58.3241
-58.3134
-58.3027
-58.292
-58.2813
-58.2707
-58.26
-58.2493
-58.2386
-58.228
-58.2173
-58.2067
-58.196
-58.1854
-58.1747
-58.1641
-58.1534
-58.1428
-58.1322
-58.1216
-58.1109
-58.1003
-58.0897
-58.0791
-58.0685
-58.0579
-58.0473
-58.0367
-58.0261
-58.0156
-58.005
-57.9944
-57.9838
-57.9733
-57.9627
-57.9522
-57.9416
-57.9311
-57.9205
-57.91
-57.8995
-57.8889
-57.8784
-57.8679
-57.8574
-57.8468
-57.8363
-57.8258
-57.8153
-57.8048
-57.7943
-57.7839
-57.7734
-57.7629
-57.7524
-57.7419
-57.7315
-57.721
-57.7105
-57.7001
-57.6896
-57.6792
-57.6687
-57.6583
-57.6479
-57.6374
-57.627
-57.6166
-57.6061
-57.5957
-57.5853
-57.5749
-57.5645
-57.5541
-57.5437
-57.5333
-57.5229
-57.5125
-57.5021
-57.4917
-57.4814
-57.471
-57.4606
-57.4502
-57.4399
-57.4295
-57.4192
-57.4088
-57.3985
-57.3881
-57.3778
-57.3674
-57.3571
-57.3468
-57.3364
-57.3261
-57.3158
-57.3055
-57.2952
-57.2849
-57.2745
-57.2642
-57.2539
-57.2436
-57.2333
-57.2231
-57.2128
-57.2025
-57.1922
-57.1819
-57.1717
-57.1614
-57.1511
-57.1408
-57.1306
-57.1203
-57.1101
-57.0998
-57.0896
-57.0793
-57.0691
-57.0588
-57.0486
-57.0384
-57.0281
-57.0179
-57.0077
-56.9974
-56.9872
-56.977
-56.9668
-56.9566
-56.9464
-56.9362
-56.926
-56.9158
-56.9056
-56.8954
-56.8852
-56.875
-56.8648
-56.8546
-56.8444
-56.8343
-56.8241
-56.8139
-56.8037
-56.7936
-56.7834
-56.7733
-56.7631
-56.7529
-56.7428
-56.7326
-56.7225
-56.7123
-56.7022
-56.692
-56.6819
-56.6718
-56.6616
-56.6515
-56.6414
-56.6313
-56.6211
-56.611
-56.6009
-56.5908
-56.5806
-56.5705
-56.5604
-56.5503
-56.5402
-56.5301
-56.52
-56.5099
-56.4998
-56.4897
-56.4796
-56.4695
-56.4594
-56.4493
-56.4393
-56.4292
-56.4191
-56.409
-56.3989
-56.3889
-56.3788
-56.3687
-56.3586
-56.3486
-56.3385
-56.3284
-56.3184
-56.3083
-56.2983
-56.2882
-56.2781
-56.2681
-56.258
-56.248
-56.2379
-56.2279
-56.2178
-56.2078
-56.1977
-56.1877
-56.1777
-56.1676
-56.1576
-56.1475
-56.1375
-56.1275
-56.1174
-56.1074
-56.0974
-56.0873
-56.0773
-56.0673
-56.0572
-56.0472
-56.0372
-56.0272
-56.0171
-56.0071
-55.9971
-55.9871
-55.9771
-55.967
-55.957
-55.947
-55.937
-55.927
-55.9169
-55.9069
-55.8969
-55.8869
-55.8769
-55.8669
-55.8569
-55.8469
-55.8368
-55.8268
-55.8168
-55.8068
-55.7968
-55.7868
-55.7768
-55.7668
-55.7568
-55.7468
-55.7368
-55.7267
-55.7167
-55.7067
-55.6967
-55.6867
-55.6767
-55.6667
-55.6567
-55.6467
-55.6367
-55.6267
-55.6167
-55.6067
-55.5967
-55.5867
-55.5766
-55.5666
-55.5566
-55.5466
-55.5366
-55.5266
-55.5166
-55.5066
-55.4966
-55.4866
-55.4766
-55.4665
-55.4565
-55.4465
-55.4365
-55.4265
-55.4165
-55.4065
-55.3964
-55.3864
-55.3764
-55.3664
-55.3564
-55.3463
-55.3363
-55.3263
-55.3163
-55.3062
-55.2962
-55.2862
-55.2761
-55.2661
-55.2561
-55.246
-55.236
-55.226
-55.2159
-55.2059
-55.1958
-55.1858
-55.1757
-55.1657
-55.1556
-55.1456
-55.1355
-55.1255
-55.1154
-55.1054
-55.0953
-55.0852
-55.0752
-55.0651
-55.055
-55.0449
-55.0349
-55.0248
-55.0147
-55.0046
-54.9945
-54.9844
-54.9743
-54.9642
-54.9541
-54.944
-54.9339
-54.9238
-54.9137
-54.9036
-54.8935
-54.8834
-54.8732
-54.8631
-54.853
-54.8428
-54.8327
-54.8226
-54.8124
-54.8023
-54.7921
-54.782
-54.7718
-54.7616
-54.7515
-54.7413
-54.7311
-54.721
-54.7108
-54.7006
-54.6904
-54.6802
-54.67
-54.6598
-54.6496
-54.6394
-54.6292
-54.6189
-54.6087
-54.5985
-54.5883
-54.578
-54.5678
-54.5575
-54.5473
-54.537
-54.5268
-54.5165
-54.5062
-54.4959
-54.4856
-54.4754
-54.4651
-54.4548
-54.4444
-54.4341
-54.4238
-54.4135
-54.4032
-54.3928
-54.3825
-54.3721
-54.3618
-54.3514
-54.341
-54.3307
-54.3203
-54.3099
-54.2995
-54.2891
-54.2787
-54.2682
-54.2578
-54.2474
-54.2369
-54.2265
-54.216
-54.2056
-54.1951
-54.1846
-54.1741
-54.1636
-54.1531
-54.1426
-54.1321
-54.1216
-54.111
-54.1005
-54.0899
-54.0793
-54.0688
-54.0582
-54.0476
-54.037
-54.0264
-54.0157
-54.0051
-53.9945
-53.9838
-53.9732
-53.9625
-53.9518
-53.9411
-53.9304
-53.9197
-53.909
-53.8982
-53.8875
-53.8767
-53.866
-53.8552
-53.8444
-53.8336
-53.8228
-53.812
-53.8011
-53.7903
-53.7794
-53.7685
-53.7577
-53.7468
-53.7359
-53.7249
-53.714
-53.7031
-53.6921
-53.6811
-53.6701
-53.6591
-53.6481
-53.6371
-53.6261
-53.615
-53.6039
-53.5929
-53.5818
-53.5706
-53.5595
-53.5484
-53.5372
-53.526
-53.5148
-53.5036
-53.4924
-53.4812
-53.4699
-53.4586
-53.4473
-53.436
-53.4247
-53.4134
-53.402
-53.3906
-53.3792
-53.3678
-53.3564
-53.3449
-53.3334
-53.3219
-53.3104
-53.2989
-53.2873
-53.2757
-53.2641
-53.2525
-53.2409
-53.2292
-53.2175
-53.2058
-53.1941
-53.1823
-53.1705
-53.1587
-53.1469
-53.1351
-53.1232
-53.1113
-53.0994
-53.0874
-53.0755
-53.0635
-53.0514
-53.0394
-53.0273
-53.0152
-53.0031
-52.9909
-52.9788
-52.9665
-52.9543
-52.942
-52.9298
-52.9174
-52.9051
-52.8927
-52.8803
-52.8678
-52.8554
-52.8429
-52.8303
-52.8178
-52.8052
-52.7925
-52.7799
-52.7672
-52.7544
-52.7417
-52.7289
-52.716
-52.7032
-52.6902
-52.6773
-52.6643
-52.6513
-52.6382
-52.6251
-52.6119
-52.5987
-52.5855
-52.5722
-52.5589
-52.5455
-52.5321
-52.5186
-52.5051
-52.4916
-52.4779
-52.4643
-52.4506
-52.4368
-52.423
-52.4092
-52.3953
-52.3813
-52.3673
-52.3532
-52.3391
-52.3249
-52.3107
-52.2964
-52.282
-52.2676
-52.2531
-52.2386
-52.224
-52.2093
-52.1946
-52.1798
-52.165
-52.1501
-52.1351
-52.12
-52.1049
-52.0897
-52.0744
-52.0591
-52.0436
-52.0281
-52.0126
-51.9969
-51.9811
-51.9653
-51.9494
-51.9334
-51.9173
-51.9011
-51.8848
-51.8685
-51.852
-51.8354
-51.8187
-51.802
-51.7851
-51.7681
-51.751
-51.7338
-51.7164
-51.699
-51.6814
-51.6638
-51.646
-51.628
-51.61
-51.5918
-51.5734
-51.555
-51.5364
-51.5176
-51.4987
-51.4797
-51.4605
-51.4411
-51.4216
-51.4019
-51.3821
-51.362
-51.3418
-51.3214
-51.3008
-51.28
-51.259
-51.2378
-51.2164
-51.1948
-51.1729
-51.1509
-51.1286
-51.106
-51.0832
-51.0601
-51.0368
-51.0132
-50.9893
-50.9652
-50.9407
-50.9159
-50.8908
-50.8654
-50.8396
-50.8135
-50.787
-50.7602
-50.7329
-50.7052
-50.6772
-50.6486
-50.6197
-50.5902
-50.5603
-50.5299
-50.4989
-50.4674
-50.4354
-50.4027
-50.3694
-50.3354
-50.3008
-50.2655
-50.2294
-50.1926
-50.1549
-50.1164
-50.077
-50.0367
-49.9954
-49.953
-49.9095
-49.8649
-49.8191
-49.7719
-49.7234
-49.6735
-49.622
-49.5689
-49.514
-49.4573
-49.3987
-49.3379
-49.2748
-49.2094
-49.1413
-49.0704
-48.9965
-48.9194
-48.8387
-48.7542
-48.6656
-48.5725
-48.4744
-48.371
-48.2617
-48.1459
-48.023
-47.8923
-47.753
-47.6041
-47.4448
-47.2737
-47.0898
-46.8917
-46.6777
-46.4465
-46.1962
-45.925
-45.6314
-45.3134
-44.9694
-44.5982
-44.1984
-43.7694
-43.3108
-42.8226
-42.3053
-41.7597
-41.187
-40.5887
-39.9661
-39.321
-38.6548
-37.969
-37.2648
-36.5434
-35.8057
-35.0526
-34.2845
-33.502
-32.7053
-31.8946
-31.07
-30.2314
-29.3789
-28.5122
-27.6311
-26.7355
-25.8251
-24.8997
-23.9592
-23.0033
-22.0318
-21.0447
-20.0419
-19.0233
-17.9888
-16.9385
-15.8723
-14.7903
-13.6925
-12.5791
-11.4501
-10.3057
-9.14603
-7.97141
-6.78221
-5.57894
-4.36226
-3.13302
-1.89232
-0.641481
0.617903
1.88395
3.15449
4.42709
5.69903
6.96738
8.22904
9.48076
10.7193
11.9413
13.1436
14.3231
15.477
16.6027
17.6979
18.7605
19.7889
20.7817
21.7378
22.6565
23.5372
24.3797
25.1839
25.9499
26.678
27.3685
28.022
28.6392
29.2209
29.7679
30.2813
30.7622
31.2118
31.6313
32.0222
32.3858
32.7235
33.0366
33.3265
33.5945
33.8417
34.0694
34.2785
34.47
34.6446
34.8032
34.9463
35.0744
35.188
35.2875
35.3732
35.4454
35.5044
35.5503
35.5834
35.6038
35.6119
35.6077
35.5916
35.5636
35.5242
35.4735
35.4117
35.3391
35.2559
35.1623
35.0585
34.9447
34.821
34.6876
34.5446
34.392
34.2299
34.0585
33.8777
33.6878
33.4886
33.2803
33.0631
32.8369
32.6019
32.3582
32.1059
31.8451
31.576
31.2987
31.0133
30.7201
30.4191
30.1106
29.7947
29.4717
29.1416
28.8048
28.4615
28.1118
27.756
27.3943
27.0269
26.6542
26.2763
25.8935
25.506
25.114
24.7179
24.3178
23.9139
23.5066
23.096
22.6823
22.2657
21.8465
21.4248
21.0009
20.5747
20.1466
19.7167
19.2851
18.852
18.4174
17.9816
17.5445
17.1064
16.6674
16.2275
15.7868
15.3455
14.9036
14.4613
14.0186
13.5756
13.1324
12.6891
12.2457
11.8024
11.3592
10.9163
10.4736
10.0312
9.58921
9.1477
8.70672
8.26633
7.82658
7.38752
6.94921
6.5117
6.07503
5.63926
5.20442
4.77056
4.33772
3.90593
3.47522
3.04565
2.61723
2.18999
1.76398
1.3392
0.915692
0.493475
0.0725722
-0.346996
-0.765212
-1.18206
-1.59751
-2.01157
-2.42421
-2.83542
-3.2452
-3.65352
-4.06039
-4.46579
-4.86972
-5.27218
-5.67315
-6.07264
-6.47064
-6.86714
-7.26216
-7.65568
-8.04771
-8.43825
-8.8273
-9.21486
-9.60094
-9.98555
-10.3687
-10.7503
-11.1305
-11.5093
-11.8866
-12.2625
-12.6369
-13.01
-13.3817
-13.7519
-14.1208
-14.4884
-14.8546
-15.2195
-15.5831
-15.9454
-16.3064
-16.6662
-17.0247
-17.382
-17.7382
-18.0931
-18.4469
-18.7996
-19.1511
-19.5016
-19.851
-20.1993
-20.5465
-20.8928
-21.2381
-21.5823
-21.9256
-22.268
-22.6094
-22.9499
-23.2896
-23.6283
-23.9662
-24.3033
-24.6395
-24.9749
-25.3096
-25.6434
-25.9765
-26.3088
-26.6404
-26.9712
-27.3013
-27.6307
-27.9594
-28.2874
-28.6148
-28.9414
-29.2674
-29.5927
-29.9173
-30.2413
-30.5647
-30.8873
-31.2094
-31.5308
-31.8515
-32.1715
-32.491
-32.8097
-33.1278
-33.4452
-33.7619
-34.0779
-34.3933
-34.7079
-35.0218
-35.3349
-35.6474
-35.959
-36.2699
-36.58
-36.8893
-37.1977
-37.5053
-37.8121
-38.1179
-38.4229
-38.7269
-39.03
-39.3321
-39.6332
-39.9333
-40.2323
-40.5303
-40.8272
-41.1229
-41.4176
-41.711
-42.0033
-42.2943
-42.5841
-42.8726
-43.1599
-43.4458
-43.7303
-44.0135
-44.2953
-44.5757
-44.8547
-45.1321
-45.4081
-45.6826
-45.9556
-46.227
-46.4968
-46.765
-47.0317
-47.2966
-47.56
-47.8217
-48.0817
-48.34
-48.5966
-48.8515
-49.1046
-49.356
-49.6057
-49.8535
-50.0996
-50.3439
-50.5863
-50.827
-51.0658
-51.3029
-51.5381
-51.7714
-52.003
-52.2327
-52.4605
-52.6866
-52.9108
-53.1331
-53.3537
-53.5724
-53.7893
-54.0044
-54.2176
-54.4291
-54.6387
-54.8466
-55.0527
-55.257
-55.4595
-55.6603
-55.8594
-56.0567
-56.2523
-56.4461
-56.6383
-56.8288
-57.0176
-57.2047
-57.3902
-57.574
-57.7562
-57.9368
-58.1158
-58.2932
-58.469
-58.6433
-58.816
-58.9871
-59.1568
-59.3249
-59.4915
-59.6567
-59.8204
-59.9826
-60.1434
-60.3027
-60.4607
-60.6172
-60.7723
-60.9261
-61.0785
-61.2296
-61.3793
-61.5277
-61.6748
-61.8206
-61.9652
-62.1084
-62.2504
-62.3912
-62.5308
-62.6691
-62.8062
-62.9421
-63.0769
-63.2105
-63.3429
-63.4742
-63.6044
-63.7334
-63.8614
-63.9882
-64.114
-64.2387
-64.3624
-64.485
-64.6065
-64.7271
-64.8466
-64.9651
-65.0826
-65.1992
-65.3147
-65.4293
-65.543
-65.6557
-65.7675
-65.8783
-65.9883
-66.0973
-66.2054
-66.3127
-66.4191
-66.5246
-66.6292
-66.733
-66.836
-66.9381
-67.0394
-67.1398
-67.2395
-67.3383
-67.4364
-67.5336
-67.6301
-67.7258
-67.8207
-67.9149
-68.0083
-68.101
-68.1929
-68.2841
-68.3746
-68.4643
-68.5533
-68.6416
-68.7293
-68.8162
-68.9024
-68.9879
-69.0728
-69.1569
-69.2405
-69.3233
-69.4055
-69.487
-69.5679
-69.6481
-69.7277
-69.8067
-69.885
-69.9627
-70.0398
-70.1163
-70.1922
-70.2674
-70.3421
-70.4161
-70.4896
-70.5625
-70.6348
-70.7065
-70.7777
-70.8483
-70.9183
-70.9878
-71.0567
-71.125
-71.1928
-71.2601
-71.3268
-71.3929
-71.4586
-71.5237
-71.5883
-71.6524
-71.7159
-71.779
-71.8415
-71.9035
-71.965
-72.026
-72.0866
-72.1466
-72.2062
-72.2652
-72.3238
-72.3819
-72.4395
-72.4967
-72.5534
-72.6096
-72.6654
-72.7207
-72.7755
-72.83
-72.8839
-72.9374
-72.9905
-73.0431
-73.0953
-73.1471
-73.1984
-73.2493
-73.2998
-73.3499
-73.3995
-73.4488
-73.4976
-73.546
-73.594
-73.6416
-73.6888
-73.7356
-73.782
-73.8281
-73.8737
-73.919
-73.9638
-74.0083
-74.0524
-74.0961
-74.1395
-74.1825
-74.2251
-74.2673
-74.3092
-74.3508
-74.3919
-74.4327
-74.4732
-74.5133
-74.5531
-74.5925
-74.6316
-74.6703
-74.7087
-74.7468
-74.7845
-74.8219
-74.859
-74.8958
-74.9322
-74.9683
-75.0041
-75.0395
-75.0747
-75.1095
-75.1441
-75.1783
-75.2122
-75.2458
-75.2792
-75.3122
-75.3449
-75.3773
-75.4095
-75.4413
-75.4729
-75.5042
-75.5352
-75.5659
-75.5963
-75.6265
-75.6563
-75.686
-75.7153
-75.7444
-75.7732
-75.8017
-75.83
-75.858
-75.8857
-75.9132
-75.9405
-75.9675
-75.9942
-76.0207
-76.047
-76.073
-76.0987
-76.1242
-76.1495
-76.1746
-76.1994
-76.2239
-76.2483
-76.2724
-76.2963
-76.3199
-76.3433
-76.3665
-76.3895
-76.4123
-76.4348
-76.4572
-76.4793
-76.5012
-76.5229
-76.5444
-76.5656
-76.5867
-76.6076
-76.6282
-76.6487
-76.6689
-76.689
-76.7088
-76.7285
-76.748
-76.7672
-76.7863
-76.8052
-76.8239
-76.8425
-76.8608
-76.8789
-76.8969
-76.9147
-76.9323
-76.9497
-76.967
-76.9841
-77.001
-77.0177
-77.0343
-77.0506
-77.0669
-77.0829
-77.0988
-77.1145
-77.13
-77.1454
-77.1607
-77.1757
-77.1906
-77.2054
-77.2199
-77.2344
-77.2486
-77.2628
-77.2767
-77.2905
-77.3042
-77.3177
-77.3311
-77.3443
-77.3574
-77.3703
-77.3831
-77.3957
-77.4082
-77.4205
-77.4327
-77.4448
-77.4567
-77.4685
-77.4802
-77.4917
-77.5031
-77.5143
-77.5254
-77.5364
-77.5472
-77.558
-77.5685
-77.579
-77.5893
-77.5995
-77.6096
-77.6195
-77.6294
-77.639
-77.6486
-77.6581
-77.6674
-77.6766
-77.6857
-77.6947
-77.7035
-77.7122
-77.7208
-77.7293
-77.7377
-77.746
-77.7541
-77.7622
-77.7701
-77.7779
-77.7856
-77.7932
-77.8006
-77.808
-77.8153
-77.8224
-77.8295
-77.8364
-77.8432
-77.8499
-77.8566
-77.8631
-77.8695
-77.8758
-77.882
-77.8881
-77.8941
-77.9
-77.9058
-77.9115
-77.9171
-77.9226
-77.928
-77.9333
-77.9385
-77.9436
-77.9487
-77.9536
-77.9584
-77.9632
-77.9678
-77.9724
-77.9768
-77.9812
-77.9855
-77.9897
-77.9938
-77.9978
-78.0017
-78.0055
-78.0093
-78.013
-78.0165
-78.02
-78.0234
-78.0267
-78.03
-78.0331
-78.0362
-78.0392
-78.0421
-78.0449
-78.0476
-78.0503
-78.0529
-78.0554
-78.0578
-78.0601
-78.0624
-78.0645
-78.0666
-78.0687
-78.0706
-78.0725
-78.0743
-78.076
-78.0776
-78.0792
-78.0807
-78.0821
-78.0835
-78.0847
-78.0859
-78.087
-78.0881
-78.0891
-78.09
-78.0908
-78.0916
-78.0923
-78.0929
-78.0935
-78.094
-78.0944
-78.0948
-78.0951
-78.0953
-78.0954
-78.0955
-78.0955
-78.0955
-78.0954
-78.0952
-78.095
-78.0947
-78.0943
-78.0939
-78.0934
-78.0928
-78.0922
-78.0915
-78.0907
-78.0899
-78.0891
-78.0881
-78.0871
-78.0861
-78.085
-78.0838
-78.0826
-78.0813
-78.0799
-78.0785
-78.077
-78.0755
-78.0739
-78.0723
-78.0706
-78.0688
-78.067
-78.0651
-78.0632
-78.0612
-78.0592
-78.0571
-78.055
-78.0528
-78.0505
-78.0482
-78.0458
-78.0434
-78.041
-78.0384
-78.0359
-78.0332
-78.0305
-78.0278
-78.025
-78.0222
-78.0193
-78.0164
-78.0134
-78.0103
-78.0073
-78.0041
-78.0009
-77.9977
-77.9944
-77.9911
-77.9877
-77.9843
-77.9808
-77.9773
-77.9737
-77.9701
-77.9664
-77.9627
-77.9589
-77.9551
-77.9512
-77.9473
-77.9434
-77.9394
-77.9354
-77.9313
-77.9271
-77.923
-77.9187
-77.9145
-77.9102
-77.9058
-77.9014
-77.897
-77.8925
-77.888
-77.8834
-77.8788
-77.8741
-77.8694
-77.8647
-77.8599
-77.8551
-77.8502
-77.8453
-77.8404
-77.8354
-77.8304
-77.8253
-77.8202
-77.815
-77.8098
-77.8046
-77.7993
-77.794
-77.7887
-77.7833
-77.7779
-77.7724
-77.7669
-77.7614
-77.7558
-77.7502
-77.7445
-77.7388
-77.7331
-77.7273
-77.7215
-77.7157
-77.7098
-77.7039
-77.6979
-77.6919
-77.6859
-77.6798
-77.6737
-77.6676
-77.6614
-77.6552
-77.649
-77.6427
-77.6364
-77.63
-77.6237
-77.6172
-77.6108
-77.6043
-77.5978
-77.5912
-77.5847
-77.578
-77.5714
-77.5647
-77.558
-77.5512
-77.5444
-77.5376
-77.5308
-77.5239
-77.517
-77.51
-77.503
-77.496
-77.489
-77.4819
-77.4748
-77.4677
-77.4605
-77.4533
-77.4461
-77.4388
-77.4315
-77.4242
-77.4168
-77.4094
-77.402
-77.3946
-77.3871
-77.3796
-77.3721
-77.3645
-77.3569
-77.3493
-77.3416
-77.3339
-77.3262
-77.3185
-77.3107
-77.3029
-77.2951
-77.2872
-77.2794
-77.2715
-77.2635
-77.2555
-77.2475
-77.2395
-77.2315
-77.2234
-77.2153
-77.2072
-77.199
-77.1908
-77.1826
-77.1743
-77.1661
-77.1578
-77.1495
-77.1411
-77.1327
-77.1243
-77.1159
-77.1074
-77.099
-77.0905
-77.0819
-77.0734
-77.0648
-77.0562
-77.0475
-77.0389
-77.0302
-77.0215
-77.0127
-77.004
-76.9952
-76.9864
-76.9775
-76.9687
-76.9598
-76.9509
-76.942
-76.933
-76.924
-76.915
-76.906
-76.8969
-76.8879
-76.8788
-76.8696
-76.8605
-76.8513
-76.8421
-76.8329
-76.8237
-76.8144
-76.8051
-76.7958
-76.7865
-76.7771
-76.7677
-76.7583
-76.7489
-76.7395
-76.73
-76.7205
-76.711
-76.7015
-76.6919
-76.6823
-76.6727
-76.6631
-76.6535
-76.6438
-76.6341
-76.6244
-76.6147
-76.6049
-76.5952
-76.5854
-76.5756
-76.5657
-76.5559
-76.546
-76.5361
-76.5262
-76.5162
-76.5063
-76.4963
-76.4863
-76.4763
-76.4662
-76.4562
-76.4461
-76.436
-76.4259
-76.4158
-76.4056
-76.3954
-76.3852
-76.375
-76.3648
-76.3545
-76.3442
-76.3339
-76.3236
-76.3133
-76.303
-76.2926
-76.2822
-76.2718
-76.2614
-76.2509
-76.2405
-76.23
-76.2195
-76.209
-76.1984
-76.1879
-76.1773
-76.1667
-76.1561
-76.1455
-76.1348
-76.1242
-76.1135
-76.1028
-76.0921
-76.0813
-76.0706
-76.0598
-76.049
-76.0382
-76.0274
-76.0166
-76.0057
-75.9949
-75.984
-75.9731
-75.9622
-75.9512
-75.9403
-75.9293
-75.9183
-75.9073
-75.8963
-75.8853
-75.8742
-75.8631
-75.8521
-75.841
-75.8298
-75.8187
-75.8076
-75.7964
-75.7852
-75.774
-75.7628
-75.7516
-75.7403
-75.7291
-75.7178
-75.7065
-75.6952
-75.6839
-75.6726
-75.6612
-75.6499
-75.6385
-75.6271
-75.6157
-75.6042
-75.5928
-75.5814
-75.5699
-75.5584
-75.5469
-75.5354
-75.5239
-75.5123
-75.5008
-75.4892
-75.4776
-75.466
-75.4544
-75.4428
-75.4312
-75.4195
-75.4078
-75.3962
-75.3845
-75.3728
-75.361
-75.3493
-75.3376
-75.3258
-75.314
-75.3022
-75.2904
-75.2786
-75.2668
-75.2549
-75.2431
-75.2312
-75.2193
-75.2074
-75.1955
-75.1836
-75.1717
-75.1597
-75.1478
-75.1358
-75.1238
-75.1118
-75.0998
-75.0878
-75.0758
-75.0637
-75.0516
-75.0396
-75.0275
-75.0154
-75.0033
-74.9912
-74.979
-74.9669
-74.9547
-74.9426
-74.9304
-74.9182
-74.906
-74.8938
-74.8816
-74.8693
-74.8571
-74.8448
-74.8325
-74.8202
-74.8079
-74.7956
-74.7833
-74.771
-74.7586
-74.7463
-74.7339
-74.7216
-74.7092
-74.6968
-74.6844
-74.6719
-74.6595
-74.6471
-74.6346
-74.6222
-74.6097
-74.5972
-74.5847
-74.5722
-74.5597
-74.5471
-74.5346
-74.5221
-74.5095
-74.4969
-74.4844
-74.4718
-74.4592
-74.4466
-74.4339
-74.4213
-74.4087
-74.396
-74.3833
-74.3707
-74.358
-74.3453
-74.3326
-74.3199
-74.3072
-74.2944
-74.2817
-74.2689
-74.2562
-74.2434
-74.2306
-74.2178
-74.205
-74.1922
-74.1794
-74.1666
-74.1537
-74.1409
-74.128
-74.1152
-74.1023
-74.0894
-74.0765
-74.0636
-74.0507
-74.0378
-74.0248
-74.0119
-73.999
-73.986
-73.973
-73.9601
-73.9471
-73.9341
-73.9211
-73.9081
-73.895
-73.882
-73.869
-73.8559
-73.8429
-73.8298
-73.8167
-73.8037
-73.7906
-73.7775
-73.7644
-73.7512
-73.7381
-73.725
-73.7119
-73.6987
-73.6856
-73.6724
-73.6592
-73.646
-73.6328
-73.6197
-73.6064
-73.5932
-73.58
-73.5668
-73.5535
-73.5403
-73.5271
-73.5138
-73.5005
-73.4873
-73.474
-73.4607
-73.4474
-73.4341
-73.4208
-73.4074
-73.3941
-73.3808
-73.3674
-73.3541
-73.3407
-73.3274
-73.314
-73.3006
-73.2872
-73.2738
-73.2604
-73.247
-73.2336
-73.2202
-73.2067
-73.1933
-73.1799
-73.1664
-73.153
-73.1395
-73.126
-73.1125
-73.0991
-73.0856
-73.0721
-73.0586
-73.0451
-73.0315
-73.018
-73.0045
-72.9909
-72.9774
-72.9639
-72.9503
-72.9367
-72.9232
-72.9096
-72.896
-72.8824
-72.8688
-72.8552
-72.8416
-72.828
-72.8144
-72.8008
-72.7871
-72.7735
-72.7599
-72.7462
-72.7325
-72.7189
-72.7052
-72.6915
-72.6779
-72.6642
-72.6505
-72.6368
-72.6231
-72.6094
-72.5957
-72.582
-72.5682
-72.5545
-72.5408
-72.527
-72.5133
-72.4995
-72.4858
-72.472
-72.4583
-72.4445
-72.4307
-72.4169
-72.4032
-72.3894
-72.3756
-72.3618
-72.348
-72.3341
-72.3203
-72.3065
-72.2927
-72.2788
-72.265
-72.2512
-72.2373
-72.2235
-72.2096
-72.1958
-72.1819
-72.168
-72.1542
-72.1403
-72.1264
-72.1125
-72.0986
-72.0847
-72.0708
-72.0569
-72.043
-72.0291
-72.0152
-72.0012
-71.9873
-71.9734
-71.9595
-71.9455
-71.9316
-71.9176
-71.9037
-71.8897
-71.8758
-71.8618
-71.8478
-71.8339
-71.8199
-71.8059
-71.7919
-71.7779
-71.7639
-71.7499
-71.7359
-71.7219
-71.7079
-71.6939
-71.6799
-71.6659
-71.6519
-71.6379
-71.6238
-71.6098
-71.5958
-71.5817
-71.5677
-71.5536
-71.5396
-71.5256
-71.5115
-71.4974
-71.4834
-71.4693
-71.4553
-71.4412
-71.4271
-71.413
-71.399
-71.3849
-71.3708
-71.3567
-71.3426
-71.3285
-71.3144
-71.3003
-71.2862
-71.2721
-71.258
-71.2439
-71.2298
-71.2157
-71.2015
-71.1874
-71.1733
-71.1592
-71.145
-71.1309
-71.1168
-71.1026
-71.0885
-71.0744
-71.0602
-71.0461
-71.0319
-71.0178
-71.0036
-70.9895
-70.9753
-70.9611
-70.947
-70.9328
-70.9186
-70.9045
-70.8903
-70.8761
-70.862
-70.8478
-70.8336
-70.8194
-70.8052
-70.791
-70.7769
-70.7627
-70.7485
-70.7343
-70.7201
-70.7059
-70.6917
-70.6775
-70.6633
-70.6491
-70.6349
-70.6207
-70.6065
-70.5923
-70.5781
-70.5638
-70.5496
-70.5354
-70.5212
-70.507
-70.4928
-70.4785
-70.4643
-70.4501
-70.4359
-70.4216
-70.4074
-70.3932
-70.3789
-70.3647
-70.3505
-70.3363
-70.322
-70.3078
-70.2935
-70.2793
-70.2651
-70.2508
-70.2366
-70.2223
-70.2081
-70.1939
-70.1796
-70.1654
-70.1511
-70.1369
-70.1226
-70.1084
-70.0941
-70.0799
-70.0656
-70.0514
-70.0371
-70.0229
-70.0086
-69.9944
-69.9801
-69.9658
-69.9516
-69.9373
-69.9231
-69.9088
-69.8946
-69.8803
-69.866
-69.8518
-69.8375
-69.8233
-69.809
-69.7947
-69.7805
-69.7662
-69.7519
-69.7377
-69.7234
-69.7092
-69.6949
-69.6806
-69.6664
-69.6521
-69.6379
-69.6236
-69.6093
-69.5951
-69.5808
-69.5665
-69.5523
-69.538
-69.5237
-69.5095
-69.4952
-69.481
-69.4667
-69.4524
-69.4382
-69.4239
-69.4097
-69.3954
-69.3811
-69.3669
-69.3526
-69.3384
-69.3241
-69.3098
-69.2956
-69.2813
-69.2671
-69.2528
-69.2385
-69.2243
-69.21
-69.1958
-69.1815
-69.1673
-69.153
-69.1388
-69.1245
-69.1103
-69.096
-69.0818
-69.0675
-69.0533
-69.039
-69.0248
-69.0105
-68.9963
-68.982
-68.9678
-68.9536
-68.9393
-68.9251
-68.9108
-68.8966
-68.8824
-68.8681
-68.8539
-68.8396
-68.8254
-68.8112
-68.7969
-68.7827
-68.7685
-68.7543
-68.74
-68.7258
-68.7116
-68.6974
-68.6831
-68.6689
-68.6547
-68.6405
-68.6263
-68.612
-68.5978
-68.5836
-68.5694
-68.5552
-68.541
-68.5268
-68.5126
-68.4984
-68.4842
-68.47
-68.4558
-68.4416
-68.4274
-68.4132
-68.399
-68.3848
-68.3706
-68.3564
-68.3422
-68.328
-68.3138
-68.2996
-68.2855
-68.2713
-68.2571
-68.2429
-68.2288
-68.2146
-68.2004
-68.1862
-68.1721
-68.1579
-68.1437
-68.1296
-68.1154
-68.1013
-68.0871
-68.073
-68.0588
-68.0447
-68.0305
-68.0164
-68.0022
-67.9881
-67.9739
-67.9598
-67.9457
-67.9315
-67.9174
-67.9033
-67.8891
-67.875
-67.8609
-67.8468
-67.8326
-67.8185
-67.8044
-67.7903
-67.7762
-67.7621
-67.748
-67.7339
-67.7198
-67.7057
-67.6916
-67.6775
-67.6634
-67.6493
-67.6352
-67.6211
-67.607
-67.593
-67.5789
-67.5648
-67.5507
-67.5367
-67.5226
-67.5085
-67.4945
-67.4804
-67.4663
-67.4523
-67.4382
-67.4242
-67.4101
-67.3961
-67.3821
-67.368
-67.354
-67.3399
-67.3259
-67.3119
-67.2979
-67.2838
-67.2698
-67.2558
-67.2418
-67.2278
-67.2138
-67.1998
-67.1858
-67.1717
-67.1578
-67.1438
-67.1298
-67.1158
-67.1018
-67.0878
-67.0738
-67.0598
-67.0459
-67.0319
-67.0179
-67.004
-66.99
-66.976
-66.9621
-66.9481
-66.9342
-66.9202
-66.9063
-66.8923
-66.8784
-66.8645
-66.8505
-66.8366
-66.8227
-66.8088
-66.7948
-66.7809
-66.767
-66.7531
-66.7392
-66.7253
-66.7114
-66.6975
-66.6836
-66.6697
-66.6558
-66.6419
-66.6281
-66.6142
-66.6003
-66.5864
-66.5726
-66.5587
-66.5449
-66.531
-66.5171
-66.5033
-66.4894
-66.4756
-66.4618
-66.4479
-66.4341
-66.4203
-66.4064
-66.3926
-66.3788
-66.365
-66.3512
-66.3374
-66.3236
-66.3098
-66.296
-66.2822
-66.2684
-66.2546
-66.2408
-66.227
-66.2133
-66.1995
-66.1857
-66.172
-66.1582
-66.1444
-66.1307
-66.1169
-66.1032
-66.0894
-66.0757
-66.062
-66.0482
-66.0345
-66.0208
-66.0071
-65.9934
-65.9796
-65.9659
-65.9522
-65.9385
-65.9248
-65.9111
-65.8975
-65.8838
-65.8701
-65.8564
-65.8427
-65.8291
-65.8154
-65.8017
-65.7881
-65.7744
-65.7608
-65.7471
-65.7335
-65.7199
-65.7062
-65.6926
-65.679
-65.6653
-65.6517
-65.6381
-65.6245
-65.6109
-65.5973
-65.5837
-65.5701
-65.5565
-65.5429
-65.5294
-65.5158
-65.5022
-65.4886
-65.4751
-65.4615
-65.448
-65.4344
-65.4209
-65.4073
-65.3938
-65.3803
-65.3667
-65.3532
-65.3397
-65.3262
-65.3127
-65.2991
-65.2856
-65.2721
-65.2587
-65.2452
-65.2317
-65.2182
-65.2047
-65.1912
-65.1778
-65.1643
-65.1508
-65.1374
-65.1239
-65.1105
-65.097
-65.0836
-65.0702
-65.0567
-65.0433
-65.0299
-65.0165
-65.0031
-64.9897
-64.9763
-64.9629
-64.9495
-64.9361
-64.9227
-64.9093
-64.8959
-64.8826
-64.8692
-64.8559
-64.8425
-64.8291
-64.8158
-64.8025
-64.7891
-64.7758
-64.7624
-64.7491
-64.7358
-64.7225
-64.7092
-64.6959
-64.6826
-64.6693
-64.656
-64.6427
-64.6294
-64.6161
-64.6029
-64.5896
-64.5763
-64.5631
-64.5498
-64.5366
-64.5233
-64.5101
-64.4968
-64.4836
-64.4704
-64.4572
-64.4439
-64.4307
-64.4175
-64.4043
-64.3911
-64.3779
-64.3648
-64.3516
-64.3384
-64.3252
-64.3121
-64.2989
-64.2857
-64.2726
-64.2594
-64.2463
-64.2331
-64.22
-64.2069
-64.1938
-64.1806
-64.1675
-64.1544
-64.1413
-64.1282
-64.1151
-64.102
-64.0889
-64.0759
-64.0628
-64.0497
-64.0367
-64.0236
-64.0105
-63.9975
-63.9844
-63.9714
-63.9584
-63.9453
-63.9323
-63.9193
-63.9063
-63.8933
-63.8803
-63.8673
-63.8543
-63.8413
-63.8283
-63.8153
-63.8024
-63.7894
-63.7764
-63.7635
-63.7505
-63.7376
-63.7246
-63.7117
-63.6988
-63.6858
-63.6729
-63.66
-63.6471
-63.6342
-63.6213
-63.6084
-63.5955
-63.5826
-63.5697
-63.5568
-63.544
-63.5311
-63.5182
-63.5054
-63.4925
-63.4797
-63.4668
-63.454
-63.4412
-63.4284
-63.4155
-63.4027
-63.3899
-63.3771
-63.3643
-63.3515
-63.3387
-63.326
-63.3132
-63.3004
-63.2876
-63.2749
-63.2621
-63.2494
-63.2366
-63.2239
-63.2112
-63.1984
-63.1857
-63.173
-63.1603
-63.1476
-63.1349
-63.1222
-63.1095
-63.0968
-63.0841
-63.0714
-63.0588
-63.0461
-63.0334
-63.0208
-63.0081
-62.9955
-62.9829
-62.9702
-62.9576
-62.945
-62.9324
-62.9197
-62.9071
-62.8945
-62.8819
-62.8694
-62.8568
-62.8442
-62.8316
-62.8191
-62.8065
-62.7939
-62.7814
-62.7688
-62.7563
-62.7438
-62.7312
-62.7187
-62.7062
-62.6937
-62.6812
-62.6687
-62.6562
-62.6437
-62.6312
-62.6187
-62.6062
-62.5938
-62.5813
-62.5689
-62.5564
-62.544
-62.5315
-62.5191
-62.5066
-62.4942
-62.4818
-62.4694
-62.457
-62.4446
-62.4322
-62.4198
-62.4074
-62.395
-62.3826
-62.3703
-62.3579
-62.3455
-62.3332
-62.3208
-62.3085
-62.2962
-62.2838
-62.2715
-62.2592
-62.2469
-62.2346
-62.2223
-62.21
-62.1977
-62.1854
-62.1731
-62.1608
-62.1486
-62.1363
-62.124
-62.1118
-62.0995
-62.0873
-62.0751
-62.0628
-62.0506
-62.0384
-62.0262
-62.014
-62.0017
-61.9896
-61.9774
-61.9652
-61.953
-61.9408
-61.9286
-61.9165
-61.9043
-61.8922
-61.88
-61.8679
-61.8557
-61.8436
-61.8315
-61.8194
-61.8073
-61.7952
-61.7831
-61.771
-61.7589
-61.7468
-61.7347
-61.7226
-61.7106
-61.6985
-61.6864
-61.6744
-61.6623
-61.6503
-61.6383
-61.6262
-61.6142
-61.6022
-61.5902
-61.5782
-61.5662
-61.5542
-61.5422
-61.5302
-61.5182
-61.5063
-61.4943
-61.4823
-61.4704
-61.4584
-61.4465
-61.4345
-61.4226
-61.4107
-61.3988
-61.3868
-61.3749
-61.363
-61.3511
-61.3392
-61.3273
-61.3155
-61.3036
-61.2917
-61.2798
-61.268
-61.2561
-61.2443
-61.2324
-61.2206
-61.2088
-61.1969
-61.1851
-61.1733
-61.1615
-61.1497
-61.1379
-61.1261
-61.1143
-61.1025
-61.0907
-61.079
-61.0672
-61.0555
-61.0437
-61.032
-61.0202
-61.0085
-60.9967
-60.985
-60.9733
-60.9616
-60.9499
-60.9382
-60.9265
-60.9148
-60.9031
-60.8914
-60.8797
-60.8681
-60.8564
-60.8448
-60.8331
-60.8215
-60.8098
-60.7982
-60.7865
-60.7749
-60.7633
-60.7517
-60.7401
-60.7285
-60.7169
-60.7053
-60.6937
-60.6821
-60.6706
-60.659
-60.6474
-60.6359
-60.6243
-60.6128
-60.6012
-60.5897
-60.5782
-60.5666
-60.5551
-60.5436
-60.5321
-60.5206
-60.5091
-60.4976
-60.4861
-60.4747
-60.4632
-60.4517
-60.4403
-60.4288
-60.4173
-60.4059
-60.3945
-60.383
-60.3716
-60.3602
-60.3488
-60.3373
-60.3259
-60.3145
-60.3031
-60.2917
-60.2804
-60.269
-60.2576
-60.2462
-60.2349
-60.2235
-60.2122
-60.2008
-60.1895
-60.1781
-60.1668
-60.1555
-60.1442
-60.1329
-60.1215
-60.1102
-60.0989
-60.0876
-60.0764
-60.0651
-60.0538
-60.0425
-60.0313
-60.02
-60.0088
-59.9975
-59.9863
-59.975
-59.9638
-59.9526
-59.9413
-59.9301
-59.9189
-59.9077
-59.8965
-59.8853
-59.8741
-59.863
-59.8518
-59.8406
-59.8294
-59.8183
-59.8071
-59.796
-59.7848
-59.7737
-59.7625
-59.7514
-59.7403
-59.7292
-59.7181
-59.707
-59.6958
-59.6848
-59.6737
-59.6626
-59.6515
-59.6404
-59.6293
-59.6183
-59.6072
-59.5962
-59.5851
-59.5741
-59.563
-59.552
-59.541
-59.5299
-59.5189
-59.5079
-59.4969
-59.4859
-59.4749
-59.4639
-59.4529
-59.442
-59.431
-59.42
-59.409
-59.3981
-59.3871
-59.3762
-59.3652
-59.3543
-59.3434
-59.3324
-59.3215
-59.3106
-59.2997
-59.2888
-59.2779
-59.267
-59.2561
-59.2452
-59.2343
-59.2234
-59.2125
-59.2017
-59.1908
-59.18
-59.1691
-59.1583
-59.1474
-59.1366
-59.1257
-59.1149
-59.1041
-59.0933
-59.0825
-59.0717
-59.0609
-59.0501
-59.0393
-59.0285
-59.0177
-59.0069
-58.9961
-58.9854
-58.9746
-58.9639
-58.9531
-58.9424
-58.9316
-58.9209
-58.9102
-58.8994
-58.8887
-58.878
-58.8673
-58.8566
-58.8459
-58.8352
-58.8245
-58.8138
-58.8031
-58.7924
-58.7818
-58.7711
-58.7604
-58.7498
-58.7391
-58.7285
-58.7178
-58.7072
-58.6965
-58.6859
-58.6753
-58.6647
-58.6541
-58.6434
-58.6328
-58.6222
-58.6116
-58.601
-58.5905
-58.5799
-58.5693
-58.5587
-58.5482
-58.5376
-58.527
-58.5165
-58.5059
-58.4954
-58.4849
-58.4743
-58.4638
-58.4533
-58.4427
-58.4322
-58.4217
-58.4112
-58.4007
-58.3902
-58.3797
-58.3692
-58.3587
-58.3483
-58.3378
-58.3273
-58.3168
-58.3064
-58.2959
-58.2855
-58.275
-58.2646
-58.2541
-58.2437
-58.2333
-58.2229
-58.2124
-58.202
-58.1916
-58.1812
-58.1708
-58.1604
-58.15
-58.1396
-58.1292
-58.1188
-58.1085
-58.0981
-58.0877
-58.0773
-58.067
-58.0566
-58.0463
-58.0359
-58.0256
-58.0152
-58.0049
-57.9946
-57.9842
-57.9739
-57.9636
-57.9533
-57.943
-57.9327
-57.9224
-57.9121
-57.9018
-57.8915
-57.8812
-57.8709
-57.8606
-57.8504
-57.8401
-57.8298
-57.8196
-57.8093
-57.7991
-57.7888
-57.7786
-57.7683
-57.7581
-57.7479
-57.7376
-57.7274
-57.7172
-57.707
-57.6968
-57.6865
-57.6763
-57.6661
-57.6559
-57.6457
-57.6356
-57.6254
-57.6152
-57.605
-57.5948
-57.5847
-57.5745
-57.5643
-57.5542
-57.544
-57.5339
-57.5237
-57.5136
-57.5034
-57.4933
-57.4832
-57.473
-57.4629
-57.4528
-57.4427
-57.4326
-57.4225
-57.4123
-57.4022
-57.3921
-57.382
-57.372
-57.3619
-57.3518
-57.3417
-57.3316
-57.3215
-57.3115
-57.3014
-57.2913
-57.2813
-57.2712
-57.2612
-57.2511
-57.2411
-57.231
-57.221
-57.2109
-57.2009
-57.1909
-57.1808
-57.1708
-57.1608
-57.1508
-57.1407
-57.1307
-57.1207
-57.1107
-57.1007
-57.0907
-57.0807
-57.0707
-57.0607
-57.0507
-57.0408
-57.0308
-57.0208
-57.0108
-57.0008
-56.9909
-56.9809
-56.9709
-56.961
-56.951
-56.9411
-56.9311
-56.9212
-56.9112
-56.9013
-56.8913
-56.8814
-56.8715
-56.8615
-56.8516
-56.8417
-56.8317
-56.8218
-56.8119
-56.802
-56.7921
-56.7822
-56.7723
-56.7623
-56.7524
-56.7425
-56.7326
-56.7228
-56.7129
-56.703
-56.6931
-56.6832
-56.6733
-56.6634
-56.6536
-56.6437
-56.6338
-56.6239
-56.6141
-56.6042
-56.5943
-56.5845
-56.5746
-56.5648
-56.5549
-56.5451
-56.5352
-56.5254
-56.5155
-56.5057
-56.4958
-56.486
-56.4762
-56.4663
-56.4565
-56.4467
-56.4368
-56.427
-56.4172
-56.4074
-56.3976
-56.3877
-56.3779
-56.3681
-56.3583
-56.3485
-56.3387
-56.3289
-56.3191
-56.3093
-56.2995
-56.2897
-56.2799
-56.2701
-56.2603
-56.2505
-56.2407
-56.2309
-56.2211
-56.2113
-56.2015
-56.1918
-56.182
-56.1722
-56.1624
-56.1526
-56.1429
-56.1331
-56.1233
-56.1135
-56.1038
-56.094
-56.0842
-56.0745
-56.0647
-56.0549
-56.0452
-56.0354
-56.0256
-56.0159
-56.0061
-55.9964
-55.9866
-55.9768
-55.9671
-55.9573
-55.9476
-55.9378
-55.9281
-55.9183
-55.9086
-55.8988
-55.8891
-55.8793
-55.8696
-55.8598
-55.8501
-55.8403
-55.8306
-55.8208
-55.8111
-55.8014
-55.7916
-55.7819
-55.7721
-55.7624
-55.7526
-55.7429
-55.7332
-55.7234
-55.7137
-55.7039
-55.6942
-55.6845
-55.6747
-55.665
-55.6552
-55.6455
-55.6358
-55.626
-55.6163
-55.6066
-55.5968
-55.5871
-55.5773
-55.5676
-55.5579
-55.5481
-55.5384
-55.5287
-55.5189
-55.5092
-55.4994
-55.4897
-55.48
-55.4702
-55.4605
-55.4507
-55.441
-55.4312
-55.4215
-55.4118
-55.402
-55.3923
-55.3825
-55.3728
-55.363
-55.3533
-55.3435
-55.3338
-55.324
-55.3143
-55.3045
-55.2948
-55.285
-55.2752
-55.2655
-55.2557
-55.246
-55.2362
-55.2264
-55.2167
-55.2069
-55.1971
-55.1874
-55.1776
-55.1678
-55.158
-55.1483
-55.1385
-55.1287
-55.1189
-55.1091
-55.0994
-55.0896
-55.0798
-55.07
-55.0602
-55.0504
-55.0406
-55.0308
-55.021
-55.0112
-55.0014
-54.9916
-54.9818
-54.9719
-54.9621
-54.9523
-54.9425
-54.9327
-54.9228
-54.913
-54.9032
-54.8933
-54.8835
-54.8736
-54.8638
-54.8539
-54.8441
-54.8342
-54.8244
-54.8145
-54.8047
-54.7948
-54.7849
-54.775
-54.7652
-54.7553
-54.7454
-54.7355
-54.7256
-54.7157
-54.7058
-54.6959
-54.686
-54.6761
-54.6662
-54.6563
-54.6463
-54.6364
-54.6265
-54.6166
-54.6066
-54.5967
-54.5867
-54.5768
-54.5668
-54.5569
-54.5469
-54.5369
-54.5269
-54.517
-54.507
-54.497
-54.487
-54.477
-54.467
-54.457
-54.447
-54.4369
-54.4269
-54.4169
-54.4068
-54.3968
-54.3868
-54.3767
-54.3666
-54.3566
-54.3465
-54.3364
-54.3263
-54.3162
-54.3061
-54.296
-54.2859
-54.2758
-54.2657
-54.2555
-54.2454
-54.2352
-54.2251
-54.2149
-54.2048
-54.1946
-54.1844
-54.1742
-54.164
-54.1538
-54.1436
-54.1334
-54.1231
-54.1129
-54.1026
-54.0924
-54.0821
-54.0718
-54.0616
-54.0513
-54.041
-54.0307
-54.0203
-54.01
-53.9997
-53.9893
-53.979
-53.9686
-53.9582
-53.9479
-53.9375
-53.9271
-53.9167
-53.9062
-53.8958
-53.8854
-53.8749
-53.8644
-53.854
-53.8435
-53.833
-53.8225
-53.812
-53.8014
-53.7909
-53.7804
-53.7698
-53.7592
-53.7486
-53.738
-53.7274
-53.7168
-53.7062
-53.6955
-53.6849
-53.6742
-53.6635
-53.6528
-53.6421
-53.6314
-53.6207
-53.6099
-53.5992
-53.5884
-53.5776
-53.5668
-53.556
-53.5452
-53.5343
-53.5235
-53.5126
-53.5017
-53.4908
-53.4799
-53.4689
-53.458
-53.447
-53.436
-53.425
-53.414
-53.4029
-53.3919
-53.3808
-53.3697
-53.3586
-53.3475
-53.3363
-53.3251
-53.314
-53.3028
-53.2915
-53.2803
-53.269
-53.2577
-53.2464
-53.2351
-53.2238
-53.2124
-53.201
-53.1896
-53.1782
-53.1667
-53.1552
-53.1437
-53.1322
-53.1207
-53.1091
-53.0975
-53.0859
-53.0743
-53.0626
-53.0509
-53.0392
-53.0275
-53.0157
-53.0039
-52.9921
-52.9803
-52.9684
-52.9565
-52.9446
-52.9327
-52.9207
-52.9087
-52.8967
-52.8846
-52.8725
-52.8604
-52.8483
-52.8361
-52.8239
-52.8117
-52.7994
-52.7871
-52.7748
-52.7624
-52.75
-52.7376
-52.7252
-52.7127
-52.7001
-52.6876
-52.675
-52.6623
-52.6496
-52.6369
-52.6242
-52.6114
-52.5985
-52.5857
-52.5727
-52.5598
-52.5468
-52.5337
-52.5206
-52.5075
-52.4943
-52.4811
-52.4678
-52.4545
-52.4412
-52.4277
-52.4143
-52.4008
-52.3872
-52.3736
-52.3599
-52.3462
-52.3324
-52.3186
-52.3047
-52.2908
-52.2768
-52.2627
-52.2486
-52.2345
-52.2202
-52.2059
-52.1916
-52.1772
-52.1627
-52.1482
-52.1336
-52.1189
-52.1042
-52.0894
-52.0745
-52.0596
-52.0445
-52.0294
-52.0143
-51.999
-51.9837
-51.9683
-51.9528
-51.9372
-51.9216
-51.9058
-51.89
-51.8741
-51.8581
-51.8419
-51.8257
-51.8094
-51.793
-51.7765
-51.7599
-51.7432
-51.7263
-51.7094
-51.6923
-51.6752
-51.6579
-51.6405
-51.6229
-51.6053
-51.5875
-51.5696
-51.5515
-51.5334
-51.515
-51.4966
-51.478
-51.4592
-51.4403
-51.4213
-51.402
-51.3827
-51.3631
-51.3434
-51.3235
-51.3034
-51.2831
-51.2626
-51.2419
-51.2211
-51.2
-51.1787
-51.1571
-51.1354
-51.1134
-51.0912
-51.0688
-51.046
-51.0231
-50.9998
-50.9763
-50.9525
-50.9284
-50.904
-50.8793
-50.8543
-50.8289
-50.8032
-50.7771
-50.7506
-50.7238
-50.6966
-50.6689
-50.6409
-50.6124
-50.5834
-50.554
-50.524
-50.4936
-50.4626
-50.431
-50.3989
-50.3661
-50.3328
-50.2987
-50.264
-50.2286
-50.1924
-50.1554
-50.1175
-50.0789
-50.0393
-49.9987
-49.9571
-49.9145
-49.8707
-49.8258
-49.7796
-49.7321
-49.6832
-49.6328
-49.5809
-49.5272
-49.4718
-49.4145
-49.3552
-49.2937
-49.2299
-49.1635
-49.0946
-49.0227
-48.9477
-48.8694
-48.7874
-48.7015
-48.6114
-48.5166
-48.4167
-48.3112
-48.1997
-48.0815
-47.956
-47.8224
-47.6799
-47.5275
-47.3643
-47.189
-47.0005
-46.7973
-46.5779
-46.3407
-46.084
-45.8061
-45.5052
-45.1797
-44.8281
-44.4491
-44.0417
-43.6053
-43.1396
-42.6448
-42.1215
-41.5706
-40.9934
-40.3912
-39.7655
-39.118
-38.4499
-37.7627
-37.0576
-36.3356
-35.5976
-34.8444
-34.0764
-33.294
-32.4976
-31.6872
-30.8629
-30.0247
-29.1725
-28.3061
-27.4254
-26.53
-25.6199
-24.6948
-23.7546
-22.7989
-21.8278
-20.8411
-19.8386
-18.8203
-17.7863
-16.7365
-15.6708
-14.5895
-13.4924
-12.3797
-11.2515
-10.108
-8.94937
-7.77588
-6.58795
-5.38611
-4.17107
-2.94371
-1.70516
-0.456778
0.799794
2.06264
3.32955
4.59806
5.86544
7.12874
8.38485
9.63055
10.8626
12.0777
13.2727
14.4446
15.5906
16.7082
17.7952
18.8495
19.8696
20.8541
21.802
22.7127
23.5855
24.4203
25.2171
25.9758
26.6969
27.3806
28.0277
28.6387
29.2145
29.7559
30.264
30.7399
31.1848
31.6
31.9868
32.3465
32.6807
32.9905
33.2774
33.5426
33.7873
34.0125
34.2194
34.4088
34.5815
34.7383
34.8796
35.0061
35.1181
35.2161
35.3004
35.3712
35.4288
35.4734
35.5052
35.5244
35.5313
35.5259
35.5087
35.4797
35.4393
35.3876
35.3249
35.2515
35.1675
35.0731
34.9686
34.8541
34.7298
34.5958
34.4521
34.299
34.1364
33.9644
33.7832
33.5927
33.3932
33.1845
32.9668
32.7403
32.505
32.261
32.0084
31.7473
31.478
31.2005
30.9149
30.6215
30.3204
30.0117
29.6957
29.3726
29.0425
28.7056
28.3622
28.0125
27.6567
27.295
26.9277
26.5551
26.1772
25.7945
25.407
25.0152
24.6192
24.2192
23.8155
23.4083
22.9978
22.5843
22.168
21.749
21.3275
20.9038
20.4779
20.0501
19.6204
19.1891
18.7563
18.3221
17.8866
17.4499
17.0121
16.5735
16.134
15.6937
15.2528
14.8114
14.3695
13.9272
13.4847
13.042
12.5991
12.1563
11.7135
11.2708
10.8283
10.3862
9.94429
9.50284
9.06186
8.6214
8.18153
7.74231
7.30378
6.86599
6.42901
5.99287
5.55762
5.1233
4.68996
4.25763
3.82635
3.39616
2.96708
2.53917
2.11243
1.68691
1.26262
0.839599
0.417864
-0.00256271
-0.421659
-0.839408
-1.25579
-1.67079
-2.08439
-2.49659
-2.90736
-3.3167
-3.72459
-4.13103
-4.53602
-4.93953
-5.34158
-5.74215
-6.14124
-6.53885
-6.93497
-7.32961
-7.72276
-8.11442
-8.5046
-8.8933
-9.28051
-9.66625
-10.0505
-10.4333
-10.8147
-11.1946
-11.573
-11.95
-12.3256
-12.6998
-13.0725
-13.4439
-13.8139
-14.1825
-14.5498
-14.9158
-15.2804
-15.6437
-16.0058
-16.3666
-16.7261
-17.0845
-17.4416
-17.7975
-18.1522
-18.5058
-18.8583
-19.2097
-19.5599
-19.9091
-20.2573
-20.6044
-20.9505
-21.2956
-21.6397
-21.9829
-22.3251
-22.6664
-23.0068
-23.3463
-23.685
-24.0228
-24.3597
-24.6959
-25.0312
-25.3658
-25.6996
-26.0326
-26.3648
-26.6964
-27.0272
-27.3573
-27.6867
-28.0153
-28.3433
-28.6707
-28.9973
-29.3233
-29.6486
-29.9733
-30.2973
-30.6207
-30.9434
-31.2655
-31.587
-31.9077
-32.2279
-32.5474
-32.8662
-33.1843
-33.5018
-33.8186
-34.1347
-34.4502
-34.7649
-35.0789
-35.3922
-35.7047
-36.0165
-36.3275
-36.6377
-36.9471
-37.2556
-37.5633
-37.8702
-38.1762
-38.4812
-38.7854
-39.0886
-39.3908
-39.692
-39.9922
-40.2914
-40.5895
-40.8865
-41.1823
-41.4771
-41.7706
-42.063
-42.3541
-42.644
-42.9326
-43.22
-43.506
-43.7906
-44.0739
-44.3558
-44.6363
-44.9153
-45.1928
-45.4689
-45.7435
-46.0165
-46.288
-46.5579
-46.8262
-47.0929
-47.358
-47.6214
-47.8831
-48.1432
-48.4016
-48.6583
-48.9133
-49.1665
-49.418
-49.6677
-49.9156
-50.1618
-50.4062
-50.6487
-50.8895
-51.1285
-51.3656
-51.6009
-51.8344
-52.066
-52.2959
-52.5238
-52.75
-52.9743
-53.1968
-53.4174
-53.6363
-53.8532
-54.0684
-54.2818
-54.4933
-54.7031
-54.911
-55.1172
-55.3215
-55.5241
-55.725
-55.9241
-56.1214
-56.317
-56.5109
-56.7031
-56.8936
-57.0824
-57.2696
-57.455
-57.6388
-57.821
-58.0016
-58.1805
-58.3579
-58.5336
-58.7078
-58.8805
-59.0515
-59.2211
-59.3892
-59.5557
-59.7207
-59.8843
-60.0464
-60.2071
-60.3663
-60.5241
-60.6805
-60.8355
-60.9892
-61.1414
-61.2923
-61.4419
-61.5902
-61.7371
-61.8827
-62.0271
-62.1702
-62.312
-62.4526
-62.5919
-62.73
-62.8669
-63.0027
-63.1372
-63.2706
-63.4028
-63.5339
-63.6638
-63.7926
-63.9204
-64.047
-64.1725
-64.297
-64.4204
-64.5427
-64.664
-64.7843
-64.9036
-65.0218
-65.1391
-65.2553
-65.3706
-65.485
-65.5984
-65.7108
-65.8223
-65.9329
-66.0425
-66.1513
-66.2591
-66.3661
-66.4721
-66.5774
-66.6817
-66.7852
-66.8878
-66.9896
-67.0906
-67.1908
-67.2901
-67.3887
-67.4864
-67.5833
-67.6795
-67.7749
-67.8695
-67.9633
-68.0564
-68.1488
-68.2404
-68.3313
-68.4214
-68.5108
-68.5995
-68.6875
-68.7748
-68.8614
-68.9473
-69.0325
-69.117
-69.2009
-69.2841
-69.3666
-69.4484
-69.5296
-69.6102
-69.6901
-69.7694
-69.848
-69.926
-70.0034
-70.0802
-70.1563
-70.2319
-70.3068
-70.3811
-70.4549
-70.528
-70.6006
-70.6726
-70.744
-70.8148
-70.8851
-70.9548
-71.0239
-71.0925
-71.1605
-71.228
-71.295
-71.3614
-71.4272
-71.4925
-71.5574
-71.6216
-71.6854
-71.7486
-71.8114
-71.8736
-71.9353
-71.9965
-72.0572
-72.1174
-72.1772
-72.2364
-72.2952
-72.3534
-72.4112
-72.4686
-72.5254
-72.5818
-72.6378
-72.6932
-72.7482
-72.8028
-72.8569
-72.9106
-72.9638
-73.0166
-73.0689
-73.1208
-73.1723
-73.2234
-73.274
-73.3242
-73.374
-73.4233
-73.4723
-73.5208
-73.569
-73.6167
-73.664
-73.711
-73.7575
-73.8036
-73.8494
-73.8948
-73.9397
-73.9843
-74.0286
-74.0724
-74.1159
-74.159
-74.2017
-74.244
-74.286
-74.3277
-74.3689
-74.4099
-74.4504
-74.4906
-74.5305
-74.57
-74.6092
-74.648
-74.6865
-74.7247
-74.7625
-74.8
-74.8372
-74.874
-74.9105
-74.9467
-74.9826
-75.0181
-75.0534
-75.0883
-75.1229
-75.1572
-75.1912
-75.2249
-75.2583
-75.2914
-75.3242
-75.3567
-75.3889
-75.4208
-75.4525
-75.4838
-75.5149
-75.5457
-75.5761
-75.6064
-75.6363
-75.666
-75.6954
-75.7245
-75.7534
-75.782
-75.8103
-75.8384
-75.8662
-75.8937
-75.921
-75.9481
-75.9749
-76.0014
-76.0277
-76.0538
-76.0796
-76.1051
-76.1305
-76.1555
-76.1804
-76.205
-76.2294
-76.2535
-76.2775
-76.3011
-76.3246
-76.3479
-76.3709
-76.3937
-76.4163
-76.4386
-76.4608
-76.4827
-76.5044
-76.5259
-76.5472
-76.5683
-76.5892
-76.6099
-76.6304
-76.6507
-76.6708
-76.6907
-76.7104
-76.7299
-76.7492
-76.7683
-76.7872
-76.8059
-76.8245
-76.8428
-76.861
-76.879
-76.8968
-76.9144
-76.9319
-76.9492
-76.9663
-76.9832
-76.9999
-77.0165
-77.0329
-77.0492
-77.0652
-77.0811
-77.0969
-77.1124
-77.1278
-77.1431
-77.1582
-77.1731
-77.1878
-77.2024
-77.2169
-77.2312
-77.2453
-77.2593
-77.2731
-77.2868
-77.3004
-77.3137
-77.327
-77.3401
-77.353
-77.3658
-77.3785
-77.391
-77.4033
-77.4156
-77.4276
-77.4396
-77.4514
-77.4631
-77.4746
-77.486
-77.4973
-77.5084
-77.5194
-77.5303
-77.541
-77.5516
-77.5621
-77.5724
-77.5827
-77.5927
-77.6027
-77.6126
-77.6223
-77.6319
-77.6413
-77.6507
-77.6599
-77.669
-77.678
-77.6869
-77.6956
-77.7043
-77.7128
-77.7212
-77.7295
-77.7377
-77.7457
-77.7537
-77.7615
-77.7692
-77.7768
-77.7843
-77.7917
-77.799
-77.8062
-77.8133
-77.8202
-77.8271
-77.8338
-77.8405
-77.847
-77.8535
-77.8598
-77.866
-77.8721
-77.8782
-77.8841
-77.8899
-77.8957
-77.9013
-77.9068
-77.9123
-77.9176
-77.9229
-77.928
-77.9331
-77.938
-77.9429
-77.9476
-77.9523
-77.9569
-77.9614
-77.9658
-77.9701
-77.9743
-77.9785
-77.9825
-77.9865
-77.9903
-77.9941
-77.9978
-78.0014
-78.0049
-78.0084
-78.0117
-78.015
-78.0182
-78.0213
-78.0243
-78.0272
-78.0301
-78.0329
-78.0355
-78.0381
-78.0407
-78.0431
-78.0455
-78.0478
-78.05
-78.0521
-78.0542
-78.0562
-78.0581
-78.0599
-78.0617
-78.0633
-78.0649
-78.0665
-78.0679
-78.0693
-78.0706
-78.0718
-78.073
-78.0741
-78.0751
-78.0761
-78.0769
-78.0777
-78.0785
-78.0792
-78.0798
-78.0803
-78.0807
-78.0811
-78.0815
-78.0817
-78.0819
-78.082
-78.0821
-78.0821
-78.082
-78.0819
-78.0817
-78.0814
-78.0811
-78.0807
-78.0802
-78.0797
-78.0791
-78.0785
-78.0778
-78.077
-78.0762
-78.0753
-78.0743
-78.0733
-78.0722
-78.0711
-78.0699
-78.0686
-78.0673
-78.066
-78.0645
-78.063
-78.0615
-78.0599
-78.0582
-78.0565
-78.0547
-78.0529
-78.051
-78.0491
-78.0471
-78.045
-78.0429
-78.0408
-78.0386
-78.0363
-78.034
-78.0316
-78.0292
-78.0267
-78.0242
-78.0216
-78.0189
-78.0162
-78.0135
-78.0107
-78.0079
-78.005
-78.002
-77.999
-77.996
-77.9929
-77.9898
-77.9866
-77.9833
-77.98
-77.9767
-77.9733
-77.9699
-77.9664
-77.9628
-77.9593
-77.9556
-77.952
-77.9482
-77.9445
-77.9407
-77.9368
-77.9329
-77.9289
-77.9249
-77.9209
-77.9168
-77.9127
-77.9085
-77.9043
-77.9
-77.8957
-77.8914
-77.887
-77.8825
-77.878
-77.8735
-77.8689
-77.8643
-77.8597
-77.855
-77.8503
-77.8455
-77.8407
-77.8358
-77.8309
-77.8259
-77.821
-77.8159
-77.8109
-77.8058
-77.8006
-77.7954
-77.7902
-77.7849
-77.7796
-77.7743
-77.7689
-77.7635
-77.758
-77.7525
-77.747
-77.7414
-77.7358
-77.7302
-77.7245
-77.7188
-77.713
-77.7072
-77.7014
-77.6955
-77.6896
-77.6836
-77.6777
-77.6717
-77.6656
-77.6595
-77.6534
-77.6472
-77.641
-77.6348
-77.6285
-77.6222
-77.6159
-77.6095
-77.6031
-77.5967
-77.5902
-77.5837
-77.5772
-77.5706
-77.564
-77.5574
-77.5507
-77.544
-77.5372
-77.5305
-77.5237
-77.5168
-77.51
-77.5031
-77.4961
-77.4892
-77.4822
-77.4751
-77.4681
-77.461
-77.4539
-77.4467
-77.4395
-77.4323
-77.4251
-77.4178
-77.4105
-77.4032
-77.3958
-77.3884
-77.381
-77.3735
-77.366
-77.3585
-77.351
-77.3434
-77.3358
-77.3282
-77.3205
-77.3128
-77.3051
-77.2973
-77.2896
-77.2818
-77.2739
-77.2661
-77.2582
-77.2503
-77.2423
-77.2343
-77.2263
-77.2183
-77.2103
-77.2022
-77.1941
-77.1859
-77.1778
-77.1696
-77.1614
-77.1531
-77.1448
-77.1366
-77.1282
-77.1199
-77.1115
-77.1031
-77.0947
-77.0862
-77.0778
-77.0693
-77.0607
-77.0522
-77.0436
-77.035
-77.0264
-77.0177
-77.009
-77.0003
-76.9916
-76.9829
-76.9741
-76.9653
-76.9565
-76.9476
-76.9387
-76.9298
-76.9209
-76.912
-76.903
-76.894
-76.885
-76.876
-76.8669
-76.8578
-76.8487
-76.8396
-76.8304
-76.8213
-76.8121
-76.8028
-76.7936
-76.7843
-76.775
-76.7657
-76.7564
-76.7471
-76.7377
-76.7283
-76.7189
-76.7094
-76.7
-76.6905
-76.681
-76.6714
-76.6619
-76.6523
-76.6427
-76.6331
-76.6235
-76.6138
-76.6042
-76.5945
-76.5847
-76.575
-76.5653
-76.5555
-76.5457
-76.5359
-76.526
-76.5162
-76.5063
-76.4964
-76.4865
-76.4765
-76.4666
-76.4566
-76.4466
-76.4366
-76.4266
-76.4165
-76.4064
-76.3963
-76.3862
-76.3761
-76.3659
-76.3558
-76.3456
-76.3354
-76.3252
-76.3149
-76.3046
-76.2944
-76.2841
-76.2738
-76.2634
-76.2531
-76.2427
-76.2323
-76.2219
-76.2115
-76.201
-76.1906
-76.1801
-76.1696
-76.1591
-76.1486
-76.138
-76.1274
-76.1169
-76.1063
-76.0956
-76.085
-76.0744
-76.0637
-76.053
-76.0423
-76.0316
-76.0208
-76.0101
-75.9993
-75.9885
-75.9777
-75.9669
-75.9561
-75.9452
-75.9344
-75.9235
-75.9126
-75.9017
-75.8908
-75.8798
-75.8688
-75.8579
-75.8469
-75.8359
-75.8248
-75.8138
-75.8028
-75.7917
-75.7806
-75.7695
-75.7584
-75.7472
-75.7361
-75.7249
-75.7138
-75.7026
-75.6914
-75.6801
-75.6689
-75.6577
-75.6464
-75.6351
-75.6238
-75.6125
-75.6012
-75.5899
-75.5785
-75.5671
-75.5558
-75.5444
-75.533
-75.5215
-75.5101
-75.4987
-75.4872
-75.4757
-75.4642
-75.4527
-75.4412
-75.4297
-75.4181
-75.4066
-75.395
-75.3834
-75.3718
-75.3602
-75.3486
-75.3369
-75.3253
-75.3136
-75.3019
-75.2902
-75.2785
-75.2668
-75.2551
-75.2433
-75.2316
-75.2198
-75.208
-75.1962
-75.1844
-75.1726
-75.1608
-75.1489
-75.1371
-75.1252
-75.1133
-75.1015
-75.0895
-75.0776
-75.0657
-75.0538
-75.0418
-75.0298
-75.0179
-75.0059
-74.9939
-74.9819
-74.9698
-74.9578
-74.9458
-74.9337
-74.9216
-74.9096
-74.8975
-74.8854
-74.8732
-74.8611
-74.849
-74.8368
-74.8247
-74.8125
-74.8003
-74.7881
-74.7759
-74.7637
-74.7515
-74.7392
-74.727
-74.7147
-74.7025
-74.6902
-74.6779
-74.6656
-74.6533
-74.641
-74.6286
-74.6163
-74.6039
-74.5916
-74.5792
-74.5668
-74.5544
-74.542
-74.5296
-74.5172
-74.5047
-74.4923
-74.4798
-74.4674
-74.4549
-74.4424
-74.4299
-74.4174
-74.4049
-74.3924
-74.3798
-74.3673
-74.3547
-74.3422
-74.3296
-74.317
-74.3044
-74.2918
-74.2792
-74.2666
-74.254
-74.2413
-74.2287
-74.216
-74.2034
-74.1907
-74.178
-74.1653
-74.1526
-74.1399
-74.1272
-74.1144
-74.1017
-74.089
-74.0762
-74.0634
-74.0507
-74.0379
-74.0251
-74.0123
-73.9995
-73.9867
-73.9739
-73.961
-73.9482
-73.9353
-73.9225
-73.9096
-73.8967
-73.8839
-73.871
-73.8581
-73.8452
-73.8322
-73.8193
-73.8064
-73.7935
-73.7805
-73.7675
-73.7546
-73.7416
-73.7286
-73.7157
-73.7027
-73.6897
-73.6766
-73.6636
-73.6506
-73.6376
-73.6245
-73.6115
-73.5984
-73.5854
-73.5723
-73.5592
-73.5461
-73.5331
-73.52
-73.5068
-73.4937
-73.4806
-73.4675
-73.4544
-73.4412
-73.4281
-73.4149
-73.4017
-73.3886
-73.3754
-73.3622
-73.349
-73.3358
-73.3226
-73.3094
-73.2962
-73.283
-73.2697
-73.2565
-73.2433
-73.23
-73.2167
-73.2035
-73.1902
-73.1769
-73.1636
-73.1504
-73.1371
-73.1238
-73.1105
-73.0971
-73.0838
-73.0705
-73.0572
-73.0438
-73.0305
-73.0171
-73.0038
-72.9904
-72.977
-72.9636
-72.9503
-72.9369
-72.9235
-72.9101
-72.8967
-72.8833
-72.8698
-72.8564
-72.843
-72.8296
-72.8161
-72.8027
-72.7892
-72.7758
-72.7623
-72.7488
-72.7354
-72.7219
-72.7084
-72.6949
-72.6814
-72.6679
-72.6544
-72.6409
-72.6274
-72.6138
-72.6003
-72.5868
-72.5733
-72.5597
-72.5462
-72.5326
-72.519
-72.5055
-72.4919
-72.4783
-72.4648
-72.4512
-72.4376
-72.424
-72.4104
-72.3968
-72.3832
-72.3696
-72.356
-72.3423
-72.3287
-72.3151
-72.3015
-72.2878
-72.2742
-72.2605
-72.2469
-72.2332
-72.2195
-72.2059
-72.1922
-72.1785
-72.1649
-72.1512
-72.1375
-72.1238
-72.1101
-72.0964
-72.0827
-72.069
-72.0553
-72.0415
-72.0278
-72.0141
-72.0004
-71.9866
-71.9729
-71.9591
-71.9454
-71.9317
-71.9179
-71.9041
-71.8904
-71.8766
-71.8628
-71.8491
-71.8353
-71.8215
-71.8077
-71.7939
-71.7801
-71.7664
-71.7526
-71.7387
-71.7249
-71.7111
-71.6973
-71.6835
-71.6697
-71.6559
-71.642
-71.6282
-71.6144
-71.6005
-71.5867
-71.5728
-71.559
-71.5451
-71.5313
-71.5174
-71.5036
-71.4897
-71.4759
-71.462
-71.4481
-71.4342
-71.4204
-71.4065
-71.3926
-71.3787
-71.3648
-71.3509
-71.337
-71.3231
-71.3092
-71.2953
-71.2814
-71.2675
-71.2536
-71.2397
-71.2258
-71.2118
-71.1979
-71.184
-71.1701
-71.1561
-71.1422
-71.1282
-71.1143
-71.1004
-71.0864
-71.0725
-71.0585
-71.0446
-71.0306
-71.0167
-71.0027
-70.9887
-70.9748
-70.9608
-70.9468
-70.9329
-70.9189
-70.9049
-70.891
-70.877
-70.863
-70.849
-70.835
-70.821
-70.807
-70.7931
-70.7791
-70.7651
-70.7511
-70.7371
-70.7231
-70.7091
-70.6951
-70.6811
-70.667
-70.653
-70.639
-70.625
-70.611
-70.597
-70.583
-70.5689
-70.5549
-70.5409
-70.5269
-70.5128
-70.4988
-70.4848
-70.4707
-70.4567
-70.4427
-70.4286
-70.4146
-70.4006
-70.3865
-70.3725
-70.3584
-70.3444
-70.3303
-70.3163
-70.3022
-70.2882
-70.2741
-70.2601
-70.246
-70.232
-70.2179
-70.2039
-70.1898
-70.1757
-70.1617
-70.1476
-70.1336
-70.1195
-70.1054
-70.0914
-70.0773
-70.0632
-70.0492
-70.0351
-70.021
-70.007
-69.9929
-69.9788
-69.9647
-69.9507
-69.9366
-69.9225
-69.9084
-69.8943
-69.8803
-69.8662
-69.8521
-69.838
-69.8239
-69.8099
-69.7958
-69.7817
-69.7676
-69.7535
-69.7394
-69.7254
-69.7113
-69.6972
-69.6831
-69.669
-69.6549
-69.6408
-69.6268
-69.6127
-69.5986
-69.5845
-69.5704
-69.5563
-69.5422
-69.5281
-69.514
-69.4999
-69.4859
-69.4718
-69.4577
-69.4436
-69.4295
-69.4154
-69.4013
-69.3872
-69.3731
-69.359
-69.3449
-69.3309
-69.3168
-69.3027
-69.2886
-69.2745
-69.2604
-69.2463
-69.2322
-69.2181
-69.204
-69.1899
-69.1759
-69.1618
-69.1477
-69.1336
-69.1195
-69.1054
-69.0913
-69.0772
-69.0631
-69.0491
-69.035
-69.0209
-69.0068
-68.9927
-68.9786
-68.9645
-68.9504
-68.9364
-68.9223
-68.9082
-68.8941
-68.88
-68.866
-68.8519
-68.8378
-68.8237
-68.8096
-68.7956
-68.7815
-68.7674
-68.7533
-68.7393
-68.7252
-68.7111
-68.697
-68.683
-68.6689
-68.6548
-68.6407
-68.6267
-68.6126
-68.5985
-68.5845
-68.5704
-68.5564
-68.5423
-68.5282
-68.5142
-68.5001
-68.486
-68.472
-68.4579
-68.4439
-68.4298
-68.4158
-68.4017
-68.3877
-68.3736
-68.3596
-68.3455
-68.3315
-68.3174
-68.3034
-68.2893
-68.2753
-68.2613
-68.2472
-68.2332
-68.2191
-68.2051
-68.1911
-68.177
-68.163
-68.149
-68.135
-68.1209
-68.1069
-68.0929
-68.0789
-68.0648
-68.0508
-68.0368
-68.0228
-68.0088
-67.9948
-67.9807
-67.9667
-67.9527
-67.9387
-67.9247
-67.9107
-67.8967
-67.8827
-67.8687
-67.8547
-67.8407
-67.8267
-67.8127
-67.7987
-67.7848
-67.7708
-67.7568
-67.7428
-67.7288
-67.7148
-67.7009
-67.6869
-67.6729
-67.659
-67.645
-67.631
-67.6171
-67.6031
-67.5891
-67.5752
-67.5612
-67.5473
-67.5333
-67.5194
-67.5054
-67.4915
-67.4775
-67.4636
-67.4496
-67.4357
-67.4218
-67.4078
-67.3939
-67.38
-67.366
-67.3521
-67.3382
-67.3243
-67.3104
-67.2964
-67.2825
-67.2686
-67.2547
-67.2408
-67.2269
-67.213
-67.1991
-67.1852
-67.1713
-67.1574
-67.1435
-67.1296
-67.1158
-67.1019
-67.088
-67.0741
-67.0602
-67.0464
-67.0325
-67.0186
-67.0048
-66.9909
-66.977
-66.9632
-66.9493
-66.9355
-66.9216
-66.9078
-66.8939
-66.8801
-66.8663
-66.8524
-66.8386
-66.8248
-66.8109
-66.7971
-66.7833
-66.7695
-66.7557
-66.7418
-66.728
-66.7142
-66.7004
-66.6866
-66.6728
-66.659
-66.6452
-66.6314
-66.6177
-66.6039
-66.5901
-66.5763
-66.5625
-66.5488
-66.535
-66.5212
-66.5075
-66.4937
-66.48
-66.4662
-66.4524
-66.4387
-66.425
-66.4112
-66.3975
-66.3837
-66.37
-66.3563
-66.3425
-66.3288
-66.3151
-66.3014
-66.2877
-66.274
-66.2603
-66.2466
-66.2329
-66.2192
-66.2055
-66.1918
-66.1781
-66.1644
-66.1507
-66.137
-66.1234
-66.1097
-66.096
-66.0824
-66.0687
-66.055
-66.0414
-66.0277
-66.0141
-66.0005
-65.9868
-65.9732
-65.9595
-65.9459
-65.9323
-65.9187
-65.905
-65.8914
-65.8778
-65.8642
-65.8506
-65.837
-65.8234
-65.8098
-65.7962
-65.7826
-65.769
-65.7555
-65.7419
-65.7283
-65.7148
-65.7012
-65.6876
-65.6741
-65.6605
-65.647
-65.6334
-65.6199
-65.6063
-65.5928
-65.5793
-65.5657
-65.5522
-65.5387
-65.5252
-65.5117
-65.4982
-65.4847
-65.4712
-65.4577
-65.4442
-65.4307
-65.4172
-65.4037
-65.3902
-65.3768
-65.3633
-65.3498
-65.3364
-65.3229
-65.3094
-65.296
-65.2826
-65.2691
-65.2557
-65.2422
-65.2288
-65.2154
-65.202
-65.1885
-65.1751
-65.1617
-65.1483
-65.1349
-65.1215
-65.1081
-65.0947
-65.0813
-65.068
-65.0546
-65.0412
-65.0278
-65.0145
-65.0011
-64.9878
-64.9744
-64.9611
-64.9477
-64.9344
-64.9211
-64.9077
-64.8944
-64.8811
-64.8678
-64.8544
-64.8411
-64.8278
-64.8145
-64.8012
-64.7879
-64.7746
-64.7614
-64.7481
-64.7348
-64.7215
-64.7083
-64.695
-64.6818
-64.6685
-64.6553
-64.642
-64.6288
-64.6155
-64.6023
-64.5891
-64.5759
-64.5626
-64.5494
-64.5362
-64.523
-64.5098
-64.4966
-64.4834
-64.4702
-64.4571
-64.4439
-64.4307
-64.4175
-64.4044
-64.3912
-64.3781
-64.3649
-64.3518
-64.3386
-64.3255
-64.3124
-64.2992
-64.2861
-64.273
-64.2599
-64.2468
-64.2337
-64.2206
-64.2075
-64.1944
-64.1813
-64.1682
-64.1552
-64.1421
-64.129
-64.116
-64.1029
-64.0898
-64.0768
-64.0638
-64.0507
-64.0377
-64.0247
-64.0116
-63.9986
-63.9856
-63.9726
-63.9596
-63.9466
-63.9336
-63.9206
-63.9076
-63.8946
-63.8817
-63.8687
-63.8557
-63.8428
-63.8298
-63.8169
-63.8039
-63.791
-63.778
-63.7651
-63.7522
-63.7393
-63.7263
-63.7134
-63.7005
-63.6876
-63.6747
-63.6618
-63.6489
-63.6361
-63.6232
-63.6103
-63.5975
-63.5846
-63.5717
-63.5589
-63.546
-63.5332
-63.5204
-63.5075
-63.4947
-63.4819
-63.4691
-63.4562
-63.4434
-63.4306
-63.4178
-63.405
-63.3923
-63.3795
-63.3667
-63.3539
-63.3412
-63.3284
-63.3156
-63.3029
-63.2901
-63.2774
-63.2647
-63.2519
-63.2392
-63.2265
-63.2138
-63.2011
-63.1884
-63.1757
-63.163
-63.1503
-63.1376
-63.1249
-63.1122
-63.0996
-63.0869
-63.0742
-63.0616
-63.0489
-63.0363
-63.0237
-63.011
-62.9984
-62.9858
-62.9732
-62.9606
-62.9479
-62.9353
-62.9227
-62.9102
-62.8976
-62.885
-62.8724
-62.8598
-62.8473
-62.8347
-62.8222
-62.8096
-62.7971
-62.7845
-62.772
-62.7595
-62.747
-62.7344
-62.7219
-62.7094
-62.6969
-62.6844
-62.6719
-62.6595
-62.647
-62.6345
-62.622
-62.6096
-62.5971
-62.5847
-62.5722
-62.5598
-62.5473
-62.5349
-62.5225
-62.5101
-62.4976
-62.4852
-62.4728
-62.4604
-62.448
-62.4356
-62.4233
-62.4109
-62.3985
-62.3861
-62.3738
-62.3614
-62.3491
-62.3367
-62.3244
-62.3121
-62.2997
-62.2874
-62.2751
-62.2628
-62.2505
-62.2382
-62.2259
-62.2136
-62.2013
-62.189
-62.1767
-62.1645
-62.1522
-62.14
-62.1277
-62.1155
-62.1032
-62.091
-62.0787
-62.0665
-62.0543
-62.0421
-62.0299
-62.0177
-62.0055
-61.9933
-61.9811
-61.9689
-61.9567
-61.9446
-61.9324
-61.9203
-61.9081
-61.896
-61.8838
-61.8717
-61.8595
-61.8474
-61.8353
-61.8232
-61.8111
-61.799
-61.7869
-61.7748
-61.7627
-61.7506
-61.7385
-61.7265
-61.7144
-61.7023
-61.6903
-61.6782
-61.6662
-61.6542
-61.6421
-61.6301
-61.6181
-61.6061
-61.5941
-61.5821
-61.5701
-61.5581
-61.5461
-61.5341
-61.5221
-61.5101
-61.4982
-61.4862
-61.4743
-61.4623
-61.4504
-61.4384
-61.4265
-61.4146
-61.4027
-61.3907
-61.3788
-61.3669
-61.355
-61.3431
-61.3313
-61.3194
-61.3075
-61.2956
-61.2838
-61.2719
-61.26
-61.2482
-61.2364
-61.2245
-61.2127
-61.2009
-61.189
-61.1772
-61.1654
-61.1536
-61.1418
-61.13
-61.1182
-61.1065
-61.0947
-61.0829
-61.0711
-61.0594
-61.0476
-61.0359
-61.0241
-61.0124
-61.0007
-60.989
-60.9772
-60.9655
-60.9538
-60.9421
-60.9304
-60.9187
-60.907
-60.8954
-60.8837
-60.872
-60.8603
-60.8487
-60.837
-60.8254
-60.8137
-60.8021
-60.7905
-60.7789
-60.7672
-60.7556
-60.744
-60.7324
-60.7208
-60.7092
-60.6976
-60.6861
-60.6745
-60.6629
-60.6513
-60.6398
-60.6282
-60.6167
-60.6051
-60.5936
-60.5821
-60.5706
-60.559
-60.5475
-60.536
-60.5245
-60.513
-60.5015
-60.49
-60.4786
-60.4671
-60.4556
-60.4442
-60.4327
-60.4212
-60.4098
-60.3984
-60.3869
-60.3755
-60.3641
-60.3526
-60.3412
-60.3298
-60.3184
-60.307
-60.2956
-60.2842
-60.2729
-60.2615
-60.2501
-60.2387
-60.2274
-60.216
-60.2047
-60.1933
-60.182
-60.1707
-60.1593
-60.148
-60.1367
-60.1254
-60.1141
-60.1028
-60.0915
-60.0802
-60.0689
-60.0577
-60.0464
-60.0351
-60.0239
-60.0126
-60.0013
-59.9901
-59.9789
-59.9676
-59.9564
-59.9452
-59.934
-59.9227
-59.9115
-59.9003
-59.8891
-59.878
-59.8668
-59.8556
-59.8444
-59.8332
-59.8221
-59.8109
-59.7998
-59.7886
-59.7775
-59.7664
-59.7552
-59.7441
-59.733
-59.7219
-59.7108
-59.6996
-59.6885
-59.6775
-59.6664
-59.6553
-59.6442
-59.6331
-59.6221
-59.611
-59.6
-59.5889
-59.5779
-59.5668
-59.5558
-59.5448
-59.5337
-59.5227
-59.5117
-59.5007
-59.4897
-59.4787
-59.4677
-59.4567
-59.4457
-59.4347
-59.4238
-59.4128
-59.4018
-59.3909
-59.3799
-59.369
-59.3581
-59.3471
-59.3362
-59.3253
-59.3143
-59.3034
-59.2925
-59.2816
-59.2707
-59.2598
-59.2489
-59.2381
-59.2272
-59.2163
-59.2054
-59.1946
-59.1837
-59.1729
-59.162
-59.1512
-59.1403
-59.1295
-59.1187
-59.1079
-59.097
-59.0862
-59.0754
-59.0646
-59.0538
-59.043
-59.0322
-59.0215
-59.0107
-58.9999
-58.9891
-58.9784
-58.9676
-58.9569
-58.9461
-58.9354
-58.9246
-58.9139
-58.9032
-58.8925
-58.8817
-58.871
-58.8603
-58.8496
-58.8389
-58.8282
-58.8176
-58.8069
-58.7962
-58.7855
-58.7749
-58.7642
-58.7535
-58.7429
-58.7322
-58.7216
-58.711
-58.7003
-58.6897
-58.6791
-58.6685
-58.6578
-58.6472
-58.6366
-58.626
-58.6154
-58.6048
-58.5943
-58.5837
-58.5731
-58.5625
-58.552
-58.5414
-58.5309
-58.5203
-58.5098
-58.4992
-58.4887
-58.4781
-58.4676
-58.4571
-58.4466
-58.4361
-58.4256
-58.4151
-58.4046
-58.3941
-58.3836
-58.3731
-58.3626
-58.3521
-58.3417
-58.3312
-58.3207
-58.3103
-58.2998
-58.2894
-58.2789
-58.2685
-58.258
-58.2476
-58.2372
-58.2268
-58.2163
-58.2059
-58.1955
-58.1851
-58.1747
-58.1643
-58.1539
-58.1435
-58.1332
-58.1228
-58.1124
-58.102
-58.0917
-58.0813
-58.071
-58.0606
-58.0503
-58.0399
-58.0296
-58.0192
-58.0089
-57.9986
-57.9883
-57.9779
-57.9676
-57.9573
-57.947
-57.9367
-57.9264
-57.9161
-57.9058
-57.8955
-57.8853
-57.875
-57.8647
-57.8545
-57.8442
-57.8339
-57.8237
-57.8134
-57.8032
-57.7929
-57.7827
-57.7725
-57.7622
-57.752
-57.7418
-57.7316
-57.7214
-57.7111
-57.7009
-57.6907
-57.6805
-57.6703
-57.6602
-57.65
-57.6398
-57.6296
-57.6194
-57.6093
-57.5991
-57.5889
-57.5788
-57.5686
-57.5585
-57.5483
-57.5382
-57.528
-57.5179
-57.5078
-57.4976
-57.4875
-57.4774
-57.4673
-57.4572
-57.4471
-57.437
-57.4269
-57.4168
-57.4067
-57.3966
-57.3865
-57.3764
-57.3663
-57.3562
-57.3462
-57.3361
-57.326
-57.316
-57.3059
-57.2959
-57.2858
-57.2758
-57.2657
-57.2557
-57.2456
-57.2356
-57.2256
-57.2155
-57.2055
-57.1955
-57.1855
-57.1755
-57.1655
-57.1554
-57.1454
-57.1354
-57.1254
-57.1154
-57.1055
-57.0955
-57.0855
-57.0755
-57.0655
-57.0555
-57.0456
-57.0356
-57.0256
-57.0157
-57.0057
-56.9958
-56.9858
-56.9758
-56.9659
-56.956
-56.946
-56.9361
-56.9261
-56.9162
-56.9063
-56.8963
-56.8864
-56.8765
-56.8666
-56.8567
-56.8467
-56.8368
-56.8269
-56.817
-56.8071
-56.7972
-56.7873
-56.7774
-56.7675
-56.7577
-56.7478
-56.7379
-56.728
-56.7181
-56.7083
-56.6984
-56.6885
-56.6786
-56.6688
-56.6589
-56.6491
-56.6392
-56.6294
-56.6195
-56.6097
-56.5998
-56.59
-56.5801
-56.5703
-56.5604
-56.5506
-56.5408
-56.531
-56.5211
-56.5113
-56.5015
-56.4917
-56.4818
-56.472
-56.4622
-56.4524
-56.4426
-56.4328
-56.423
-56.4132
-56.4034
-56.3936
-56.3838
-56.374
-56.3642
-56.3544
-56.3446
-56.3348
-56.325
-56.3153
-56.3055
-56.2957
-56.2859
-56.2761
-56.2664
-56.2566
-56.2468
-56.237
-56.2273
-56.2175
-56.2077
-56.198
-56.1882
-56.1785
-56.1687
-56.1589
-56.1492
-56.1394
-56.1297
-56.1199
-56.1102
-56.1004
-56.0907
-56.0809
-56.0712
-56.0615
-56.0517
-56.042
-56.0322
-56.0225
-56.0128
-56.003
-55.9933
-55.9836
-55.9738
-55.9641
-55.9544
-55.9446
-55.9349
-55.9252
-55.9154
-55.9057
-55.896
-55.8863
-55.8765
-55.8668
-55.8571
-55.8474
-55.8377
-55.8279
-55.8182
-55.8085
-55.7988
-55.7891
-55.7793
-55.7696
-55.7599
-55.7502
-55.7405
-55.7308
-55.7211
-55.7113
-55.7016
-55.6919
-55.6822
-55.6725
-55.6628
-55.6531
-55.6434
-55.6337
-55.6239
-55.6142
-55.6045
-55.5948
-55.5851
-55.5754
-55.5657
-55.556
-55.5463
-55.5366
-55.5269
-55.5171
-55.5074
-55.4977
-55.488
-55.4783
-55.4686
-55.4589
-55.4492
-55.4395
-55.4297
-55.42
-55.4103
-55.4006
-55.3909
-55.3812
-55.3715
-55.3617
-55.352
-55.3423
-55.3326
-55.3229
-55.3131
-55.3034
-55.2937
-55.284
-55.2742
-55.2645
-55.2548
-55.2451
-55.2353
-55.2256
-55.2159
-55.2061
-55.1964
-55.1867
-55.1769
-55.1672
-55.1574
-55.1477
-55.1379
-55.1282
-55.1184
-55.1087
-55.0989
-55.0892
-55.0794
-55.0697
-55.0599
-55.0502
-55.0404
-55.0306
-55.0209
-55.0111
-55.0013
-54.9915
-54.9818
-54.972
-54.9622
-54.9524
-54.9426
-54.9328
-54.923
-54.9132
-54.9034
-54.8936
-54.8838
-54.874
-54.8642
-54.8544
-54.8446
-54.8348
-54.825
-54.8151
-54.8053
-54.7955
-54.7856
-54.7758
-54.766
-54.7561
-54.7463
-54.7364
-54.7266
-54.7167
-54.7069
-54.697
-54.6871
-54.6773
-54.6674
-54.6575
-54.6476
-54.6377
-54.6279
-54.618
-54.6081
-54.5982
-54.5883
-54.5783
-54.5684
-54.5585
-54.5486
-54.5387
-54.5287
-54.5188
-54.5088
-54.4989
-54.4889
-54.479
-54.469
-54.4591
-54.4491
-54.4391
-54.4291
-54.4191
-54.4091
-54.3991
-54.3891
-54.3791
-54.3691
-54.3591
-54.3491
-54.339
-54.329
-54.3189
-54.3089
-54.2988
-54.2887
-54.2787
-54.2686
-54.2585
-54.2484
-54.2383
-54.2282
-54.2181
-54.208
-54.1978
-54.1877
-54.1776
-54.1674
-54.1572
-54.1471
-54.1369
-54.1267
-54.1165
-54.1063
-54.0961
-54.0859
-54.0757
-54.0655
-54.0552
-54.045
-54.0347
-54.0244
-54.0142
-54.0039
-53.9936
-53.9833
-53.973
-53.9627
-53.9523
-53.942
-53.9316
-53.9213
-53.9109
-53.9005
-53.8901
-53.8797
-53.8693
-53.8589
-53.8485
-53.8381
-53.8276
-53.8171
-53.8067
-53.7962
-53.7857
-53.7752
-53.7647
-53.7542
-53.7436
-53.7331
-53.7225
-53.7119
-53.7014
-53.6908
-53.6801
-53.6695
-53.6589
-53.6482
-53.6376
-53.6269
-53.6162
-53.6055
-53.5948
-53.5841
-53.5734
-53.5626
-53.5518
-53.5411
-53.5303
-53.5194
-53.5086
-53.4978
-53.4869
-53.476
-53.4652
-53.4542
-53.4433
-53.4324
-53.4214
-53.4105
-53.3995
-53.3885
-53.3774
-53.3664
-53.3553
-53.3443
-53.3332
-53.3221
-53.3109
-53.2998
-53.2886
-53.2774
-53.2662
-53.255
-53.2437
-53.2324
-53.2212
-53.2098
-53.1985
-53.1872
-53.1758
-53.1644
-53.153
-53.1415
-53.1301
-53.1186
-53.1071
-53.0955
-53.084
-53.0724
-53.0608
-53.0492
-53.0375
-53.0258
-53.0141
-53.0024
-52.9906
-52.9789
-52.9671
-52.9552
-52.9434
-52.9315
-52.9196
-52.9077
-52.8957
-52.8837
-52.8717
-52.8596
-52.8475
-52.8354
-52.8233
-52.8111
-52.7989
-52.7867
-52.7744
-52.7622
-52.7498
-52.7375
-52.7251
-52.7126
-52.7002
-52.6877
-52.6751
-52.6626
-52.65
-52.6373
-52.6246
-52.6119
-52.5991
-52.5863
-52.5735
-52.5606
-52.5477
-52.5347
-52.5217
-52.5086
-52.4955
-52.4824
-52.4692
-52.4559
-52.4426
-52.4293
-52.4159
-52.4025
-52.389
-52.3754
-52.3619
-52.3482
-52.3345
-52.3208
-52.307
-52.2931
-52.2792
-52.2652
-52.2512
-52.2371
-52.223
-52.2088
-52.1945
-52.1802
-52.1658
-52.1514
-52.1369
-52.1223
-52.1076
-52.0929
-52.0782
-52.0633
-52.0484
-52.0334
-52.0183
-52.0032
-51.9879
-51.9726
-51.9572
-51.9418
-51.9262
-51.9106
-51.8948
-51.879
-51.8631
-51.8471
-51.831
-51.8148
-51.7985
-51.7821
-51.7656
-51.749
-51.7323
-51.7155
-51.6985
-51.6815
-51.6643
-51.647
-51.6296
-51.6121
-51.5945
-51.5767
-51.5588
-51.5407
-51.5225
-51.5042
-51.4858
-51.4672
-51.4484
-51.4295
-51.4104
-51.3912
-51.3718
-51.3522
-51.3325
-51.3125
-51.2924
-51.2721
-51.2516
-51.2309
-51.21
-51.1889
-51.1676
-51.146
-51.1243
-51.1023
-51.08
-51.0575
-51.0348
-51.0117
-50.9884
-50.9649
-50.941
-50.9169
-50.8924
-50.8676
-50.8425
-50.8171
-50.7913
-50.7651
-50.7386
-50.7116
-50.6843
-50.6566
-50.6284
-50.5998
-50.5707
-50.5411
-50.511
-50.4804
-50.4493
-50.4176
-50.3853
-50.3524
-50.3188
-50.2846
-50.2496
-50.214
-50.1775
-50.1403
-50.1022
-50.0633
-50.0234
-49.9825
-49.9406
-49.8976
-49.8535
-49.8081
-49.7615
-49.7136
-49.6642
-49.6133
-49.5608
-49.5066
-49.4505
-49.3926
-49.3325
-49.2702
-49.2056
-49.1383
-49.0684
-48.9955
-48.9193
-48.8398
-48.7565
-48.6691
-48.5774
-48.4808
-48.379
-48.2715
-48.1577
-48.037
-47.9087
-47.772
-47.6261
-47.4701
-47.3027
-47.1229
-46.9294
-46.7206
-46.4951
-46.2513
-45.9874
-45.7016
-45.3924
-45.058
-44.6971
-44.3085
-43.8912
-43.4448
-42.9692
-42.4648
-41.9322
-41.3726
-40.787
-40.1771
-39.5443
-38.89
-38.2158
-37.5229
-36.8125
-36.0855
-35.3429
-34.5851
-33.8127
-33.0261
-32.2254
-31.4109
-30.5824
-29.74
-28.8835
-28.0128
-27.1276
-26.2278
-25.3132
-24.3835
-23.4385
-22.4782
-21.5023
-20.5107
-19.5034
-18.4804
-17.4415
-16.3868
-15.3164
-14.2302
-13.1284
-12.011
-10.8781
-9.72994
-8.56676
-7.38887
-6.1967
-4.99085
-3.77206
-2.5413
-1.29977
-0.0489216
1.20953
2.47355
3.74087
5.00891
6.27487
7.53574
8.78839
10.0296
11.256
12.4644
13.6518
14.8152
15.9518
17.0592
18.1353
19.1782
20.1865
21.1588
22.0943
22.9923
23.8524
24.6745
25.4585
26.2046
26.9132
27.5846
28.2196
28.8188
29.383
29.9132
30.4104
30.8758
31.3107
31.7162
32.0939
32.4449
32.7708
33.0728
33.3523
33.6105
33.8486
34.0676
34.2685
34.4523
34.6196
34.7711
34.9074
35.029
35.1364
35.2298
35.3096
35.376
35.4293
35.4697
35.4974
35.5125
35.5154
35.5062
35.4851
35.4524
35.4083
35.353
35.2868
35.2099
35.1226
35.0249
34.9172
34.7995
34.672
34.5349
34.3882
34.232
34.0664
33.8914
33.7072
33.5138
33.3113
33.0998
32.8792
32.6499
32.4117
32.165
31.9097
31.646
31.374
31.0939
30.8058
30.5099
30.2064
29.8954
29.5772
29.2518
28.9196
28.5806
28.2353
27.8836
27.526
27.1625
26.7936
26.4193
26.0399
25.6557
25.2669
24.8738
24.4765
24.0754
23.6706
23.2624
22.851
22.4367
22.0195
21.5997
21.1776
20.7532
20.3267
19.8983
19.4681
19.0363
18.603
18.1684
17.7324
17.2954
16.8573
16.4183
15.9784
15.5379
15.0967
14.6551
14.2129
13.7705
13.3278
12.8849
12.4419
11.999
11.5561
11.1133
10.6708
10.2286
9.78672
9.34527
8.90431
8.46389
8.02407
7.58491
7.14647
6.70879
6.27192
5.83591
5.4008
4.96664
4.53346
4.10131
3.67023
3.24024
2.81139
2.38369
1.95719
1.53192
1.10788
0.685124
0.263659
-0.156489
-0.575302
-0.992759
-1.40884
-1.82354
-2.23684
-2.64872
-3.05917
-3.46819
-3.87576
-4.28187
-4.68652
-5.08971
-5.49142
-5.89165
-6.2904
-6.68767
-7.08345
-7.47774
-7.87055
-8.26187
-8.65171
-9.04006
-9.42694
-9.81234
-10.1963
-10.5787
-10.9597
-11.3393
-11.7174
-12.0941
-12.4694
-12.8432
-13.2157
-13.5868
-13.9565
-14.3248
-14.6918
-15.0575
-15.4219
-15.785
-16.1468
-16.5074
-16.8667
-17.2248
-17.5817
-17.9374
-18.292
-18.6454
-18.9978
-19.349
-19.6991
-20.0482
-20.3962
-20.7432
-21.0892
-21.4343
-21.7783
-22.1214
-22.4636
-22.8049
-23.1453
-23.4848
-23.8235
-24.1613
-24.4983
-24.8344
-25.1698
-25.5044
-25.8383
-26.1714
-26.5037
-26.8353
-27.1662
-27.4964
-27.8259
-28.1548
-28.4829
-28.8104
-29.1372
-29.4633
-29.7888
-30.1137
-30.4378
-30.7614
-31.0843
-31.4066
-31.7282
-32.0492
-32.3695
-32.6892
-33.0082
-33.3266
-33.6442
-33.9612
-34.2776
-34.5932
-34.9081
-35.2223
-35.5358
-35.8485
-36.1604
-36.4716
-36.782
-37.0915
-37.4003
-37.7081
-38.0151
-38.3213
-38.6265
-38.9307
-39.234
-39.5363
-39.8376
-40.1379
-40.4372
-40.7353
-41.0323
-41.3282
-41.623
-41.9165
-42.2089
-42.5
-42.7899
-43.0785
-43.3657
-43.6516
-43.9362
-44.2194
-44.5011
-44.7815
-45.0603
-45.3377
-45.6136
-45.8879
-46.1607
-46.432
-46.7016
-46.9697
-47.2361
-47.5008
-47.7639
-48.0254
-48.2851
-48.5431
-48.7994
-49.0539
-49.3067
-49.5578
-49.807
-50.0545
-50.3001
-50.544
-50.786
-51.0262
-51.2646
-51.5012
-51.7359
-51.9688
-52.1998
-52.429
-52.6564
-52.8819
-53.1055
-53.3274
-53.5474
-53.7655
-53.9819
-54.1964
-54.4091
-54.6199
-54.829
-55.0363
-55.2418
-55.4455
-55.6475
-55.8477
-56.0461
-56.2429
-56.4378
-56.6311
-56.8227
-57.0126
-57.2008
-57.3873
-57.5722
-57.7554
-57.937
-58.117
-58.2954
-58.4721
-58.6474
-58.821
-58.9931
-59.1637
-59.3327
-59.5002
-59.6662
-59.8308
-59.9939
-60.1555
-60.3157
-60.4744
-60.6318
-60.7877
-60.9422
-61.0954
-61.2472
-61.3977
-61.5468
-61.6947
-61.8412
-61.9864
-62.1303
-62.273
-62.4144
-62.5546
-62.6935
-62.8313
-62.9678
-63.1032
-63.2373
-63.3703
-63.5022
-63.6329
-63.7625
-63.891
-64.0183
-64.1446
-64.2698
-64.3939
-64.517
-64.639
-64.76
-64.8799
-64.9989
-65.1168
-65.2338
-65.3497
-65.4647
-65.5788
-65.6918
-65.804
-65.9152
-66.0254
-66.1348
-66.2433
-66.3508
-66.4575
-66.5633
-66.6682
-66.7723
-66.8755
-66.9779
-67.0794
-67.1801
-67.28
-67.3791
-67.4773
-67.5748
-67.6715
-67.7674
-67.8625
-67.9569
-68.0505
-68.1433
-68.2354
-68.3267
-68.4173
-68.5072
-68.5964
-68.6848
-68.7725
-68.8596
-68.9459
-69.0315
-69.1165
-69.2007
-69.2843
-69.3673
-69.4495
-69.5311
-69.612
-69.6923
-69.772
-69.851
-69.9294
-70.0071
-70.0842
-70.1607
-70.2366
-70.3119
-70.3866
-70.4607
-70.5341
-70.607
-70.6793
-70.751
-70.8222
-70.8927
-70.9627
-71.0322
-71.101
-71.1694
-71.2371
-71.3043
-71.371
-71.4371
-71.5027
-71.5678
-71.6323
-71.6963
-71.7598
-71.8228
-71.8853
-71.9472
-72.0087
-72.0696
-72.1301
-72.19
-72.2495
-72.3084
-72.3669
-72.425
-72.4825
-72.5396
-72.5962
-72.6523
-72.7079
-72.7632
-72.8179
-72.8722
-72.9261
-72.9795
-73.0324
-73.0849
-73.137
-73.1887
-73.2399
-73.2907
-73.341
-73.391
-73.4405
-73.4896
-73.5383
-73.5866
-73.6345
-73.682
-73.729
-73.7757
-73.822
-73.8679
-73.9134
-73.9585
-74.0032
-74.0476
-74.0915
-74.1351
-74.1784
-74.2212
-74.2637
-74.3058
-74.3475
-74.3889
-74.43
-74.4706
-74.511
-74.5509
-74.5906
-74.6298
-74.6688
-74.7074
-74.7456
-74.7836
-74.8212
-74.8584
-74.8953
-74.932
-74.9682
-75.0042
-75.0398
-75.0752
-75.1102
-75.1449
-75.1793
-75.2134
-75.2472
-75.2806
-75.3138
-75.3467
-75.3793
-75.4116
-75.4436
-75.4753
-75.5067
-75.5378
-75.5687
-75.5993
-75.6296
-75.6596
-75.6893
-75.7188
-75.748
-75.7769
-75.8056
-75.834
-75.8622
-75.89
-75.9177
-75.945
-75.9721
-75.999
-76.0256
-76.052
-76.0781
-76.104
-76.1296
-76.155
-76.1801
-76.2051
-76.2297
-76.2542
-76.2784
-76.3024
-76.3261
-76.3497
-76.373
-76.3961
-76.4189
-76.4416
-76.464
-76.4862
-76.5082
-76.53
-76.5516
-76.5729
-76.5941
-76.615
-76.6358
-76.6563
-76.6767
-76.6968
-76.7168
-76.7365
-76.7561
-76.7754
-76.7946
-76.8136
-76.8324
-76.851
-76.8694
-76.8876
-76.9057
-76.9236
-76.9413
-76.9588
-76.9761
-76.9932
-77.0102
-77.027
-77.0437
-77.0601
-77.0764
-77.0925
-77.1085
-77.1243
-77.1399
-77.1554
-77.1706
-77.1858
-77.2008
-77.2156
-77.2302
-77.2447
-77.2591
-77.2733
-77.2873
-77.3012
-77.3149
-77.3285
-77.3419
-77.3552
-77.3683
-77.3813
-77.3942
-77.4069
-77.4194
-77.4318
-77.4441
-77.4562
-77.4682
-77.4801
-77.4918
-77.5034
-77.5148
-77.5261
-77.5373
-77.5483
-77.5592
-77.57
-77.5806
-77.5912
-77.6015
-77.6118
-77.6219
-77.6319
-77.6418
-77.6516
-77.6612
-77.6707
-77.6801
-77.6894
-77.6985
-77.7075
-77.7164
-77.7252
-77.7339
-77.7424
-77.7509
-77.7592
-77.7674
-77.7755
-77.7835
-77.7913
-77.7991
-77.8067
-77.8143
-77.8217
-77.829
-77.8362
-77.8433
-77.8503
-77.8572
-77.8639
-77.8706
-77.8772
-77.8836
-77.89
-77.8963
-77.9024
-77.9085
-77.9144
-77.9203
-77.926
-77.9317
-77.9373
-77.9427
-77.9481
-77.9533
-77.9585
-77.9636
-77.9686
-77.9735
-77.9782
-77.9829
-77.9876
-77.9921
-77.9965
-78.0008
-78.0051
-78.0092
-78.0133
-78.0173
-78.0211
-78.0249
-78.0287
-78.0323
-78.0358
-78.0393
-78.0426
-78.0459
-78.0491
-78.0522
-78.0553
-78.0582
-78.0611
-78.0639
-78.0666
-78.0692
-78.0718
-78.0742
-78.0766
-78.0789
-78.0812
-78.0833
-78.0854
-78.0874
-78.0893
-78.0911
-78.0929
-78.0946
-78.0962
-78.0977
-78.0992
-78.1006
-78.1019
-78.1032
-78.1044
-78.1055
-78.1065
-78.1074
-78.1083
-78.1092
-78.1099
-78.1106
-78.1112
-78.1117
-78.1122
-78.1126
-78.113
-78.1132
-78.1134
-78.1136
-78.1136
-78.1136
-78.1136
-78.1134
-78.1132
-78.113
-78.1127
-78.1123
-78.1118
-78.1113
-78.1107
-78.1101
-78.1094
-78.1086
-78.1078
-78.1069
-78.106
-78.105
-78.1039
-78.1028
-78.1016
-78.1004
-78.0991
-78.0977
-78.0963
-78.0948
-78.0933
-78.0917
-78.09
-78.0883
-78.0865
-78.0847
-78.0828
-78.0809
-78.0789
-78.0769
-78.0748
-78.0726
-78.0704
-78.0681
-78.0658
-78.0635
-78.061
-78.0586
-78.056
-78.0535
-78.0508
-78.0481
-78.0454
-78.0426
-78.0398
-78.0369
-78.0339
-78.031
-78.0279
-78.0248
-78.0217
-78.0185
-78.0153
-78.012
-78.0086
-78.0052
-78.0018
-77.9983
-77.9948
-77.9912
-77.9876
-77.9839
-77.9802
-77.9764
-77.9726
-77.9688
-77.9649
-77.9609
-77.9569
-77.9529
-77.9488
-77.9447
-77.9405
-77.9363
-77.932
-77.9277
-77.9234
-77.919
-77.9145
-77.9101
-77.9055
-77.901
-77.8964
-77.8917
-77.887
-77.8823
-77.8775
-77.8727
-77.8678
-77.8629
-77.858
-77.853
-77.848
-77.8429
-77.8378
-77.8327
-77.8275
-77.8222
-77.817
-77.8117
-77.8063
-77.8009
-77.7955
-77.7901
-77.7846
-77.779
-77.7735
-77.7678
-77.7622
-77.7565
-77.7508
-77.745
-77.7392
-77.7334
-77.7275
-77.7216
-77.7157
-77.7097
-77.7036
-77.6976
-77.6915
-77.6854
-77.6792
-77.673
-77.6668
-77.6605
-77.6542
-77.6479
-77.6415
-77.6351
-77.6286
-77.6222
-77.6157
-77.6091
-77.6025
-77.5959
-77.5893
-77.5826
-77.5759
-77.5691
-77.5624
-77.5555
-77.5487
-77.5418
-77.5349
-77.528
-77.521
-77.514
-77.507
-77.4999
-77.4928
-77.4857
-77.4785
-77.4713
-77.4641
-77.4568
-77.4495
-77.4422
-77.4349
-77.4275
-77.4201
-77.4126
-77.4052
-77.3977
-77.3901
-77.3826
-77.375
-77.3674
-77.3597
-77.352
-77.3443
-77.3366
-77.3288
-77.321
-77.3132
-77.3054
-77.2975
-77.2896
-77.2816
-77.2737
-77.2657
-77.2577
-77.2496
-77.2415
-77.2334
-77.2253
-77.2171
-77.209
-77.2007
-77.1925
-77.1842
-77.1759
-77.1676
-77.1593
-77.1509
-77.1425
-77.1341
-77.1256
-77.1171
-77.1086
-77.1001
-77.0916
-77.083
-77.0744
-77.0657
-77.0571
-77.0484
-77.0397
-77.031
-77.0222
-77.0134
-77.0046
-76.9958
-76.9869
-76.978
-76.9691
-76.9602
-76.9513
-76.9423
-76.9333
-76.9243
-76.9152
-76.9061
-76.897
-76.8879
-76.8788
-76.8696
-76.8604
-76.8512
-76.842
-76.8327
-76.8234
-76.8141
-76.8048
-76.7954
-76.7861
-76.7767
-76.7673
-76.7578
-76.7484
-76.7389
-76.7294
-76.7198
-76.7103
-76.7007
-76.6911
-76.6815
-76.6719
-76.6622
-76.6525
-76.6429
-76.6331
-76.6234
-76.6136
-76.6038
-76.594
-76.5842
-76.5744
-76.5645
-76.5546
-76.5447
-76.5348
-76.5248
-76.5149
-76.5049
-76.4949
-76.4848
-76.4748
-76.4647
-76.4546
-76.4445
-76.4344
-76.4243
-76.4141
-76.4039
-76.3937
-76.3835
-76.3732
-76.363
-76.3527
-76.3424
-76.3321
-76.3218
-76.3114
-76.301
-76.2906
-76.2802
-76.2698
-76.2594
-76.2489
-76.2384
-76.2279
-76.2174
-76.2068
-76.1963
-76.1857
-76.1751
-76.1645
-76.1539
-76.1432
-76.1326
-76.1219
-76.1112
-76.1005
-76.0898
-76.079
-76.0682
-76.0575
-76.0467
-76.0358
-76.025
-76.0142
-76.0033
-75.9924
-75.9815
-75.9706
-75.9597
-75.9487
-75.9377
-75.9268
-75.9158
-75.9047
-75.8937
-75.8827
-75.8716
-75.8605
-75.8494
-75.8383
-75.8272
-75.816
-75.8049
-75.7937
-75.7825
-75.7713
-75.7601
-75.7489
-75.7376
-75.7263
-75.715
-75.7037
-75.6924
-75.6811
-75.6698
-75.6584
-75.647
-75.6356
-75.6242
-75.6128
-75.6014
-75.5899
-75.5785
-75.567
-75.5555
-75.544
-75.5325
-75.521
-75.5094
-75.4978
-75.4863
-75.4747
-75.4631
-75.4515
-75.4398
-75.4282
-75.4165
-75.4048
-75.3932
-75.3815
-75.3697
-75.358
-75.3463
-75.3345
-75.3227
-75.311
-75.2992
-75.2873
-75.2755
-75.2637
-75.2518
-75.24
-75.2281
-75.2162
-75.2043
-75.1924
-75.1805
-75.1685
-75.1566
-75.1446
-75.1326
-75.1206
-75.1086
-75.0966
-75.0846
-75.0726
-75.0605
-75.0484
-75.0364
-75.0243
-75.0122
-75.0001
-74.9879
-74.9758
-74.9636
-74.9515
-74.9393
-74.9271
-74.9149
-74.9027
-74.8905
-74.8783
-74.866
-74.8538
-74.8415
-74.8292
-74.8169
-74.8046
-74.7923
-74.78
-74.7677
-74.7553
-74.743
-74.7306
-74.7182
-74.7058
-74.6934
-74.681
-74.6686
-74.6561
-74.6437
-74.6312
-74.6188
-74.6063
-74.5938
-74.5813
-74.5688
-74.5563
-74.5438
-74.5312
-74.5187
-74.5061
-74.4935
-74.481
-74.4684
-74.4558
-74.4432
-74.4305
-74.4179
-74.4053
-74.3926
-74.38
-74.3673
-74.3546
-74.3419
-74.3292
-74.3165
-74.3038
-74.2911
-74.2783
-74.2656
-74.2528
-74.2401
-74.2273
-74.2145
-74.2017
-74.1889
-74.1761
-74.1633
-74.1505
-74.1376
-74.1248
-74.1119
-74.0991
-74.0862
-74.0733
-74.0604
-74.0475
-74.0346
-74.0217
-74.0087
-73.9958
-73.9829
-73.9699
-73.957
-73.944
-73.931
-73.918
-73.905
-73.892
-73.879
-73.866
-73.853
-73.8399
-73.8269
-73.8138
-73.8008
-73.7877
-73.7746
-73.7616
-73.7485
-73.7354
-73.7223
-73.7092
-73.696
-73.6829
-73.6698
-73.6566
-73.6435
-73.6303
-73.6171
-73.604
-73.5908
-73.5776
-73.5644
-73.5512
-73.538
-73.5248
-73.5115
-73.4983
-73.4851
-73.4718
-73.4586
-73.4453
-73.432
-73.4188
-73.4055
-73.3922
-73.3789
-73.3656
-73.3523
-73.339
-73.3257
-73.3123
-73.299
-73.2857
-73.2723
-73.259
-73.2456
-73.2322
-73.2189
-73.2055
-73.1921
-73.1787
-73.1653
-73.1519
-73.1385
-73.1251
-73.1116
-73.0982
-73.0848
-73.0713
-73.0579
-73.0444
-73.031
-73.0175
-73.004
-72.9906
-72.9771
-72.9636
-72.9501
-72.9366
-72.9231
-72.9096
-72.8961
-72.8825
-72.869
-72.8555
-72.8419
-72.8284
-72.8148
-72.8013
-72.7877
-72.7742
-72.7606
-72.747
-72.7334
-72.7198
-72.7063
-72.6927
-72.6791
-72.6655
-72.6518
-72.6382
-72.6246
-72.611
-72.5973
-72.5837
-72.5701
-72.5564
-72.5428
-72.5291
-72.5155
-72.5018
-72.4881
-72.4745
-72.4608
-72.4471
-72.4334
-72.4197
-72.406
-72.3923
-72.3786
-72.3649
-72.3512
-72.3375
-72.3237
-72.31
-72.2963
-72.2826
-72.2688
-72.2551
-72.2413
-72.2276
-72.2138
-72.2001
-72.1863
-72.1725
-72.1588
-72.145
-72.1312
-72.1174
-72.1036
-72.0898
-72.076
-72.0623
-72.0484
-72.0346
-72.0208
-72.007
-71.9932
-71.9794
-71.9656
-71.9517
-71.9379
-71.9241
-71.9102
-71.8964
-71.8826
-71.8687
-71.8549
-71.841
-71.8271
-71.8133
-71.7994
-71.7856
-71.7717
-71.7578
-71.7439
-71.7301
-71.7162
-71.7023
-71.6884
-71.6745
-71.6606
-71.6467
-71.6328
-71.6189
-71.605
-71.5911
-71.5772
-71.5633
-71.5494
-71.5354
-71.5215
-71.5076
-71.4937
-71.4797
-71.4658
-71.4519
-71.4379
-71.424
-71.4101
-71.3961
-71.3822
-71.3682
-71.3543
-71.3403
-71.3264
-71.3124
-71.2984
-71.2845
-71.2705
-71.2565
-71.2426
-71.2286
-71.2146
-71.2006
-71.1867
-71.1727
-71.1587
-71.1447
-71.1307
-71.1167
-71.1028
-71.0888
-71.0748
-71.0608
-71.0468
-71.0328
-71.0188
-71.0048
-70.9908
-70.9768
-70.9627
-70.9487
-70.9347
-70.9207
-70.9067
-70.8927
-70.8787
-70.8646
-70.8506
-70.8366
-70.8226
-70.8085
-70.7945
-70.7805
-70.7665
-70.7524
-70.7384
-70.7244
-70.7103
-70.6963
-70.6822
-70.6682
-70.6542
-70.6401
-70.6261
-70.612
-70.598
-70.5839
-70.5699
-70.5558
-70.5418
-70.5277
-70.5137
-70.4996
-70.4856
-70.4715
-70.4575
-70.4434
-70.4294
-70.4153
-70.4012
-70.3872
-70.3731
-70.3591
-70.345
-70.3309
-70.3169
-70.3028
-70.2887
-70.2747
-70.2606
-70.2465
-70.2325
-70.2184
-70.2043
-70.1903
-70.1762
-70.1621
-70.1481
-70.134
-70.1199
-70.1058
-70.0918
-70.0777
-70.0636
-70.0496
-70.0355
-70.0214
-70.0073
-69.9933
-69.9792
-69.9651
-69.951
-69.937
-69.9229
-69.9088
-69.8947
-69.8806
-69.8666
-69.8525
-69.8384
-69.8243
-69.8103
-69.7962
-69.7821
-69.768
-69.754
-69.7399
-69.7258
-69.7117
-69.6977
-69.6836
-69.6695
-69.6554
-69.6414
-69.6273
-69.6132
-69.5991
-69.5851
-69.571
-69.5569
-69.5428
-69.5288
-69.5147
-69.5006
-69.4865
-69.4725
-69.4584
-69.4443
-69.4303
-69.4162
-69.4021
-69.3881
-69.374
-69.3599
-69.3459
-69.3318
-69.3177
-69.3037
-69.2896
-69.2755
-69.2615
-69.2474
-69.2333
-69.2193
-69.2052
-69.1912
-69.1771
-69.163
-69.149
-69.1349
-69.1209
-69.1068
-69.0928
-69.0787
-69.0647
-69.0506
-69.0366
-69.0225
-69.0085
-68.9944
-68.9804
-68.9663
-68.9523
-68.9382
-68.9242
-68.9102
-68.8961
-68.8821
-68.8681
-68.854
-68.84
-68.8259
-68.8119
-68.7979
-68.7839
-68.7698
-68.7558
-68.7418
-68.7278
-68.7137
-68.6997
-68.6857
-68.6717
-68.6576
-68.6436
-68.6296
-68.6156
-68.6016
-68.5876
-68.5736
-68.5596
-68.5456
-68.5316
-68.5175
-68.5035
-68.4895
-68.4755
-68.4616
-68.4476
-68.4336
-68.4196
-68.4056
-68.3916
-68.3776
-68.3636
-68.3496
-68.3357
-68.3217
-68.3077
-68.2937
-68.2797
-68.2658
-68.2518
-68.2378
-68.2239
-68.2099
-68.1959
-68.182
-68.168
-68.154
-68.1401
-68.1261
-68.1122
-68.0982
-68.0843
-68.0703
-68.0564
-68.0425
-68.0285
-68.0146
-68.0006
-67.9867
-67.9728
-67.9588
-67.9449
-67.931
-67.9171
-67.9031
-67.8892
-67.8753
-67.8614
-67.8475
-67.8336
-67.8197
-67.8058
-67.7919
-67.778
-67.7641
-67.7502
-67.7363
-67.7224
-67.7085
-67.6946
-67.6807
-67.6668
-67.6529
-67.6391
-67.6252
-67.6113
-67.5974
-67.5836
-67.5697
-67.5559
-67.542
-67.5281
-67.5143
-67.5004
-67.4866
-67.4727
-67.4589
-67.445
-67.4312
-67.4174
-67.4035
-67.3897
-67.3759
-67.362
-67.3482
-67.3344
-67.3206
-67.3068
-67.2929
-67.2791
-67.2653
-67.2515
-67.2377
-67.2239
-67.2101
-67.1963
-67.1825
-67.1688
-67.155
-67.1412
-67.1274
-67.1136
-67.0999
-67.0861
-67.0723
-67.0586
-67.0448
-67.031
-67.0173
-67.0035
-66.9898
-66.976
-66.9623
-66.9485
-66.9348
-66.9211
-66.9073
-66.8936
-66.8799
-66.8662
-66.8524
-66.8387
-66.825
-66.8113
-66.7976
-66.7839
-66.7702
-66.7565
-66.7428
-66.7291
-66.7154
-66.7017
-66.6881
-66.6744
-66.6607
-66.647
-66.6334
-66.6197
-66.606
-66.5924
-66.5787
-66.5651
-66.5514
-66.5378
-66.5241
-66.5105
-66.4969
-66.4832
-66.4696
-66.456
-66.4424
-66.4287
-66.4151
-66.4015
-66.3879
-66.3743
-66.3607
-66.3471
-66.3335
-66.3199
-66.3063
-66.2928
-66.2792
-66.2656
-66.252
-66.2385
-66.2249
-66.2113
-66.1978
-66.1842
-66.1707
-66.1571
-66.1436
-66.1301
-66.1165
-66.103
-66.0895
-66.0759
-66.0624
-66.0489
-66.0354
-66.0219
-66.0084
-65.9949
-65.9814
-65.9679
-65.9544
-65.9409
-65.9274
-65.9139
-65.9005
-65.887
-65.8735
-65.8601
-65.8466
-65.8331
-65.8197
-65.8062
-65.7928
-65.7794
-65.7659
-65.7525
-65.7391
-65.7256
-65.7122
-65.6988
-65.6854
-65.672
-65.6586
-65.6452
-65.6318
-65.6184
-65.605
-65.5916
-65.5782
-65.5649
-65.5515
-65.5381
-65.5248
-65.5114
-65.498
-65.4847
-65.4713
-65.458
-65.4447
-65.4313
-65.418
-65.4047
-65.3913
-65.378
-65.3647
-65.3514
-65.3381
-65.3248
-65.3115
-65.2982
-65.2849
-65.2716
-65.2584
-65.2451
-65.2318
-65.2185
-65.2053
-65.192
-65.1788
-65.1655
-65.1523
-65.139
-65.1258
-65.1126
-65.0993
-65.0861
-65.0729
-65.0597
-65.0465
-65.0333
-65.0201
-65.0069
-64.9937
-64.9805
-64.9673
-64.9541
-64.9409
-64.9278
-64.9146
-64.9014
-64.8883
-64.8751
-64.862
-64.8488
-64.8357
-64.8226
-64.8094
-64.7963
-64.7832
-64.7701
-64.7569
-64.7438
-64.7307
-64.7176
-64.7045
-64.6915
-64.6784
-64.6653
-64.6522
-64.6391
-64.6261
-64.613
-64.6
-64.5869
-64.5739
-64.5608
-64.5478
-64.5347
-64.5217
-64.5087
-64.4957
-64.4827
-64.4696
-64.4566
-64.4436
-64.4306
-64.4177
-64.4047
-64.3917
-64.3787
-64.3657
-64.3528
-64.3398
-64.3268
-64.3139
-64.3009
-64.288
-64.2751
-64.2621
-64.2492
-64.2363
-64.2234
-64.2104
-64.1975
-64.1846
-64.1717
-64.1588
-64.1459
-64.1331
-64.1202
-64.1073
-64.0944
-64.0816
-64.0687
-64.0559
-64.043
-64.0302
-64.0173
-64.0045
-63.9916
-63.9788
-63.966
-63.9532
-63.9404
-63.9276
-63.9148
-63.902
-63.8892
-63.8764
-63.8636
-63.8508
-63.8381
-63.8253
-63.8125
-63.7998
-63.787
-63.7743
-63.7615
-63.7488
-63.7361
-63.7233
-63.7106
-63.6979
-63.6852
-63.6725
-63.6598
-63.6471
-63.6344
-63.6217
-63.609
-63.5964
-63.5837
-63.571
-63.5584
-63.5457
-63.5331
-63.5204
-63.5078
-63.4951
-63.4825
-63.4699
-63.4573
-63.4447
-63.432
-63.4194
-63.4068
-63.3942
-63.3817
-63.3691
-63.3565
-63.3439
-63.3314
-63.3188
-63.3062
-63.2937
-63.2811
-63.2686
-63.2561
-63.2435
-63.231
-63.2185
-63.206
-63.1935
-63.181
-63.1685
-63.156
-63.1435
-63.131
-63.1185
-63.106
-63.0936
-63.0811
-63.0687
-63.0562
-63.0438
-63.0313
-63.0189
-63.0065
-62.994
-62.9816
-62.9692
-62.9568
-62.9444
-62.932
-62.9196
-62.9072
-62.8948
-62.8825
-62.8701
-62.8577
-62.8454
-62.833
-62.8206
-62.8083
-62.796
-62.7836
-62.7713
-62.759
-62.7467
-62.7343
-62.722
-62.7097
-62.6974
-62.6852
-62.6729
-62.6606
-62.6483
-62.636
-62.6238
-62.6115
-62.5993
-62.587
-62.5748
-62.5625
-62.5503
-62.5381
-62.5259
-62.5137
-62.5014
-62.4892
-62.477
-62.4648
-62.4527
-62.4405
-62.4283
-62.4161
-62.404
-62.3918
-62.3796
-62.3675
-62.3554
-62.3432
-62.3311
-62.319
-62.3068
-62.2947
-62.2826
-62.2705
-62.2584
-62.2463
-62.2342
-62.2221
-62.2101
-62.198
-62.1859
-62.1739
-62.1618
-62.1497
-62.1377
-62.1257
-62.1136
-62.1016
-62.0896
-62.0776
-62.0655
-62.0535
-62.0415
-62.0295
-62.0176
-62.0056
-61.9936
-61.9816
-61.9697
-61.9577
-61.9457
-61.9338
-61.9218
-61.9099
-61.898
-61.886
-61.8741
-61.8622
-61.8503
-61.8384
-61.8265
-61.8146
-61.8027
-61.7908
-61.7789
-61.7671
-61.7552
-61.7433
-61.7315
-61.7196
-61.7078
-61.6959
-61.6841
-61.6723
-61.6604
-61.6486
-61.6368
-61.625
-61.6132
-61.6014
-61.5896
-61.5778
-61.5661
-61.5543
-61.5425
-61.5308
-61.519
-61.5073
-61.4955
-61.4838
-61.472
-61.4603
-61.4486
-61.4369
-61.4252
-61.4134
-61.4017
-61.3901
-61.3784
-61.3667
-61.355
-61.3433
-61.3317
-61.32
-61.3083
-61.2967
-61.285
-61.2734
-61.2618
-61.2501
-61.2385
-61.2269
-61.2153
-61.2037
-61.1921
-61.1805
-61.1689
-61.1573
-61.1457
-61.1342
-61.1226
-61.111
-61.0995
-61.0879
-61.0764
-61.0649
-61.0533
-61.0418
-61.0303
-61.0188
-61.0072
-60.9957
-60.9842
-60.9727
-60.9613
-60.9498
-60.9383
-60.9268
-60.9154
-60.9039
-60.8924
-60.881
-60.8696
-60.8581
-60.8467
-60.8353
-60.8238
-60.8124
-60.801
-60.7896
-60.7782
-60.7668
-60.7554
-60.744
-60.7327
-60.7213
-60.7099
-60.6986
-60.6872
-60.6759
-60.6645
-60.6532
-60.6418
-60.6305
-60.6192
-60.6079
-60.5966
-60.5853
-60.574
-60.5627
-60.5514
-60.5401
-60.5288
-60.5175
-60.5063
-60.495
-60.4838
-60.4725
-60.4613
-60.45
-60.4388
-60.4276
-60.4163
-60.4051
-60.3939
-60.3827
-60.3715
-60.3603
-60.3491
-60.3379
-60.3268
-60.3156
-60.3044
-60.2933
-60.2821
-60.271
-60.2598
-60.2487
-60.2375
-60.2264
-60.2153
-60.2042
-60.193
-60.1819
-60.1708
-60.1597
-60.1486
-60.1376
-60.1265
-60.1154
-60.1043
-60.0933
-60.0822
-60.0712
-60.0601
-60.0491
-60.038
-60.027
-60.016
-60.0049
-59.9939
-59.9829
-59.9719
-59.9609
-59.9499
-59.9389
-59.928
-59.917
-59.906
-59.895
-59.8841
-59.8731
-59.8622
-59.8512
-59.8403
-59.8293
-59.8184
-59.8075
-59.7966
-59.7857
-59.7748
-59.7638
-59.753
-59.7421
-59.7312
-59.7203
-59.7094
-59.6985
-59.6877
-59.6768
-59.666
-59.6551
-59.6443
-59.6334
-59.6226
-59.6118
-59.6009
-59.5901
-59.5793
-59.5685
-59.5577
-59.5469
-59.5361
-59.5253
-59.5145
-59.5038
-59.493
-59.4822
-59.4715
-59.4607
-59.45
-59.4392
-59.4285
-59.4178
-59.407
-59.3963
-59.3856
-59.3749
-59.3642
-59.3535
-59.3428
-59.3321
-59.3214
-59.3107
-59.3
-59.2893
-59.2787
-59.268
-59.2574
-59.2467
-59.2361
-59.2254
-59.2148
-59.2041
-59.1935
-59.1829
-59.1723
-59.1617
-59.1511
-59.1405
-59.1299
-59.1193
-59.1087
-59.0981
-59.0875
-59.0769
-59.0664
-59.0558
-59.0453
-59.0347
-59.0242
-59.0136
-59.0031
-58.9926
-58.982
-58.9715
-58.961
-58.9505
-58.94
-58.9295
-58.919
-58.9085
-58.898
-58.8875
-58.877
-58.8666
-58.8561
-58.8456
-58.8352
-58.8247
-58.8143
-58.8038
-58.7934
-58.783
-58.7725
-58.7621
-58.7517
-58.7413
-58.7309
-58.7205
-58.7101
-58.6997
-58.6893
-58.6789
-58.6685
-58.6581
-58.6478
-58.6374
-58.627
-58.6167
-58.6063
-58.596
-58.5856
-58.5753
-58.565
-58.5546
-58.5443
-58.534
-58.5237
-58.5134
-58.5031
-58.4928
-58.4825
-58.4722
-58.4619
-58.4516
-58.4413
-58.4311
-58.4208
-58.4105
-58.4003
-58.39
-58.3798
-58.3695
-58.3593
-58.3491
-58.3388
-58.3286
-58.3184
-58.3082
-58.2979
-58.2877
-58.2775
-58.2673
-58.2571
-58.2469
-58.2368
-58.2266
-58.2164
-58.2062
-58.1961
-58.1859
-58.1757
-58.1656
-58.1554
-58.1453
-58.1351
-58.125
-58.1149
-58.1047
-58.0946
-58.0845
-58.0744
-58.0642
-58.0541
-58.044
-58.0339
-58.0238
-58.0137
-58.0037
-57.9936
-57.9835
-57.9734
-57.9634
-57.9533
-57.9432
-57.9332
-57.9231
-57.9131
-57.903
-57.893
-57.8829
-57.8729
-57.8629
-57.8528
-57.8428
-57.8328
-57.8228
-57.8128
-57.8028
-57.7928
-57.7828
-57.7728
-57.7628
-57.7528
-57.7428
-57.7329
-57.7229
-57.7129
-57.703
-57.693
-57.683
-57.6731
-57.6631
-57.6532
-57.6433
-57.6333
-57.6234
-57.6135
-57.6035
-57.5936
-57.5837
-57.5738
-57.5639
-57.554
-57.5441
-57.5342
-57.5243
-57.5144
-57.5045
-57.4946
-57.4847
-57.4748
-57.465
-57.4551
-57.4452
-57.4354
-57.4255
-57.4157
-57.4058
-57.396
-57.3861
-57.3763
-57.3664
-57.3566
-57.3468
-57.337
-57.3271
-57.3173
-57.3075
-57.2977
-57.2879
-57.2781
-57.2683
-57.2585
-57.2487
-57.2389
-57.2291
-57.2193
-57.2095
-57.1998
-57.19
-57.1802
-57.1704
-57.1607
-57.1509
-57.1412
-57.1314
-57.1216
-57.1119
-57.1021
-57.0924
-57.0827
-57.0729
-57.0632
-57.0535
-57.0437
-57.034
-57.0243
-57.0146
-57.0049
-56.9951
-56.9854
-56.9757
-56.966
-56.9563
-56.9466
-56.9369
-56.9272
-56.9176
-56.9079
-56.8982
-56.8885
-56.8788
-56.8692
-56.8595
-56.8498
-56.8402
-56.8305
-56.8208
-56.8112
-56.8015
-56.7919
-56.7822
-56.7726
-56.7629
-56.7533
-56.7437
-56.734
-56.7244
-56.7148
-56.7051
-56.6955
-56.6859
-56.6763
-56.6666
-56.657
-56.6474
-56.6378
-56.6282
-56.6186
-56.609
-56.5994
-56.5898
-56.5802
-56.5706
-56.561
-56.5514
-56.5419
-56.5323
-56.5227
-56.5131
-56.5035
-56.494
-56.4844
-56.4748
-56.4653
-56.4557
-56.4461
-56.4366
-56.427
-56.4175
-56.4079
-56.3983
-56.3888
-56.3792
-56.3697
-56.3602
-56.3506
-56.3411
-56.3315
-56.322
-56.3125
-56.3029
-56.2934
-56.2839
-56.2743
-56.2648
-56.2553
-56.2458
-56.2363
-56.2267
-56.2172
-56.2077
-56.1982
-56.1887
-56.1792
-56.1697
-56.1602
-56.1506
-56.1411
-56.1316
-56.1221
-56.1126
-56.1031
-56.0936
-56.0841
-56.0746
-56.0652
-56.0557
-56.0462
-56.0367
-56.0272
-56.0177
-56.0082
-55.9987
-55.9893
-55.9798
-55.9703
-55.9608
-55.9513
-55.9418
-55.9324
-55.9229
-55.9134
-55.9039
-55.8945
-55.885
-55.8755
-55.866
-55.8566
-55.8471
-55.8376
-55.8282
-55.8187
-55.8092
-55.7998
-55.7903
-55.7808
-55.7714
-55.7619
-55.7525
-55.743
-55.7335
-55.7241
-55.7146
-55.7051
-55.6957
-55.6862
-55.6768
-55.6673
-55.6579
-55.6484
-55.6389
-55.6295
-55.62
-55.6106
-55.6011
-55.5917
-55.5822
-55.5727
-55.5633
-55.5538
-55.5444
-55.5349
-55.5255
-55.516
-55.5066
-55.4971
-55.4876
-55.4782
-55.4687
-55.4593
-55.4498
-55.4404
-55.4309
-55.4214
-55.412
-55.4025
-55.3931
-55.3836
-55.3741
-55.3647
-55.3552
-55.3458
-55.3363
-55.3268
-55.3174
-55.3079
-55.2984
-55.289
-55.2795
-55.27
-55.2605
-55.2511
-55.2416
-55.2321
-55.2227
-55.2132
-55.2037
-55.1942
-55.1847
-55.1753
-55.1658
-55.1563
-55.1468
-55.1373
-55.1278
-55.1183
-55.1088
-55.0994
-55.0899
-55.0804
-55.0709
-55.0614
-55.0519
-55.0423
-55.0328
-55.0233
-55.0138
-55.0043
-54.9948
-54.9853
-54.9758
-54.9662
-54.9567
-54.9472
-54.9377
-54.9281
-54.9186
-54.9091
-54.8995
-54.89
-54.8804
-54.8709
-54.8613
-55.0208
-55.1508
-55.2622
-55.3606
-55.4495
-55.5311
-55.6067
-55.6776
-55.7444
-55.8078
-55.8681
-55.9258
-55.9811
-56.0343
-56.0856
-56.1351
-56.183
-56.2293
-56.2743
-56.318
-56.3605
-56.4019
-56.4422
-56.4815
-56.5199
-56.5574
-56.5941
-56.63
-56.6651
-56.6996
-56.7334
-56.7666
-56.7992
-56.8312
-56.8627
-56.8937
-56.9242
-56.9542
-56.9839
-57.013
-57.0418
-57.0702
-57.0983
-57.126
-57.1533
-57.1804
-57.2071
-57.2336
-57.2598
-57.2857
-57.3113
-57.3367
-57.3619
-57.3868
-57.4115
-57.436
-57.4603
-57.4844
-57.5083
-57.532
-57.5556
-57.579
-57.6022
-57.6252
-57.6481
-57.6709
-57.6935
-57.716
-57.7383
-57.7605
-57.7825
-57.8045
-57.8263
-57.848
-57.8696
-57.8911
-57.9124
-57.9337
-57.9548
-57.9759
-57.9969
-58.0177
-58.0385
-58.0592
-58.0797
-58.1002
-58.1206
-58.141
-58.1612
-58.1814
-58.2014
-58.2214
-58.2414
-58.2612
-58.281
-58.3007
-58.3203
-58.3399
-58.3594
-58.3788
-58.3981
-58.4174
-58.4367
-58.4558
-58.4749
-58.494
-58.5129
-58.5318
-58.5507
-58.5695
-58.5882
-58.6069
-58.6256
-58.6441
-58.6627
-58.6811
-58.6995
-58.7179
-58.7362
-58.7544
-58.7727
-58.7908
-58.8089
-58.827
-58.845
-58.8629
-58.8809
-58.8987
-58.9165
-58.9343
-58.952
-58.9697
-58.9874
-59.0049
-59.0225
-59.04
-59.0575
-59.0749
-59.0923
-59.1096
-59.1269
-59.1441
-59.1614
-59.1785
-59.1957
-59.2127
-59.2298
-59.2468
-59.2638
-59.2807
-59.2976
-59.3145
-59.3313
-59.3481
-59.3648
-59.3815
-59.3982
-59.4148
-59.4314
-59.448
-59.4645
-59.481
-59.4975
-59.5139
-59.5303
-59.5466
-59.563
-59.5792
-59.5955
-59.6117
-59.6279
-59.644
-59.6602
-59.6762
-59.6923
-59.7083
-59.7243
-59.7403
-59.7562
-59.7721
-59.788
-59.8038
-59.8196
-59.8354
-59.8511
-59.8668
-59.8825
-59.8981
-59.9137
-59.9293
-59.9449
-59.9604
-59.9759
-59.9914
-60.0068
-60.0222
-60.0376
-60.053
-60.0683
-60.0836
-60.0989
-60.1141
-60.1293
-60.1445
-60.1597
-60.1748
-60.1899
-60.205
-60.22
-60.2351
-60.2501
-60.265
-60.28
-60.2949
-60.3098
-60.3246
-60.3395
-60.3543
-60.3691
-60.3838
-60.3986
-60.4133
-60.428
-60.4426
-60.4572
-60.4718
-60.4864
-60.501
-60.5155
-60.53
-60.5445
-60.559
-60.5734
-60.5878
-60.6022
-60.6165
-60.6309
-60.6452
-60.6595
-60.6737
-60.688
-60.7022
-60.7164
-60.7305
-60.7447
-60.7588
-60.7729
-60.787
-60.801
-60.8151
-60.8291
-60.8431
-60.857
-60.871
-60.8849
-60.8988
-60.9126
-60.9265
-60.9403
-60.9541
-60.9679
-60.9816
-60.9954
-61.0091
-61.0228
-61.0365
-61.0501
-61.0637
-61.0773
-61.0909
-61.1045
-61.118
-61.1315
-61.145
-61.1585
-61.172
-61.1854
-61.1988
-61.2122
-61.2256
-61.2389
-61.2523
-61.2656
-61.2789
-61.2921
-61.3054
-61.3186
-61.3318
-61.345
-61.3582
-61.3713
-61.3845
-61.3976
-61.4106
-61.4237
-61.4368
-61.4498
-61.4628
-61.4758
-61.4887
-61.5017
-61.5146
-61.5275
-61.5404
-61.5533
-61.5661
-61.579
-61.5918
-61.6046
-61.6173
-61.6301
-61.6428
-61.6555
-61.6682
-61.6809
-61.6935
-61.7062
-61.7188
-61.7314
-61.744
-61.7565
-61.7691
-61.7816
-61.7941
-61.8066
-61.8191
-61.8315
-61.844
-61.8564
-61.8688
-61.8812
-61.8935
-61.9059
-61.9182
-61.9305
-61.9428
-61.955
-61.9673
-61.9795
-61.9917
-62.0039
-62.0161
-62.0283
-62.0404
-62.0526
-62.0647
-62.0768
-62.0888
-62.1009
-62.1129
-62.125
-62.137
-62.1489
-62.1609
-62.1729
-62.1848
-62.1967
-62.2086
-62.2205
-62.2324
-62.2442
-62.2561
-62.2679
-62.2797
-62.2915
-62.3032
-62.315
-62.3267
-62.3384
-62.3501
-62.3618
-62.3735
-62.3851
-62.3967
-62.4084
-62.42
-62.4315
-62.4431
-62.4547
-62.4662
-62.4777
-62.4892
-62.5007
-62.5122
-62.5236
-62.5351
-62.5465
-62.5579
-62.5693
-62.5806
-62.592
-62.6033
-62.6147
-62.626
-62.6373
-62.6485
-62.6598
-62.671
-62.6823
-62.6935
-62.7047
-62.7159
-62.727
-62.7382
-62.7493
-62.7604
-62.7715
-62.7826
-62.7937
-62.8047
-62.8158
-62.8268
-62.8378
-62.8488
-62.8598
-62.8708
-62.8817
-62.8927
-62.9036
-62.9145
-62.9254
-62.9362
-62.9471
-62.9579
-62.9688
-62.9796
-62.9904
-63.0012
-63.012
-63.0227
-63.0334
-63.0442
-63.0549
-63.0656
-63.0763
-63.0869
-63.0976
-63.1082
-63.1189
-63.1295
-63.1401
-63.1506
-63.1612
-63.1718
-63.1823
-63.1928
-63.2033
-63.2138
-63.2243
-63.2348
-63.2452
-63.2557
-63.2661
-63.2765
-63.2869
-63.2973
-63.3076
-63.318
-63.3283
-63.3386
-63.349
-63.3592
-63.3695
-63.3798
-63.3901
-63.4003
-63.4105
-63.4207
-63.4309
-63.4411
-63.4513
-63.4615
-63.4716
-63.4817
-63.4918
-63.5019
-63.512
-63.5221
-63.5322
-63.5422
-63.5523
-63.5623
-63.5723
-63.5823
-63.5923
-63.6022
-63.6122
-63.6221
-63.6321
-63.642
-63.6519
-63.6618
-63.6717
-63.6815
-63.6914
-63.7012
-63.711
-63.7208
-63.7306
-63.7404
-63.7502
-63.7599
-63.7697
-63.7794
-63.7891
-63.7988
-63.8085
-63.8182
-63.8279
-63.8375
-63.8472
-63.8568
-63.8664
-63.876
-63.8856
-63.8952
-63.9048
-63.9143
-63.9239
-63.9334
-63.9429
-63.9524
-63.9619
-63.9714
-63.9808
-63.9903
-63.9997
-64.0092
-64.0186
-64.028
-64.0374
-64.0467
-64.0561
-64.0655
-64.0748
-64.0841
-64.0935
-64.1028
-64.112
-64.1213
-64.1306
-64.1399
-64.1491
-64.1583
-64.1675
-64.1768
-64.1859
-64.1951
-64.2043
-64.2135
-64.2226
-64.2317
-64.2409
-64.25
-64.2591
-64.2682
-64.2772
-64.2863
-64.2954
-64.3044
-64.3134
-64.3224
-64.3314
-64.3404
-64.3494
-64.3584
-64.3673
-64.3763
-64.3852
-64.3942
-64.4031
-64.412
-64.4209
-64.4297
-64.4386
-64.4475
-64.4563
-64.4651
-64.4739
-64.4828
-64.4916
-64.5003
-64.5091
-64.5179
-64.5266
-64.5354
-64.5441
-64.5528
-64.5615
-64.5702
-64.5789
-64.5876
-64.5962
-64.6049
-64.6135
-64.6222
-64.6308
-64.6394
-64.648
-64.6566
-64.6651
-64.6737
-64.6822
-64.6908
-64.6993
-64.7078
-64.7163
-64.7248
-64.7333
-64.7418
-64.7502
-64.7587
-64.7671
-64.7756
-64.784
-64.7924
-64.8008
-64.8092
-64.8176
-64.8259
-64.8343
-64.8426
-64.851
-64.8593
-64.8676
-64.8759
-64.8842
-64.8925
-64.9007
-64.909
-64.9173
-64.9255
-64.9337
-64.9419
-64.9501
-64.9583
-64.9665
-64.9747
-64.9829
-64.991
-64.9992
-65.0073
-65.0154
-65.0235
-65.0316
-65.0397
-65.0478
-65.0559
-65.064
-65.072
-65.08
-65.0881
-65.0961
-65.1041
-65.1121
-65.1201
-65.1281
-65.1361
-65.144
-65.152
-65.1599
-65.1678
-65.1758
-65.1837
-65.1916
-65.1995
-65.2073
-65.2152
-65.2231
-65.2309
-65.2388
-65.2466
-65.2544
-65.2622
-65.27
-65.2778
-65.2856
-65.2934
-65.3011
-65.3089
-65.3166
-65.3244
-65.3321
-65.3398
-65.3475
-65.3552
-65.3629
-65.3706
-65.3782
-65.3859
-65.3935
-65.4012
-65.4088
-65.4164
-65.424
-65.4316
-65.4392
-65.4468
-65.4544
-65.4619
-65.4695
-65.477
-65.4845
-65.4921
-65.4996
-65.5071
-65.5146
-65.5221
-65.5295
-65.537
-65.5445
-65.5519
-65.5593
-65.5668
-65.5742
-65.5816
-65.589
-65.5964
-65.6038
-65.6112
-65.6185
-65.6259
-65.6332
-65.6406
-65.6479
-65.6552
-65.6625
-65.6698
-65.6771
-65.6844
-65.6917
-65.6989
-65.7062
-65.7134
-65.7207
-65.7279
-65.7351
-65.7423
-65.7495
-65.7567
-65.7639
-65.7711
-65.7782
-65.7854
-65.7925
-65.7997
-65.8068
-65.8139
-65.8211
-65.8282
-65.8352
-65.8423
-65.8494
-65.8565
-65.8635
-65.8706
-65.8776
-65.8847
-65.8917
-65.8987
-65.9057
-65.9127
-65.9197
-65.9267
-65.9337
-65.9406
-65.9476
-65.9545
-65.9615
-65.9684
-65.9753
-65.9822
-65.9891
-65.996
-66.0029
-66.0098
-66.0167
-66.0235
-66.0304
-66.0372
-66.0441
-66.0509
-66.0577
-66.0645
-66.0714
-66.0781
-66.0849
-66.0917
-66.0985
-66.1052
-66.112
-66.1187
-66.1255
-66.1322
-66.1389
-66.1456
-66.1524
-66.159
-66.1657
-66.1724
-66.1791
-66.1858
-66.1924
-66.1991
-66.2057
-66.2123
-66.2189
-66.2256
-66.2322
-66.2388
-66.2454
-66.2519
-66.2585
-66.2651
-66.2716
-66.2782
-66.2847
-66.2913
-66.2978
-66.3043
-66.3108
-66.3173
-66.3238
-66.3303
-66.3368
-66.3433
-66.3497
-66.3562
-66.3626
-66.3691
-66.3755
-66.3819
-66.3883
-66.3948
-66.4012
-66.4075
-66.4139
-66.4203
-66.4267
-66.433
-66.4394
-66.4457
-66.4521
-66.4584
-66.4647
-66.4711
-66.4774
-66.4837
-66.49
-66.4962
-66.5025
-66.5088
-66.5151
-66.5213
-66.5276
-66.5338
-66.54
-66.5463
-66.5525
-66.5587
-66.5649
-66.5711
-66.5773
-66.5834
-66.5896
-66.5958
-66.6019
-66.6081
-66.6142
-66.6204
-66.6265
-66.6326
-66.6387
-66.6448
-66.6509
-66.657
-66.6631
-66.6692
-66.6753
-66.6813
-66.6874
-66.6934
-66.6995
-66.7055
-66.7115
-66.7175
-66.7236
-66.7296
-66.7356
-66.7415
-66.7475
-66.7535
-66.7595
-66.7654
-66.7714
-66.7773
-66.7833
-66.7892
-66.7951
-66.801
-66.807
-66.8129
-66.8188
-66.8246
-66.8305
-66.8364
-66.8423
-66.8481
-66.854
-66.8598
-66.8657
-66.8715
-66.8773
-66.8832
-66.889
-66.8948
-66.9006
-66.9064
-66.9122
-66.9179
-66.9237
-66.9295
-66.9352
-66.941
-66.9467
-66.9525
-66.9582
-66.9639
-66.9696
-66.9753
-66.981
-66.9867
-66.9924
-66.9981
-67.0038
-67.0094
-67.0151
-67.0208
-67.0264
-67.0321
-67.0377
-67.0433
-67.0489
-67.0546
-67.0602
-67.0658
-67.0714
-67.077
-67.0825
-67.0881
-67.0937
-67.0992
-67.1048
-67.1103
-67.1159
-67.1214
-67.1269
-67.1325
-67.138
-67.1435
-67.149
-67.1545
-67.16
-67.1655
-67.1709
-67.1764
-67.1819
-67.1873
-67.1928
-67.1982
-67.2037
-67.2091
-67.2145
-67.2199
-67.2254
-67.2308
-67.2362
-67.2416
-67.2469
-67.2523
-67.2577
-67.2631
-67.2684
-67.2738
-67.2791
-67.2845
-67.2898
-67.2951
-67.3005
-67.3058
-67.3111
-67.3164
-67.3217
-67.327
-67.3323
-67.3376
-67.3428
-67.3481
-67.3534
-67.3586
-67.3639
-67.3691
-67.3743
-67.3796
-67.3848
-67.39
-67.3952
-67.4004
-67.4056
-67.4108
-67.416
-67.4212
-67.4264
-67.4315
-67.4367
-67.4419
-67.447
-67.4522
-67.4573
-67.4624
-67.4675
-67.4727
-67.4778
-67.4829
-67.488
-67.4931
-67.4982
-67.5033
-67.5083
-67.5134
-67.5185
-67.5235
-67.5286
-67.5337
-67.5387
-67.5437
-67.5488
-67.5538
-67.5588
-67.5638
-67.5688
-67.5738
-67.5788
-67.5838
-67.5888
-67.5938
-67.5988
-67.6037
-67.6087
-67.6136
-67.6186
-67.6235
-67.6285
-67.6334
-67.6383
-67.6433
-67.6482
-67.6531
-67.658
-67.6629
-67.6678
-67.6727
-67.6775
-67.6824
-67.6873
-67.6921
-67.697
-67.7019
-67.7067
-67.7115
-67.7164
-67.7212
-67.726
-67.7309
-67.7357
-67.7405
-67.7453
-67.7501
-67.7549
-67.7597
-67.7644
-67.7692
-67.774
-67.7787
-67.7835
-67.7882
-67.793
-67.7977
-67.8025
-67.8072
-67.8119
-67.8166
-67.8214
-67.8261
-67.8308
-67.8355
-67.8402
-67.8448
-67.8495
-67.8542
-67.8589
-67.8635
-67.8682
-67.8728
-67.8775
-67.8821
-67.8868
-67.8914
-67.896
-67.9007
-67.9053
-67.9099
-67.9145
-67.9191
-67.9237
-67.9283
-67.9329
-67.9374
-67.942
-67.9466
-67.9511
-67.9557
-67.9603
-67.9648
-67.9693
-67.9739
-67.9784
-67.9829
-67.9875
-67.992
-67.9965
-68.001
-68.0055
-68.01
-68.0145
-68.019
-68.0234
-68.0279
-68.0324
-68.0368
-68.0413
-68.0458
-68.0502
-68.0547
-68.0591
-68.0635
-68.068
-68.0724
-68.0768
-68.0812
-68.0856
-68.09
-68.0944
-68.0988
-68.1032
-68.1076
-68.112
-68.1163
-68.1207
-68.1251
-68.1294
-68.1338
-68.1381
-68.1425
-68.1468
-68.1511
-68.1555
-68.1598
-68.1641
-68.1684
-68.1727
-68.177
-68.1813
-68.1856
-68.1899
-68.1942
-68.1985
-68.2027
-68.207
-68.2113
-68.2155
-68.2198
-68.224
-68.2283
-68.2325
-68.2367
-68.241
-68.2452
-68.2494
-68.2536
-68.2578
-68.262
-68.2662
-68.2704
-68.2746
-68.2788
-68.283
-68.2872
-68.2913
-68.2955
-68.2997
-68.3038
-68.308
-68.3121
-68.3163
-68.3204
-68.3245
-68.3287
-68.3328
-68.3369
-68.341
-68.3451
-68.3492
-68.3533
-68.3574
-68.3615
-68.3656
-68.3697
-68.3738
-68.3779
-68.3819
-68.386
-68.39
-68.3941
-68.3981
-68.4022
-68.4062
-68.4103
-68.4143
-68.4183
-68.4223
-68.4264
-68.4304
-68.4344
-68.4384
-68.4424
-68.4464
-68.4504
-68.4544
-68.4583
-68.4623
-68.4663
-68.4703
-68.4742
-68.4782
-68.4821
-68.4861
-68.49
-68.494
-68.4979
-68.5018
-68.5058
-68.5097
-68.5136
-68.5175
-68.5214
-68.5253
-68.5292
-68.5331
-68.537
-68.5409
-68.5448
-68.5487
-68.5525
-68.5564
-68.5603
-68.5641
-68.568
-68.5718
-68.5757
-68.5795
-68.5834
-68.5872
-68.591
-68.5949
-68.5987
-68.6025
-68.6063
-68.6101
-68.6139
-68.6177
-68.6215
-68.6253
-68.6291
-68.6329
-68.6367
-68.6404
-68.6442
-68.648
-68.6517
-68.6555
-68.6592
-68.663
-68.6667
-68.6705
-68.6742
-68.6779
-68.6817
-68.6854
-68.6891
-68.6928
-68.6965
-68.7002
-68.7039
-68.7076
-68.7113
-68.715
-68.7187
-68.7224
-68.7261
-68.7297
-68.7334
-68.7371
-68.7407
-68.7444
-68.748
-68.7517
-68.7553
-68.759
-68.7626
-68.7662
-68.7699
-68.7735
-68.7771
-68.7807
-68.7843
-68.7879
-68.7915
-68.7951
-68.7987
-68.8023
-68.8059
-68.8095
-68.8131
-68.8167
-68.8202
-68.8238
-68.8274
-68.8309
-68.8345
-68.838
-68.8416
-68.8451
-68.8487
-68.8522
-68.8557
-68.8592
-68.8628
-68.8663
-68.8698
-68.8733
-68.8768
-68.8803
-68.8838
-68.8873
-68.8908
-68.8943
-68.8978
-68.9013
-68.9047
-68.9082
-68.9117
-68.9151
-68.9186
-68.9221
-68.9255
-68.929
-68.9324
-68.9358
-68.9393
-68.9427
-68.9461
-68.9496
-68.953
-68.9564
-68.9598
-68.9632
-68.9666
-68.97
-68.9734
-68.9768
-68.9802
-68.9836
-68.987
-68.9904
-68.9938
-68.9971
-69.0005
-69.0039
-69.0072
-69.0106
-69.0139
-69.0173
-69.0206
-69.024
-69.0273
-69.0306
-69.034
-69.0373
-69.0406
-69.0439
-69.0473
-69.0506
-69.0539
-69.0572
-69.0605
-69.0638
-69.0671
-69.0704
-69.0737
-69.0769
-69.0802
-69.0835
-69.0868
-69.09
-69.0933
-69.0966
-69.0998
-69.1031
-69.1063
-69.1096
-69.1128
-69.1161
-69.1193
-69.1225
-69.1257
-69.129
-69.1322
-69.1354
-69.1386
-69.1418
-69.145
-69.1482
-69.1514
-69.1546
-69.1578
-69.161
-69.1642
-69.1674
-69.1706
-69.1737
-69.1769
-69.1801
-69.1832
-69.1864
-69.1896
-69.1927
-69.1959
-69.199
-69.2022
-69.2053
-69.2084
-69.2116
-69.2147
-69.2178
-69.2209
-69.2241
-69.2272
-69.2303
-69.2334
-69.2365
-69.2396
-69.2427
-69.2458
-69.2489
-69.252
-69.2551
-69.2581
-69.2612
-69.2643
-69.2674
-69.2704
-69.2735
-69.2766
-69.2796
-69.2827
-69.2857
-69.2888
-69.2918
-69.2948
-69.2979
-69.3009
-69.3039
-69.307
-69.31
-69.313
-69.316
-69.319
-69.3221
-69.3251
-69.3281
-69.3311
-69.3341
-69.3371
-69.34
-69.343
-69.346
-69.349
-69.352
-69.3549
-69.3579
-69.3609
-69.3638
-69.3668
-69.3698
-69.3727
-69.3757
-69.3786
-69.3816
-69.3845
-69.3874
-69.3904
-69.3933
-69.3962
-69.3991
-69.4021
-69.405
-69.4079
-69.4108
-69.4137
-69.4166
-69.4195
-69.4224
-69.4253
-69.4282
-69.4311
-69.434
-69.4369
-69.4398
-69.4426
-69.4455
-69.4484
-69.4512
-69.4541
-69.457
-69.4598
-69.4627
-69.4655
-69.4684
-69.4712
-69.4741
-69.4769
-69.4797
-69.4826
-69.4854
-69.4882
-69.491
-69.4939
-69.4967
-69.4995
-69.5023
-69.5051
-69.5079
-69.5107
-69.5135
-69.5163
-69.5191
-69.5219
-69.5247
-69.5275
-69.5302
-69.533
-69.5358
-69.5386
-69.5413
-69.5441
-69.5468
-69.5496
-69.5524
-69.5551
-69.5579
-69.5606
-69.5633
-69.5661
-69.5688
-69.5716
-69.5743
-69.577
-69.5797
-69.5825
-69.5852
-69.5879
-69.5906
-69.5933
-69.596
-69.5987
-69.6014
-69.6041
-69.6068
-69.6095
-69.6122
-69.6149
-69.6176
-69.6203
-69.6229
-69.6256
-69.6283
-69.6309
-69.6336
-69.6363
-69.6389
-69.6416
-69.6442
-69.6469
-69.6495
-69.6522
-69.6548
-69.6575
-69.6601
-69.6627
-69.6654
-69.668
-69.6706
-69.6732
-69.6759
-69.6785
-69.6811
-69.6837
-69.6863
-69.6889
-69.6915
-69.6941
-69.6967
-69.6993
-69.7019
-69.7045
-69.7071
-69.7096
-69.7122
-69.7148
-69.7174
-69.7199
-69.7225
-69.7251
-69.7276
-69.7302
-69.7328
-69.7353
-69.7379
-69.7404
-69.743
-69.7455
-69.748
-69.7506
-69.7531
-69.7556
-69.7582
-69.7607
-69.7632
-69.7657
-69.7683
-69.7708
-69.7733
-69.7758
-69.7783
-69.7808
-69.7833
-69.7858
-69.7883
-69.7908
-69.7933
-69.7958
-69.7982
-69.8007
-69.8032
-69.8057
-69.8082
-69.8106
-69.8131
-69.8156
-69.818
-69.8205
-69.8229
-69.8254
-69.8279
-69.8303
-69.8327
-69.8352
-69.8376
-69.8401
-69.8425
-69.8449
-69.8474
-69.8498
-69.8522
-69.8546
-69.8571
-69.8595
-69.8619
-69.8643
-69.8667
-69.8691
-69.8715
-69.8739
-69.8763
-69.8787
-69.8811
-69.8835
-69.8859
-69.8883
-69.8907
-69.8931
-69.8954
-69.8978
-69.9002
-69.9026
-69.9049
-69.9073
-69.9097
-69.912
-69.9144
-69.9167
-69.9191
-69.9214
-69.9238
-69.9261
-69.9285
-69.9308
-69.9331
-69.9355
-69.9378
-69.9401
-69.9425
-69.9448
-69.9471
-69.9494
-69.9517
-69.9541
-69.9564
-69.9587
-69.961
-69.9633
-69.9656
-69.9679
-69.9702
-69.9725
-69.9748
-69.9771
-69.9793
-69.9816
-69.9839
-69.9862
-69.9885
-69.9907
-69.993
-69.9953
-69.9975
-69.9998
-70.0021
-70.0043
-70.0066
-70.0088
-70.0111
-70.0133
-70.0156
-70.0178
-70.0201
-70.0223
-70.0246
-70.0268
-70.029
-70.0313
-70.0335
-70.0357
-70.0379
-70.0402
-70.0424
-70.0446
-70.0468
-70.049
-70.0512
-70.0534
-70.0556
-70.0578
-70.06
-70.0622
-70.0644
-70.0666
-70.0688
-70.071
-70.0732
-70.0753
-70.0775
-70.0797
-70.0819
-70.0841
-70.0862
-70.0884
-70.0906
-70.0927
-70.0949
-70.097
-70.0992
-70.1013
-70.1035
-70.1056
-70.1078
-70.1099
-70.1121
-70.1142
-70.1164
-70.1185
-70.1206
-70.1228
-70.1249
-70.127
-70.1291
-70.1313
-70.1334
-70.1355
-70.1376
-70.1397
-70.1418
-70.1439
-70.146
-70.1481
-70.1502
-70.1523
-70.1544
-70.1565
-70.1586
-70.1607
-70.1628
-70.1649
-70.167
-70.169
-70.1711
-70.1732
-70.1753
-70.1773
-70.1794
-70.1815
-70.1835
-70.1856
-70.1877
-70.1897
-70.1918
-70.1938
-70.1959
-70.1979
-70.2
-70.202
-70.2041
-70.2061
-70.2081
-70.2102
-70.2122
-70.2142
-70.2163
-70.2183
-70.2203
-70.2223
-70.2244
-70.2264
-70.2284
-70.2304
-70.2324
-70.2344
-70.2364
-70.2384
-70.2404
-70.2424
-70.2444
-70.2464
-70.2484
-70.2504
-70.2524
-70.2544
-70.2564
-70.2584
-70.2603
-70.2623
-70.2643
-70.2663
-70.2682
-70.2702
-70.2722
-70.2742
-70.2761
-70.2781
-70.28
-70.282
-70.284
-70.2859
-70.2879
-70.2898
-70.2918
-70.2937
-70.2956
-70.2976
-70.2995
-70.3015
-70.3034
-70.3053
-70.3073
-70.3092
-70.3111
-70.313
-70.3149
-70.3169
-70.3188
-70.3207
-70.3226
-70.3245
-70.3264
-70.3283
-70.3302
-70.3322
-70.3341
-70.336
-70.3378
-70.3397
-70.3416
-70.3435
-70.3454
-70.3473
-70.3492
-70.3511
-70.353
-70.3548
-70.3567
-70.3586
-70.3605
-70.3623
-70.3642
-70.3661
-70.3679
-70.3698
-70.3716
-70.3735
-70.3754
-70.3772
-70.3791
-70.3809
-70.3828
-70.3846
-70.3865
-70.3883
-70.3901
-70.392
-70.3938
-70.3956
-70.3975
-70.3993
-70.4011
-70.403
-70.4048
-70.4066
-70.4084
-70.4103
-70.4121
-70.4139
-70.4157
-70.4175
-70.4193
-70.4211
-70.4229
-70.4247
-70.4265
-70.4283
-70.4301
-70.4319
-70.4337
-70.4355
-70.4373
-70.4391
-70.4409
-70.4427
-70.4444
-70.4462
-70.448
-70.4498
-70.4515
-70.4533
-70.4551
-70.4569
-70.4586
-70.4604
-70.4621
-70.4639
-70.4657
-70.4674
-70.4692
-70.4709
-70.4727
-70.4744
-70.4762
-70.4779
-70.4797
-70.4814
-70.4831
-70.4849
-70.4866
-70.4884
-70.4901
-70.4918
-70.4935
-70.4953
-70.497
-70.4987
-70.5004
-70.5022
-70.5039
-70.5056
-70.5073
-70.509
-70.5107
-70.5124
-70.5141
-70.5159
-70.5176
-70.5193
-70.521
-70.5226
-70.5243
-70.526
-70.5277
-70.5294
-70.5311
-70.5328
-70.5345
-70.5362
-70.5378
-70.5395
-70.5412
-70.5429
-70.5445
-70.5462
-70.5479
-70.5496
-70.5512
-70.5529
-70.5546
-70.5562
-70.5579
-70.5595
-70.5612
-70.5628
-70.5645
-70.5661
-70.5678
-70.5694
-70.5711
-70.5727
-70.5744
-70.576
-70.5776
-70.5793
-70.5809
-70.5825
-70.5842
-70.5858
-70.5874
-70.5891
-70.5907
-70.5923
-70.5939
-70.5955
-70.5972
-70.5988
-70.6004
-70.602
-70.6036
-70.6052
-70.6068
-70.6084
-70.61
-70.6116
-70.6132
-70.6148
-70.6164
-70.618
-70.6196
-70.6212
-70.6228
-70.6244
-70.626
-70.6275
-70.6291
-70.6307
-70.6323
-70.6339
-70.6354
-70.637
-70.6386
-70.6402
-70.6417
-70.6433
-70.6449
-70.6464
-70.648
-70.6495
-70.6511
-70.6527
-70.6542
-70.6558
-70.6573
-70.6589
-70.6604
-70.662
-70.6635
-70.6651
-70.6666
-70.6681
-70.6697
-70.6712
-70.6728
-70.6743
-70.6758
-70.6773
-70.6789
-70.6804
-70.6819
-70.6835
-70.685
-70.6865
-70.688
-70.6895
-70.691
-70.6926
-70.6941
-70.6956
-70.6971
-70.6986
-70.7001
-70.7016
-70.7031
-70.7046
-70.7061
-70.7076
-70.7091
-70.7106
-70.7121
-70.7136
-70.7151
-70.7166
-70.7181
-70.7195
-70.721
-70.7225
-70.724
-70.7255
-70.7269
-70.7284
-70.7299
-70.7314
-70.7328
-70.7343
-70.7358
-70.7372
-70.7387
-70.7402
-70.7416
-70.7431
-70.7445
-70.746
-70.7474
-70.7489
-70.7504
-70.7518
-70.7533
-70.7547
-70.7561
-70.7576
-70.759
-70.7605
-70.7619
-70.7633
-70.7648
-70.7662
-70.7677
-70.7691
-70.7705
-70.7719
-70.7734
-70.7748
-70.7762
-70.7776
-70.7791
-70.7805
-70.7819
-70.7833
-70.7847
-70.7861
-70.7876
-70.789
-70.7904
-70.7918
-70.7932
-70.7946
-70.796
-70.7974
-70.7988
-70.8002
-70.8016
-70.803
-70.8044
-70.8058
-70.8072
-70.8086
-70.8099
-70.8113
-70.8127
-70.8141
-70.8155
-70.8169
-70.8182
-70.8196
-70.821
-70.8224
-70.8237
-70.8251
-70.8265
-70.8278
-70.8292
-70.8306
-70.8319
-70.8333
-70.8347
-70.836
-70.8374
-70.8387
-70.8401
-70.8414
-70.8428
-70.8441
-70.8455
-70.8468
-70.8482
-70.8495
-70.8509
-70.8522
-70.8536
-70.8549
-70.8562
-70.8576
-70.8589
-70.8602
-70.8616
-70.8629
-70.8642
-70.8656
-70.8669
-70.8682
-70.8695
-70.8709
-70.8722
-70.8735
-70.8748
-70.8761
-70.8775
-70.8788
-70.8801
-70.8814
-70.8827
-70.884
-70.8853
-70.8866
-70.8879
-70.8892
-70.8905
-70.8918
-70.8931
-70.8944
-70.8957
-70.897
-70.8983
-70.8996
-70.9009
-70.9022
-70.9035
-70.9047
-70.906
-70.9073
-70.9086
-70.9099
-70.9111
-70.9124
-70.9137
-70.915
-70.9163
-70.9175
-70.9188
-70.9201
-70.9213
-70.9226
-70.9239
-70.9251
-70.9264
-70.9276
-70.9289
-70.9302
-70.9314
-70.9327
-70.9339
-70.9352
-70.9364
-70.9377
-70.9389
-70.9402
-70.9414
-70.9427
-70.9439
-70.9452
-70.9464
-70.9476
-70.9489
-70.9501
-70.9514
-70.9526
-70.9538
-70.955
-70.9563
-70.9575
-70.9587
-70.96
-70.9612
-70.9624
-70.9636
-70.9649
-70.9661
-70.9673
-70.9685
-70.9697
-70.9709
-70.9722
-70.9734
-70.9746
-70.9758
-70.977
-70.9782
-70.9794
-70.9806
-70.9818
-70.983
-70.9842
-70.9854
-70.9866
-70.9878
-70.989
-70.9902
-70.9914
-70.9926
-70.9938
-70.995
-70.9961
-70.9973
-70.9985
-70.9997
-71.0009
-71.0021
-71.0032
-71.0044
-71.0056
-71.0068
-71.0079
-71.0091
-71.0103
-71.0115
-71.0126
-71.0138
-71.015
-71.0161
-71.0173
-71.0185
-71.0196
-71.0208
-71.0219
-71.0231
-71.0243
-71.0254
-71.0266
-71.0277
-71.0289
-71.03
-71.0312
-71.0323
-71.0335
-71.0346
-71.0358
-71.0369
-71.038
-71.0392
-71.0403
-71.0415
-71.0426
-71.0437
-71.0449
-71.046
-71.0471
-71.0483
-71.0494
-71.0505
-71.0517
-71.0528
-71.0539
-71.055
-71.0562
-71.0573
-71.0584
-71.0595
-71.0606
-71.0617
-71.0629
-71.064
-71.0651
-71.0662
-71.0673
-71.0684
-71.0695
-71.0706
-71.0717
-71.0728
-71.074
-71.0751
-71.0762
-71.0773
-71.0784
-71.0795
-71.0805
-71.0816
-71.0827
-71.0838
-71.0849
-71.086
-71.0871
-71.0882
-71.0893
-71.0904
-71.0914
-71.0925
-71.0936
-71.0947
-71.0958
-71.0969
-71.0979
-71.099
-71.1001
-71.1012
-71.1022
-71.1033
-71.1044
-71.1054
-71.1065
-71.1076
-71.1086
-71.1097
-71.1108
-71.1118
-71.1129
-71.114
-71.115
-71.1161
-71.1171
-71.1182
-71.1192
-71.1203
-71.1213
-71.1224
-71.1234
-71.1245
-71.1255
-71.1266
-71.1276
-71.1287
-71.1297
-71.1308
-71.1318
-71.1329
-71.1339
-71.1349
-71.136
-71.137
-71.138
-71.1391
-71.1401
-71.1411
-71.1422
-71.1432
-71.1442
-71.1452
-71.1463
-71.1473
-71.1483
-71.1493
-71.1504
-71.1514
-71.1524
-71.1534
-71.1544
-71.1555
-71.1565
-71.1575
-71.1585
-71.1595
-71.1605
-71.1615
-71.1625
-71.1635
-71.1645
-71.1655
-71.1666
-71.1676
-71.1686
-71.1696
-71.1706
-71.1716
-71.1726
-71.1735
-71.1745
-71.1755
-71.1765
-71.1775
-71.1785
-71.1795
-71.1805
-71.1815
-71.1825
-71.1834
-71.1844
-71.1854
-71.1864
-71.1874
-71.1884
-71.1893
-71.1903
-71.1913
-71.1923
-71.1932
-71.1942
-71.1952
-71.1962
-71.1971
-71.1981
-71.1991
-71.2
-71.201
-71.202
-71.2029
-71.2039
-71.2049
-71.2058
-71.2068
-71.2077
-71.2087
-71.2097
-71.2106
-71.2116
-71.2125
-71.2135
-71.2144
-71.2154
-71.2163
-71.2173
-71.2182
-71.2192
-71.2201
-71.2211
-71.222
-71.223
-71.2239
-71.2248
-71.2258
-71.2267
-71.2277
-71.2286
-71.2295
-71.2305
-71.2314
-71.2323
-71.2333
-71.2342
-71.2351
-71.236
-71.237
-71.2379
-71.2388
-71.2397
-71.2407
-71.2416
-71.2425
-71.2434
-71.2444
-71.2453
-71.2462
-71.2471
-71.248
-71.2489
-71.2499
-71.2508
-71.2517
-71.2526
-71.2535
-71.2544
-71.2553
-71.2562
-71.2571
-71.258
-71.2589
-71.2598
-71.2607
-71.2616
-71.2625
-71.2634
-71.2643
-71.2652
-71.2661
-71.267
-71.2679
-71.2688
-71.2697
-71.2706
-71.2715
-71.2724
-71.2733
-71.2742
-71.275
-71.2759
-71.2768
-71.2777
-71.2786
-71.2795
-71.2803
-71.2812
-71.2821
-71.283
-71.2839
-71.2847
-71.2856
-71.2865
-71.2874
-71.2882
-71.2891
-71.29
-71.2908
-71.2917
-71.2926
-71.2934
-71.2943
-71.2952
-71.296
-71.2969
-71.2978
-71.2986
-71.2995
-71.3003
-71.3012
-71.3021
-71.3029
-71.3038
-71.3046
-71.3055
-71.3063
-71.3072
-71.308
-71.3089
-71.3097
-71.3106
-71.3114
-71.3123
-71.3131
-71.314
-71.3148
-71.3156
-71.3165
-71.3173
-71.3182
-71.319
-71.3198
-71.3207
-71.3215
-71.3224
-71.3232
-71.324
-71.3249
-71.3257
-71.3265
-71.3273
-71.3282
-71.329
-71.3298
-71.3307
-71.3315
-71.3323
-71.3331
-71.3339
-71.3348
-71.3356
-71.3364
-71.3372
-71.338
-71.3389
-71.3397
-71.3405
-71.3413
-71.3421
-71.3429
-71.3438
-71.3446
-71.3454
-71.3462
-71.347
-71.3478
-71.3486
-71.3494
-71.3502
-71.351
-71.3518
-71.3526
-71.3534
-71.3542
-71.355
-71.3558
-71.3566
-71.3574
-71.3582
-71.359
-71.3598
-71.3606
-71.3614
-71.3622
-71.363
-71.3638
-71.3646
-71.3653
-71.3661
-71.3669
-71.3677
-71.3685
-71.3693
-71.3701
-71.3708
-71.3716
-71.3724
-71.3732
-71.374
-71.3747
-71.3755
-71.3763
-71.3771
-71.3778
-71.3786
-71.3794
-71.3802
-71.3809
-71.3817
-71.3825
-71.3832
-71.384
-71.3848
-71.3856
-71.3863
-71.3871
-71.3878
-71.3886
-71.3894
-71.3901
-71.3909
-71.3917
-71.3924
-71.3932
-71.3939
-71.3947
-71.3954
-71.3962
-71.397
-71.3977
-71.3985
-71.3992
-71.4
-71.4007
-71.4015
-71.4022
-71.403
-71.4037
-71.4044
-71.4052
-71.4059
-71.4067
-71.4074
-71.4082
-71.4089
-71.4096
-71.4104
-71.4111
-71.4119
-71.4126
-71.4133
-71.4141
-71.4148
-71.4155
-71.4163
-71.417
-71.4177
-71.4185
-71.4192
-71.4199
-71.4207
-71.4214
-71.4221
-71.4228
-71.4236
-71.4243
-71.425
-71.4257
-71.4265
-71.4272
-71.4279
-71.4286
-71.4293
-71.4301
-71.4308
-71.4315
-71.4322
-71.4329
-71.4336
-71.4343
-71.4351
-71.4358
-71.4365
-71.4372
-71.4379
-71.4386
-71.4393
-71.44
-71.4407
-71.4414
-71.4421
-71.4428
-71.4435
-71.4443
-71.445
-71.4457
-71.4464
-71.4471
-71.4478
-71.4485
-71.4491
-71.4498
-71.4505
-71.4512
-71.4519
-71.4526
-71.4533
-71.454
-71.4547
-71.4554
-71.4561
-71.4568
-71.4575
-71.4581
-71.4588
-71.4595
-71.4602
-71.4609
-71.4616
-71.4623
-71.4629
-71.4636
-71.4643
-71.465
-71.4657
-71.4663
-71.467
-71.4677
-71.4684
-71.469
-71.4697
-71.4704
-71.4711
-71.4717
-71.4724
-71.4731
-71.4737
-71.4744
-71.4751
-71.4758
-71.4764
-71.4771
-71.4778
-71.4784
-71.4791
-71.4797
-71.4804
-71.4811
-71.4817
-71.4824
-71.4831
-71.4837
-71.4844
-71.485
-71.4857
-71.4863
-71.487
-71.4877
-71.4883
-71.489
-71.4896
-71.4903
-71.4909
-71.4916
-71.4922
-71.4929
-71.4935
-71.4942
-71.4948
-71.4955
-71.4961
-71.4968
-71.4974
-71.498
-71.4987
-71.4993
-71.5
-71.5006
-71.5012
-71.5019
-71.5025
-71.5032
-71.5038
-71.5044
-71.5051
-71.5057
-71.5063
-71.507
-71.5076
-71.5082
-71.5089
-71.5095
-71.5101
-71.5108
-71.5114
-71.512
-71.5127
-71.5133
-71.5139
-71.5145
-71.5152
-71.5158
-71.5164
-71.517
-71.5176
-71.5183
-71.5189
-71.5195
-71.5201
-71.5207
-71.5214
-71.522
-71.5226
-71.5232
-71.5238
-71.5244
-71.5251
-71.5257
-71.5263
-71.5269
-71.5275
-71.5281
-71.5287
-71.5293
-71.5299
-71.5306
-71.5312
-71.5318
-71.5324
-71.533
-71.5336
-71.5342
-71.5348
-71.5354
-71.536
-71.5366
-71.5372
-71.5378
-71.5384
-71.539
-71.5396
-71.5402
-71.5408
-71.5414
-71.542
-71.5426
-71.5432
-71.5438
-71.5444
-71.5449
-71.5455
-71.5461
-71.5467
-71.5473
-71.5479
-71.5485
-71.5491
-71.5497
-71.5502
-71.5508
-71.5514
-71.552
