No,Time,Signal,Current
0,0.04,1443,26.34
1,0.08,1427,27.03
2,0.12,1421,27.63
3,0.16,1454,28.2
4,0.2,1453,28.69
5,0.24,1424,29.17
6,0.28,1441,29.62
7,0.32,1454,29.98
8,0.36,1447,30.37
9,0.4,1426,30.71
10,0.44,1449,31
11,0.48,1437,31.28
12,0.52,1447,31.57
13,0.56,1428,31.83
14,0.6,1452,32.07
15,0.64,1441,32.3
16,0.68,1430,32.5
17,0.72,1462,32.7
18,0.76,1441,32.94
19,0.8,1418,33.13
20,0.84,1453,33.31
21,0.88,1453,33.49
22,0.92,1447,33.62
23,0.96,1441,33.78
24,1,1425,33.94
25,1.04,1419,34.1
26,1.08,1439,34.25
27,1.12,1419,34.39
28,1.16,1465,34.52
29,1.2,1427,34.66
30,1.24,1446,34.79
31,1.28,1438,34.92
32,1.32,1420,35.05
33,1.36,1432,35.17
34,1.4,1464,35.28
35,1.44,1420,35.41
36,1.48,1424,35.54
37,1.52,1435,35.64
38,1.56,1432,35.73
39,1.6,1418,35.87
40,1.64,1432,35.98
41,1.68,1464,36.03
42,1.72,1449,36.13
43,1.76,1424,36.19
44,1.8,1446,36.33
45,1.84,1422,36.38
46,1.88,1433,36.49
47,1.92,1461,36.57
48,1.96,1424,36.65
49,2,1449,36.75
50,2.04,1418,36.81
51,2.08,1447,36.89
52,2.12,1454,36.96
53,2.16,1421,37.01
54,2.2,1424,37.12
55,2.24,1430,37.12
56,2.28,1420,37.24
57,2.32,1427,37.27
58,2.36,1444,37.27
59,2.4,1433,37.37
60,2.44,1457,37.43
61,2.48,1441,37.43
62,2.52,1463,37.55
63,2.56,1463,37.59
64,2.6,1433,37.6
65,2.64,1464,37.71
66,2.68,1425,37.74
67,2.72,1430,37.75
68,2.76,1428,37.86
69,2.8,1438,37.9
70,2.84,1454,37.9
71,2.88,1451,37.98
72,2.92,1419,38.05
73,2.96,1431,38.05
74,3,1417,38.09
75,3.04,1433,38.2
76,3.08,1442,38.21
77,3.12,1419,38.22
78,3.16,1429,38.31
79,3.2,1448,38.37
80,3.24,1419,38.37
81,3.28,1424,38.38
82,3.32,1436,38.49
83,3.36,1419,38.52
84,3.4,1440,38.52
85,3.44,1449,38.52
86,3.48,1418,38.54
87,3.52,1427,38.63
88,3.56,1421,38.68
89,3.6,1423,38.68
90,3.64,1418,38.68
91,3.68,1435,38.74
92,3.72,1453,38.83
93,3.76,1435,38.83
94,3.8,1439,38.83
95,3.84,1418,38.87
96,3.88,1432,38.96
97,3.92,1440,38.99
98,3.96,1431,38.99
99,4,1420,38.99
100,4.04,1419,39.04
101,4.08,1437,39.13
102,4.12,1421,39.14
103,4.16,1443,39.14
104,4.2,1429,39.15
105,4.24,1462,39.2
106,4.28,1455,39.29
107,4.32,1421,39.3
108,4.36,1425,39.3
109,4.4,1461,39.3
110,4.44,1456,39.33
111,4.48,1443,39.41
112,4.52,1432,39.45
113,4.56,1463,39.46
114,4.6,1425,39.46
115,4.64,1447,39.47
116,4.68,1456,39.52
117,4.72,1459,39.6
118,4.76,1429,39.61
119,4.8,1442,39.61
120,4.84,1431,39.61
121,4.88,1426,39.63
122,4.92,1460,39.69
123,4.96,1426,39.76
124,5,1435,39.77
125,5.04,1440,39.77
126,5.08,1423,39.77
127,5.12,1439,39.77
128,5.16,1429,39.78
129,5.2,1444,39.85
130,5.24,1444,39.9
131,5.28,1445,39.92
132,5.32,1454,39.92
133,5.36,1455,39.92
134,5.4,1439,39.93
135,5.44,1448,39.93
136,5.48,1435,39.98
137,5.52,1417,40.04
138,5.56,1450,40.08
139,5.6,1420,40.08
140,5.64,1424,40.08
141,5.68,1417,40.08
142,5.72,1457,40.09
143,5.76,1455,40.12
144,5.8,1438,40.17
145,5.84,1462,40.22
146,5.88,1459,40.24
147,5.92,1441,40.24
148,5.96,1431,40.24
149,6,1440,40.24
150,6.04,1433,40.24
151,6.08,1435,40.27
152,6.12,1459,40.34
153,6.16,1463,40.38
154,6.2,1436,40.39
155,6.24,1424,40.39
156,6.28,1444,40.39
157,6.32,1460,40.39
158,6.36,1428,40.4
159,6.4,1457,40.42
160,6.44,1442,40.47
161,6.48,1418,40.53
162,6.52,1422,40.55
163,6.56,1438,40.55
164,6.6,1456,40.55
165,6.64,1460,40.55
166,6.68,1434,40.55
167,6.72,1416,40.56
168,6.76,1441,40.58
169,6.8,1454,40.65
170,6.84,1427,40.69
171,6.88,1448,40.7
172,6.92,1432,40.7
173,6.96,1455,40.7
174,7,1437,40.7
175,7.04,1424,40.71
176,7.08,1427,40.74
177,7.12,1432,40.78
178,7.16,1422,40.83
179,7.2,1426,40.86
180,7.24,1432,40.86
181,7.28,1434,40.86
182,7.32,1463,40.86
183,7.36,1419,40.86
184,7.4,1425,40.87
185,7.44,1432,40.88
186,7.48,1441,40.94
187,7.52,1440,41
188,7.56,1437,41.01
189,7.6,1452,41.02
190,7.64,1464,41.02
191,7.68,1436,41.02
192,7.72,1436,41.02
193,7.76,1448,41.02
194,7.8,1430,41.02
195,7.84,1459,41.02
196,7.88,1440,41.02
197,7.92,1458,41.05
198,7.96,1438,41.08
199,8,1430,41.14
200,8.04,1445,41.17
201,8.08,1446,41.17
202,8.12,1445,41.17
203,8.16,1443,41.17
204,8.2,1443,41.17
205,8.24,1442,41.17
206,8.28,1440,41.17
207,8.32,1438,41.2
208,8.36,1439,41.22
209,8.4,1443,41.28
210,8.44,1445,41.31
211,8.48,1447,41.33
212,8.52,1445,41.33
213,8.56,1446,41.33
214,8.6,1448,41.33
215,8.64,1445,41.33
216,8.68,1441,41.33
217,8.72,1439,41.34
218,8.76,1439,41.36
219,8.8,1440,41.4
220,8.84,1439,41.44
221,8.88,1437,41.47
222,8.92,1436,41.48
223,8.96,1435,41.48
224,9,1437,41.48
225,9.04,1438,41.48
226,9.08,1436,41.48
227,9.12,1433,41.49
228,9.16,1429,41.48
229,9.2,1429,41.49
230,9.24,1428,41.51
231,9.28,1425,41.56
232,9.32,1424,41.58
233,9.36,1424,41.62
234,9.4,1425,41.64
235,9.44,1423,41.64
236,9.48,1417,41.64
237,9.52,1414,41.64
238,9.56,1413,41.64
239,9.6,1415,41.64
240,9.64,1416,41.64
241,9.68,1414,41.64
242,9.72,1411,41.64
243,9.76,1411,41.65
244,9.8,1411,41.66
245,9.84,1408,41.7
246,9.88,1408,41.72
247,9.92,1406,41.74
248,9.96,1403,41.77
249,10,1403,41.79
250,10.04,1403,41.8
251,10.08,1402,41.8
252,10.12,1402,41.8
253,10.16,1400,41.8
254,10.2,1399,41.8
255,10.24,1398,41.8
256,10.28,1395,41.8
257,10.32,1393,41.8
258,10.36,1394,41.8
259,10.4,1395,41.8
260,10.44,1395,41.81
261,10.48,1396,41.81
262,10.52,1397,41.84
263,10.56,1396,41.87
264,10.6,1395,41.88
265,10.64,1392,41.91
266,10.68,1393,41.93
267,10.72,1395,41.95
268,10.76,1395,41.95
269,10.8,1394,41.95
270,10.84,1394,41.95
271,10.88,1396,41.95
272,10.92,1397,41.95
273,10.96,1399,41.95
274,11,1400,41.95
275,11.04,1401,41.95
276,11.08,1404,41.95
277,11.12,1402,41.95
278,11.16,1401,41.95
279,11.2,1401,41.95
280,11.24,1404,41.96
281,11.28,1405,41.96
282,11.32,1406,41.97
283,11.36,1407,41.98
284,11.4,1408,42.01
285,11.44,1408,42.02
286,11.48,1408,42.05
287,11.52,1407,42.07
288,11.56,1409,42.09
289,11.6,1411,42.1
290,11.64,1409,42.1
291,11.68,1409,42.1
292,11.72,1413,42.11
293,11.76,1415,42.11
294,11.8,1412,42.11
295,11.84,1411,42.11
296,11.88,1413,42.11
297,11.92,1416,42.11
298,11.96,1419,42.11
299,12,1419,42.11
300,12.04,1419,42.11
301,12.08,1422,42.11
302,12.12,1427,42.11
303,12.16,1431,42.11
304,12.2,1433,42.11
305,12.24,1434,42.11
306,12.28,1433,42.11
307,12.32,1434,42.11
308,12.36,1436,42.12
309,12.4,1438,42.11
310,12.44,1439,42.12
311,12.48,1440,42.13
312,12.52,1441,42.13
313,12.56,1443,42.15
314,12.6,1445,42.17
315,12.64,1444,42.16
316,12.68,1444,42.18
317,12.72,1445,42.2
318,12.76,1447,42.2
319,12.8,1449,42.22
320,12.84,1451,42.22
321,12.88,1451,42.23
322,12.92,1454,42.24
323,12.96,1457,42.25
324,13,1459,42.26
325,13.04,1461,42.26
326,13.08,1462,42.26
327,13.12,1458,42.26
328,13.16,1459,42.26
329,13.2,1463,42.26
330,13.24,1464,42.26
331,13.28,1464,42.26
332,13.32,1465,42.26
333,13.36,1466,42.26
334,13.4,1466,42.26
335,13.44,1469,42.26
336,13.48,1469,42.26
337,13.52,1467,42.26
338,13.56,1471,42.26
339,13.6,1475,42.26
340,13.64,1475,42.26
341,13.68,1473,42.26
342,13.72,1473,42.26
343,13.76,1473,42.26
344,13.8,1469,42.26
345,13.84,1468,42.26
346,13.88,1470,42.26
347,13.92,1471,42.26
348,13.96,1470,42.26
349,14,1472,42.26
350,14.04,1472,42.26
351,14.08,1471,42.26
352,14.12,1471,42.26
353,14.16,1471,42.26
354,14.2,1466,42.26
355,14.24,1463,42.26
356,14.28,1465,42.26
357,14.32,1469,42.26
358,14.36,1472,42.26
359,14.4,1470,42.26
360,14.44,1465,42.26
361,14.48,1465,42.26
362,14.52,1468,42.26
363,14.56,1468,42.26
364,14.6,1465,42.26
365,14.64,1462,42.26
366,14.68,1459,42.26
367,14.72,1460,42.26
368,14.76,1462,42.26
369,14.8,1462,42.26
370,14.84,1461,42.26
371,14.88,1462,42.26
372,14.92,1463,42.26
373,14.96,1464,42.26
374,15,1463,42.26
375,15.04,1464,42.26
376,15.08,1465,42.26
377,15.12,1463,42.26
378,15.16,1464,42.26
379,15.2,1465,42.26
380,15.24,1465,42.26
381,15.28,1464,42.26
382,15.32,1461,42.26
383,15.36,1460,42.26
384,15.4,1460,42.26
385,15.44,1458,42.26
386,15.48,1455,42.26
387,15.52,1455,42.26
388,15.56,1459,42.26
389,15.6,1459,42.26
390,15.64,1459,42.26
391,15.68,1460,42.26
392,15.72,1459,42.24
393,15.76,1456,42.25
394,15.8,1455,42.23
395,15.84,1453,42.22
396,15.88,1454,42.21
397,15.92,1456,42.2
398,15.96,1459,42.18
399,16,1460,42.18
400,16.04,1457,42.16
401,16.08,1452,42.15
402,16.12,1450,42.14
403,16.16,1452,42.14
404,16.2,1455,42.13
405,16.24,1456,42.13
406,16.28,1453,42.12
407,16.32,1450,42.12
408,16.36,1448,42.11
409,16.4,1450,42.11
410,16.44,1450,42.11
411,16.48,1449,42.11
412,16.52,1451,42.11
413,16.56,1455,42.11
414,16.6,1459,42.11
415,16.64,1458,42.11
416,16.68,1456,42.11
417,16.72,1455,42.11
418,16.76,1456,42.11
419,16.8,1457,42.11
420,16.84,1455,42.11
421,16.88,1456,42.11
422,16.92,1456,42.11
423,16.96,1456,42.11
424,17,1459,42.11
425,17.04,1462,42.11
426,17.08,1461,42.11
427,17.12,1461,42.11
428,17.16,1462,42.11
429,17.2,1461,42.11
430,17.24,1459,42.11
431,17.28,1459,42.11
432,17.32,1461,42.11
433,17.36,1463,42.11
434,17.4,1464,42.11
435,17.44,1462,42.11
436,17.48,1461,42.11
437,17.52,1461,42.1
438,17.56,1461,42.08
439,17.6,1458,42.08
440,17.64,1456,42.05
441,17.68,1455,42.03
442,17.72,1456,42.04
443,17.76,1461,42.03
444,17.8,1463,42.03
445,17.84,1460,42.01
446,17.88,1457,42
447,17.92,1457,41.99
448,17.96,1462,41.98
449,18,1465,41.97
450,18.04,1462,41.96
451,18.08,1459,41.96
452,18.12,1456,41.96
453,18.16,1458,41.96
454,18.2,1459,41.96
455,18.24,1460,41.95
456,18.28,1460,41.95
457,18.32,1460,41.95
458,18.36,1460,41.95
459,18.4,1461,41.95
460,18.44,1460,41.95
461,18.48,1460,41.95
462,18.52,1461,41.95
463,18.56,1466,41.95
464,18.6,1469,41.95
465,18.64,1470,41.95
466,18.68,1468,41.95
467,18.72,1464,41.95
468,18.76,1464,41.95
469,18.8,1468,41.95
470,18.84,1472,41.95
471,18.88,1473,41.95
472,18.92,1471,41.95
473,18.96,1469,41.95
474,19,1468,41.95
475,19.04,1468,41.95
476,19.08,1468,41.95
477,19.12,1467,41.95
478,19.16,1467,41.95
479,19.2,1465,41.95
480,19.24,1464,41.95
481,19.28,1462,41.95
482,19.32,1464,41.95
483,19.36,1467,41.95
484,19.4,1467,41.95
485,19.44,1462,41.94
486,19.48,1461,41.94
487,19.52,1461,41.94
488,19.56,1462,41.91
489,19.6,1461,41.92
490,19.64,1458,41.9
491,19.68,1458,41.89
492,19.72,1461,41.89
493,19.76,1465,41.86
494,19.8,1465,41.86
495,19.84,1463,41.84
496,19.88,1463,41.85
497,19.92,1462,41.83
498,19.96,1458,41.83
499,20,1458,41.82
500,20.04,1460,41.81
501,20.08,1461,41.81
502,20.12,1459,41.8
503,20.16,1456,41.8
504,20.2,1454,41.8
505,20.24,1454,41.8
506,20.28,1458,41.8
507,20.32,1461,41.8
508,20.36,1460,41.8
509,20.4,1460,41.8
510,20.44,1460,41.8
511,20.48,1455,41.8
512,20.52,1452,41.8
513,20.56,1452,41.8
514,20.6,1453,41.8
515,20.64,1453,41.8
516,20.68,1452,41.8
517,20.72,1452,41.8
518,20.76,1451,41.8
519,20.8,1451,41.8
520,20.84,1452,41.8
521,20.88,1455,41.8
522,20.92,1456,41.8
523,20.96,1456,41.8
524,21,1453,41.79
525,21.04,1452,41.79
526,21.08,1452,41.79
527,21.12,1455,41.79
528,21.16,1455,41.77
529,21.2,1455,41.75
530,21.24,1455,41.75
531,21.28,1455,41.75
532,21.32,1455,41.72
533,21.36,1457,41.72
534,21.4,1459,41.7
535,21.44,1457,41.69
536,21.48,1456,41.69
537,21.52,1457,41.67
538,21.56,1463,41.67
539,21.6,1468,41.65
540,21.64,1468,41.65
541,21.68,1465,41.65
542,21.72,1465,41.65
543,21.76,1468,41.64
544,21.8,1470,41.64
545,21.84,1470,41.64
546,21.88,1469,41.64
547,21.92,1468,41.64
548,21.96,1470,41.64
549,22,1471,41.64
550,22.04,1468,41.64
551,22.08,1464,41.64
552,22.12,1465,41.64
553,22.16,1466,41.64
554,22.2,1463,41.64
555,22.24,1464,41.64
556,22.28,1469,41.64
557,22.32,1472,41.64
558,22.36,1471,41.64
559,22.4,1469,41.64
560,22.44,1470,41.64
561,22.48,1472,41.64
562,22.52,1475,41.64
563,22.56,1481,41.64
564,22.6,1483,41.64
565,22.64,1479,41.64
566,22.68,1471,41.63
567,22.72,1467,41.62
568,22.76,1470,41.62
569,22.8,1476,41.59
570,22.84,1479,41.58
571,22.88,1478,41.56
572,22.92,1476,41.55
573,22.96,1478,41.54
574,23,1480,41.52
575,23.04,1484,41.52
576,23.08,1485,41.5
577,23.12,1483,41.5
578,23.16,1483,41.5
579,23.2,1485,41.48
580,23.24,1486,41.49
581,23.28,1484,41.48
582,23.32,1483,41.48
583,23.36,1482,41.48
584,23.4,1481,41.48
585,23.44,1478,41.48
586,23.48,1478,41.48
587,23.52,1481,41.48
588,23.56,1483,41.48
589,23.6,1483,41.48
590,23.64,1484,41.48
591,23.68,1485,41.48
592,23.72,1484,41.48
593,23.76,1484,41.48
594,23.8,1484,41.48
595,23.84,1482,41.48
596,23.88,1481,41.47
597,23.92,1484,41.47
598,23.96,1488,41.45
599,24,1488,41.43
600,24.04,1486,41.41
601,24.08,1486,41.39
602,24.12,1490,41.38
603,24.16,1492,41.36
604,24.2,1492,41.35
605,24.24,1493,41.35
606,24.28,1492,41.34
607,24.32,1493,41.34
608,24.36,1497,41.33
609,24.4,1497,41.33
610,24.44,1492,41.33
611,24.48,1488,41.33
612,24.52,1491,41.33
613,24.56,1496,41.33
614,24.6,1499,41.33
615,24.64,1500,41.33
616,24.68,1499,41.33
617,24.72,1499,41.33
618,24.76,1498,41.33
619,24.8,1496,41.33
620,24.84,1495,41.33
621,24.88,1492,41.33
622,24.92,1493,41.33
623,24.96,1498,41.33
624,25,1498,41.33
625,25.04,1496,41.33
626,25.08,1493,41.33
627,25.12,1493,41.33
628,25.16,1494,41.33
629,25.2,1494,41.31
630,25.24,1494,41.28
631,25.28,1494,41.28
632,25.32,1493,41.27
633,25.36,1496,41.24
634,25.4,1496,41.23
635,25.44,1494,41.22
636,25.48,1491,41.21
637,25.52,1491,41.2
638,25.56,1496,41.19
639,25.6,1499,41.18
640,25.64,1493,41.18
641,25.68,1487,41.18
642,25.72,1487,41.17
643,25.76,1488,41.17
644,25.8,1489,41.17
645,25.84,1489,41.17
646,25.88,1488,41.17
647,25.92,1486,41.17
648,25.96,1484,41.17
649,26,1484,41.17
650,26.04,1483,41.17
651,26.08,1480,41.17
652,26.12,1480,41.17
653,26.16,1479,41.17
654,26.2,1478,41.17
655,26.24,1476,41.17
656,26.28,1475,41.17
657,26.32,1475,41.17
658,26.36,1475,41.17
659,26.4,1475,41.17
660,26.44,1473,41.17
661,26.48,1473,41.16
662,26.52,1474,41.14
663,26.56,1471,41.14
664,26.6,1469,41.13
665,26.64,1469,41.11
666,26.68,1469,41.09
667,26.72,1465,41.09
668,26.76,1462,41.06
669,26.8,1462,41.04
670,26.84,1461,41.03
671,26.88,1462,41.04
672,26.92,1463,41.03
673,26.96,1462,41.03
674,27,1458,41.02
675,27.04,1455,41.02
676,27.08,1455,41.02
677,27.12,1457,41.02
678,27.16,1458,41.02
679,27.2,1457,41.02
680,27.24,1457,41.02
681,27.28,1457,41.02
682,27.32,1454,41.02
683,27.36,1451,41.02
684,27.4,1450,41.02
685,27.44,1452,41.02
686,27.48,1452,41.02
687,27.52,1451,41.02
688,27.56,1449,41.02
689,27.6,1448,41.02
690,27.64,1448,41.02
691,27.68,1447,41.02
692,27.72,1445,41.02
693,27.76,1443,41.02
694,27.8,1440,41.01
695,27.84,1438,41.01
696,27.88,1440,40.98
697,27.92,1443,40.97
698,27.96,1440,40.92
699,28,1440,40.93
700,28.04,1442,40.89
701,28.08,1443,40.88
702,28.12,1440,40.87
703,28.16,1438,40.87
704,28.2,1438,40.86
705,28.24,1436,40.86
706,28.28,1433,40.86
707,28.32,1433,40.86
708,28.36,1434,40.86
709,28.4,1436,40.86
710,28.44,1435,40.86
711,28.48,1433,40.86
712,28.52,1433,40.86
713,28.56,1434,40.86
714,28.6,1435,40.86
715,28.64,1433,40.86
716,28.68,1430,40.85
717,28.72,1428,40.86
718,28.76,1430,40.84
719,28.8,1432,40.81
720,28.84,1428,40.8
721,28.88,1426,40.78
722,28.92,1427,40.75
723,28.96,1429,40.74
724,29,1430,40.71
725,29.04,1430,40.71
726,29.08,1431,40.71
727,29.12,1431,40.7
728,29.16,1430,40.7
729,29.2,1426,40.7
730,29.24,1426,40.7
731,29.28,1430,40.7
732,29.32,1431,40.7
733,29.36,1431,40.7
734,29.4,1429,40.7
735,29.44,1429,40.7
736,29.48,1431,40.7
737,29.52,1431,40.7
738,29.56,1431,40.7
739,29.6,1429,40.7
740,29.64,1428,40.68
741,29.68,1424,40.67
742,29.72,1423,40.64
743,29.76,1425,40.62
744,29.8,1427,40.59
745,29.84,1427,40.58
746,29.88,1426,40.57
747,29.92,1425,40.55
748,29.96,1425,40.55
749,30,1425,40.55
750,30.04,1426,40.55
751,30.08,1426,40.55
752,30.12,1426,40.55
753,30.16,1426,40.55
754,30.2,1425,40.55
755,30.24,1422,40.55
756,30.28,1422,40.55
757,30.32,1424,40.55
758,30.36,1427,40.55
759,30.4,1430,40.55
760,30.44,1430,40.55
761,30.48,1431,40.55
762,30.52,1431,40.55
763,30.56,1430,40.52
764,30.6,1427,40.51
765,30.64,1426,40.48
766,30.68,1427,40.47
767,30.72,1430,40.45
768,30.76,1433,40.43
769,30.8,1433,40.41
770,30.84,1428,40.4
771,30.88,1428,40.4
772,30.92,1432,40.4
773,30.96,1434,40.39
774,31,1435,40.39
775,31.04,1435,40.39
776,31.08,1431,40.39
777,31.12,1432,40.39
778,31.16,1437,40.39
779,31.2,1440,40.39
780,31.24,1440,40.39
781,31.28,1440,40.39
782,31.32,1438,40.39
783,31.36,1436,40.39
784,31.4,1438,40.38
785,31.44,1442,40.36
786,31.48,1443,40.35
787,31.52,1440,40.32
788,31.56,1441,40.29
789,31.6,1444,40.28
790,31.64,1444,40.26
791,31.68,1444,40.25
792,31.72,1446,40.24
793,31.76,1446,40.24
794,31.8,1443,40.24
795,31.84,1444,40.24
796,31.88,1444,40.24
797,31.92,1442,40.24
798,31.96,1440,40.24
799,32,1440,40.24
800,32.04,1441,40.24
801,32.08,1440,40.24
802,32.12,1441,40.24
803,32.16,1443,40.23
804,32.2,1445,40.23
805,32.24,1445,40.21
806,32.28,1444,40.2
807,32.32,1444,40.15
808,32.36,1444,40.12
809,32.4,1443,40.12
810,32.44,1442,40.1
811,32.48,1440,40.09
812,32.52,1439,40.08
813,32.56,1444,40.08
814,32.6,1446,40.08
815,32.64,1441,40.08
816,32.68,1437,40.08
817,32.72,1436,40.08
818,32.76,1436,40.08
819,32.8,1438,40.08
820,32.84,1439,40.08
821,32.88,1440,40.08
822,32.92,1439,40.08
823,32.96,1439,40.08
824,33,1441,40.07
825,33.04,1442,40.04
826,33.08,1443,40.02
827,33.12,1442,39.99
828,33.16,1439,39.97
829,33.2,1439,39.94
830,33.24,1440,39.93
831,33.28,1442,39.93
832,33.32,1441,39.92
833,33.36,1439,39.92
834,33.4,1438,39.92
835,33.44,1436,39.92
836,33.48,1438,39.92
837,33.52,1439,39.92
838,33.56,1441,39.92
839,33.6,1443,39.92
840,33.64,1440,39.92
841,33.68,1439,39.92
842,33.72,1436,39.92
843,33.76,1436,39.92
844,33.8,1435,39.91
845,33.84,1435,39.89
846,33.88,1436,39.87
847,33.92,1436,39.85
848,33.96,1436,39.82
849,34,1437,39.8
850,34.04,1436,39.79
851,34.08,1432,39.77
852,34.12,1431,39.77
853,34.16,1430,39.77
854,34.2,1433,39.77
855,34.24,1437,39.77
856,34.28,1438,39.77
857,34.32,1436,39.77
858,34.36,1436,39.77
859,34.4,1434,39.77
860,34.44,1432,39.77
861,34.48,1432,39.77
862,34.52,1432,39.77
863,34.56,1434,39.77
864,34.6,1435,39.77
865,34.64,1430,39.76
866,34.68,1428,39.76
867,34.72,1429,39.72
868,34.76,1431,39.71
869,34.8,1433,39.68
870,34.84,1434,39.65
871,34.88,1432,39.64
872,34.92,1431,39.62
873,34.96,1430,39.62
874,35,1432,39.62
875,35.04,1432,39.61
876,35.08,1432,39.61
877,35.12,1435,39.61
878,35.16,1435,39.61
879,35.2,1433,39.61
880,35.24,1432,39.61
881,35.28,1430,39.61
882,35.32,1429,39.61
883,35.36,1429,39.61
884,35.4,1429,39.61
885,35.44,1429,39.61
886,35.48,1426,39.6
887,35.52,1424,39.56
888,35.56,1423,39.53
889,35.6,1422,39.51
890,35.64,1419,39.49
891,35.68,1419,39.47
892,35.72,1420,39.46
893,35.76,1419,39.46
894,35.8,1417,39.46
895,35.84,1417,39.46
896,35.88,1417,39.46
897,35.92,1416,39.46
898,35.96,1416,39.46
899,36,1418,39.46
900,36.04,1416,39.46
901,36.08,1414,39.46
902,36.12,1414,39.46
903,36.16,1414,39.45
904,36.2,1415,39.43
905,36.24,1418,39.41
906,36.28,1419,39.38
907,36.32,1415,39.35
908,36.36,1411,39.34
909,36.4,1409,39.32
910,36.44,1410,39.31
911,36.48,1410,39.31
912,36.52,1409,39.3
913,36.56,1412,39.3
914,36.6,1412,39.3
915,36.64,1410,39.3
916,36.68,1411,39.3
917,36.72,1413,39.3
918,36.76,1415,39.3
919,36.8,1414,39.3
920,36.84,1409,39.3
921,36.88,1408,39.3
922,36.92,1407,39.3
923,36.96,1408,39.28
924,37,1407,39.26
925,37.04,1408,39.24
926,37.08,1407,39.21
927,37.12,1403,39.19
928,37.16,1399,39.16
929,37.2,1399,39.15
930,37.24,1399,39.15
931,37.28,1398,39.14
932,37.32,1396,39.14
933,37.36,1398,39.14
934,37.4,1401,39.14
935,37.44,1402,39.14
936,37.48,1398,39.14
937,37.52,1395,39.14
938,37.56,1397,39.14
939,37.6,1399,39.14
940,37.64,1398,39.14
941,37.68,1395,39.13
942,37.72,1396,39.12
943,37.76,1394,39.07
944,37.8,1392,39.03
945,37.84,1391,39.01
946,37.88,1390,38.99
947,37.92,1390,38.99
948,37.96,1392,38.99
949,38,1394,38.99
950,38.04,1393,38.99
951,38.08,1392,38.99
952,38.12,1394,38.99
953,38.16,1397,38.99
954,38.2,1398,38.99
955,38.24,1397,38.99
956,38.28,1396,38.97
957,38.32,1397,38.95
958,38.36,1399,38.91
959,38.4,1402,38.89
960,38.44,1403,38.87
961,38.48,1402,38.85
962,38.52,1401,38.84
963,38.56,1403,38.83
964,38.6,1404,38.83
965,38.64,1404,38.83
966,38.68,1406,38.83
967,38.72,1410,38.83
968,38.76,1411,38.83
969,38.8,1410,38.83
970,38.84,1406,38.83
971,38.88,1403,38.83
972,38.92,1406,38.81
973,38.96,1410,38.77
974,39,1410,38.73
975,39.04,1410,38.71
976,39.08,1408,38.69
977,39.12,1406,38.68
978,39.16,1407,38.68
979,39.2,1409,38.68
980,39.24,1406,38.68
981,39.28,1405,38.68
982,39.32,1407,38.68
983,39.36,1406,38.68
984,39.4,1404,38.68
985,39.44,1402,38.67
986,39.48,1401,38.65
987,39.52,1401,38.62
988,39.56,1403,38.58
989,39.6,1404,38.55
990,39.64,1404,38.54
991,39.68,1403,38.53
992,39.72,1402,38.52
993,39.76,1401,38.52
994,39.8,1403,38.52
995,39.84,1407,38.52
996,39.88,1410,38.52
997,39.92,1409,38.52
998,39.96,1407,38.52
999,40,1408,38.52
1000,40.04,1414,38.52
1001,40.08,1418,38.52
1002,40.12,1417,38.52
1003,40.16,1412,38.52
1004,40.2,1409,38.51
1005,40.24,1408,38.48
1006,40.28,1409,38.44
1007,40.32,1412,38.4
1008,40.36,1412,38.39
1009,40.4,1412,38.37
1010,40.44,1411,38.37
1011,40.48,1412,38.37
1012,40.52,1415,38.37
1013,40.56,1417,38.37
1014,40.6,1420,38.37
1015,40.64,1420,38.37
1016,40.68,1419,38.37
1017,40.72,1418,38.37
1018,40.76,1415,38.35
1019,40.8,1414,38.35
1020,40.84,1417,38.3
1021,40.88,1420,38.29
1022,40.92,1422,38.24
1023,40.96,1424,38.23
1024,41,1424,38.22
1025,41.04,1425,38.21
1026,41.08,1426,38.21
1027,41.12,1426,38.21
1028,41.16,1426,38.21
1029,41.2,1425,38.21
1030,41.24,1428,38.21
1031,41.28,1430,38.21
1032,41.32,1429,38.21
1033,41.36,1427,38.2
1034,41.4,1424,38.16
1035,41.44,1423,38.12
1036,41.48,1424,38.07
1037,41.52,1426,38.06
1038,41.56,1428,38.06
1039,41.6,1426,38.06
1040,41.64,1425,38.05
1041,41.68,1423,38.05
1042,41.72,1424,38.05
1043,41.76,1425,38.05
1044,41.8,1425,38.05
1045,41.84,1426,38.05
1046,41.88,1428,38.05
1047,41.92,1428,38.03
1048,41.96,1426,38.01
1049,42,1424,37.96
1050,42.04,1425,37.93
1051,42.08,1428,37.91
1052,42.12,1428,37.9
1053,42.16,1428,37.9
1054,42.2,1428,37.9
1055,42.24,1428,37.9
1056,42.28,1428,37.9
1057,42.32,1432,37.9
1058,42.36,1433,37.9
1059,42.4,1431,37.9
1060,42.44,1432,37.9
1061,42.48,1433,37.89
1062,42.52,1432,37.88
1063,42.56,1430,37.85
1064,42.6,1430,37.82
1065,42.64,1432,37.8
1066,42.68,1430,37.78
1067,42.72,1429,37.76
1068,42.76,1431,37.76
1069,42.8,1435,37.75
1070,42.84,1437,37.74
1071,42.88,1437,37.75
1072,42.92,1436,37.74
1073,42.96,1436,37.74
1074,43,1439,37.74
1075,43.04,1440,37.74
1076,43.08,1440,37.74
1077,43.12,1440,37.74
1078,43.16,1440,37.74
1079,43.2,1442,37.74
1080,43.24,1442,37.74
1081,43.28,1440,37.74
1082,43.32,1442,37.74
1083,43.36,1443,37.74
1084,43.4,1441,37.74
1085,43.44,1440,37.74
1086,43.48,1439,37.74
1087,43.52,1439,37.71
1088,43.56,1439,37.7
1089,43.6,1440,37.67
1090,43.64,1441,37.65
1091,43.68,1444,37.63
1092,43.72,1443,37.61
1093,43.76,1440,37.6
1094,43.8,1436,37.59
1095,43.84,1435,37.59
1096,43.88,1434,37.59
1097,43.92,1433,37.59
1098,43.96,1433,37.59
1099,44,1435,37.59
1100,44.04,1438,37.59
1101,44.08,1441,37.59
1102,44.12,1444,37.59
1103,44.16,1443,37.59
1104,44.2,1442,37.59
1105,44.24,1443,37.59
1106,44.28,1440,37.59
1107,44.32,1437,37.59
1108,44.36,1438,37.59
1109,44.4,1437,37.59
1110,44.44,1438,37.58
1111,44.48,1439,37.58
1112,44.52,1437,37.55
1113,44.56,1437,37.53
1114,44.6,1439,37.51
1115,44.64,1441,37.49
1116,44.68,1440,37.47
1117,44.72,1438,37.46
1118,44.76,1435,37.45
1119,44.8,1432,37.44
1120,44.84,1432,37.43
1121,44.88,1433,37.43
1122,44.92,1431,37.43
1123,44.96,1431,37.43
1124,45,1435,37.43
1125,45.04,1438,37.43
1126,45.08,1434,37.43
1127,45.12,1432,37.43
1128,45.16,1431,37.43
1129,45.2,1432,37.43
1130,45.24,1434,37.43
1131,45.28,1433,37.43
1132,45.32,1430,37.43
1133,45.36,1429,37.43
1134,45.4,1427,37.43
1135,45.44,1426,37.43
1136,45.48,1425,37.43
1137,45.52,1425,37.42
1138,45.56,1428,37.41
1139,45.6,1431,37.39
1140,45.64,1431,37.39
1141,45.68,1430,37.36
1142,45.72,1425,37.35
1143,45.76,1423,37.33
1144,45.8,1423,37.3
1145,45.84,1424,37.29
1146,45.88,1428,37.28
1147,45.92,1432,37.27
1148,45.96,1433,37.28
1149,46,1431,37.27
1150,46.04,1431,37.27
1151,46.08,1432,37.27
1152,46.12,1433,37.27
1153,46.16,1435,37.27
1154,46.2,1437,37.27
1155,46.24,1440,37.27
1156,46.28,1441,37.27
1157,46.32,1440,37.27
1158,46.36,1439,37.27
1159,46.4,1437,37.27
1160,46.44,1436,37.27
1161,46.48,1439,37.27
1162,46.52,1445,37.27
1163,46.56,1450,37.27
1164,46.6,1449,37.27
1165,46.64,1447,37.27
1166,46.68,1442,37.27
1167,46.72,1438,37.27
1168,46.76,1434,37.27
1169,46.8,1434,37.27
1170,46.84,1436,37.27
1171,46.88,1438,37.26
1172,46.92,1437,37.25
1173,46.96,1436,37.22
1174,47,1438,37.2
1175,47.04,1442,37.17
1176,47.08,1443,37.16
1177,47.12,1440,37.14
1178,47.16,1436,37.13
1179,47.2,1436,37.13
1180,47.24,1436,37.13
1181,47.28,1437,37.12
1182,47.32,1438,37.12
1183,47.36,1439,37.12
1184,47.4,1438,37.12
1185,47.44,1435,37.12
1186,47.48,1433,37.12
1187,47.52,1435,37.12
1188,47.56,1439,37.12
1189,47.6,1440,37.12
1190,47.64,1438,37.12
1191,47.68,1433,37.12
1192,47.72,1429,37.12
1193,47.76,1428,37.12
1194,47.8,1432,37.12
1195,47.84,1436,37.12
1196,47.88,1438,37.12
1197,47.92,1438,37.12
1198,47.96,1437,37.12
1199,48,1437,37.12
1200,48.04,1437,37.12
1201,48.08,1436,37.11
1202,48.12,1436,37.11
1203,48.16,1434,37.09
1204,48.2,1435,37.07
1205,48.24,1434,37.06
1206,48.28,1433,37.05
1207,48.32,1436,37.03
1208,48.36,1438,37.01
1209,48.4,1436,37
1210,48.44,1434,37
1211,48.48,1436,36.98
1212,48.52,1439,36.97
1213,48.56,1439,36.96
1214,48.6,1438,36.96
1215,48.64,1436,36.96
1216,48.68,1435,36.96
1217,48.72,1437,36.96
1218,48.76,1440,36.96
1219,48.8,1442,36.96
1220,48.84,1442,36.96
1221,48.88,1440,36.96
1222,48.92,1439,36.96
1223,48.96,1436,36.96
1224,49,1437,36.96
1225,49.04,1439,36.96
1226,49.08,1440,36.96
1227,49.12,1441,36.96
1228,49.16,1443,36.96
1229,49.2,1443,36.96
1230,49.24,1444,36.96
1231,49.28,1443,36.96
1232,49.32,1443,36.96
1233,49.36,1444,36.96
1234,49.4,1442,36.96
1235,49.44,1442,36.96
1236,49.48,1444,36.96
1237,49.52,1445,36.96
1238,49.56,1446,36.96
1239,49.6,1449,36.96
1240,49.64,1452,36.96
1241,49.68,1450,36.96
1242,49.72,1447,36.96
1243,49.76,1447,36.96
1244,49.8,1447,36.96
1245,49.84,1447,36.96
1246,49.88,1449,36.96
1247,49.92,1451,36.96
1248,49.96,1451,36.96
1249,50,1448,36.96
1250,50.04,1448,36.96
1251,50.08,1449,36.96
1252,50.12,1448,36.96
1253,50.16,1448,36.96
1254,50.2,1448,36.96
1255,50.24,1448,36.96
1256,50.28,1453,36.96
1257,50.32,1458,36.96
1258,50.36,1459,36.96
1259,50.4,1457,36.96
1260,50.44,1456,36.96
1261,50.48,1458,36.96
1262,50.52,1460,36.96
1263,50.56,1462,36.96
1264,50.6,1458,36.96
1265,50.64,1450,36.96
1266,50.68,1447,36.96
1267,50.72,1446,36.96
1268,50.76,1444,36.96
1269,50.8,1443,36.96
1270,50.84,1446,36.96
1271,50.88,1447,36.96
1272,50.92,1447,36.96
1273,50.96,1446,36.96
1274,51,1446,36.96
1275,51.04,1444,36.96
1276,51.08,1444,36.96
1277,51.12,1443,36.96
1278,51.16,1443,36.96
1279,51.2,1447,36.96
1280,51.24,1448,36.96
1281,51.28,1447,36.96
1282,51.32,1444,36.96
1283,51.36,1441,36.96
1284,51.4,1440,36.96
1285,51.44,1443,36.96
1286,51.48,1444,36.96
1287,51.52,1443,36.96
1288,51.56,1446,36.96
1289,51.6,1445,36.96
1290,51.64,1440,36.96
1291,51.68,1439,36.96
1292,51.72,1438,36.96
1293,51.76,1436,36.96
1294,51.8,1436,36.96
1295,51.84,1436,36.96
1296,51.88,1437,36.96
1297,51.92,1438,36.96
1298,51.96,1439,36.96
1299,52,1441,36.96
1300,52.04,1443,36.96
1301,52.08,1444,36.96
1302,52.12,1444,36.96
1303,52.16,1442,36.96
1304,52.2,1438,36.96
1305,52.24,1436,36.96
1306,52.28,1438,36.96
1307,52.32,1442,36.96
1308,52.36,1445,36.96
1309,52.4,1444,36.96
1310,52.44,1442,36.96
1311,52.48,1440,36.96
1312,52.52,1441,36.96
1313,52.56,1446,36.96
1314,52.6,1448,36.96
1315,52.64,1446,36.96
1316,52.68,1448,36.96
1317,52.72,1453,36.96
1318,52.76,1456,36.96
1319,52.8,1453,36.96
1320,52.84,1451,36.96
1321,52.88,1452,36.96
1322,52.92,1458,36.96
1323,52.96,1460,36.96
1324,53,1458,36.96
1325,53.04,1456,36.96
1326,53.08,1455,36.96
1327,53.12,1456,36.96
1328,53.16,1459,36.96
1329,53.2,1462,36.96
1330,53.24,1460,36.96
1331,53.28,1461,36.96
1332,53.32,1464,36.96
1333,53.36,1464,36.96
1334,53.4,1466,36.96
1335,53.44,1467,36.96
1336,53.48,1468,36.96
1337,53.52,1471,36.96
1338,53.56,1474,36.96
1339,53.6,1475,36.96
1340,53.64,1473,36.96
1341,53.68,1474,36.96
1342,53.72,1473,36.96
1343,53.76,1472,36.96
1344,53.8,1471,36.96
1345,53.84,1471,36.96
1346,53.88,1471,36.96
1347,53.92,1471,36.96
1348,53.96,1472,36.96
1349,54,1476,36.96
1350,54.04,1478,36.96
1351,54.08,1479,36.96
1352,54.12,1480,36.96
1353,54.16,1479,36.96
1354,54.2,1477,36.96
1355,54.24,1477,36.96
1356,54.28,1480,36.96
1357,54.32,1480,36.96
1358,54.36,1480,36.96
1359,54.4,1479,36.96
1360,54.44,1479,36.96
1361,54.48,1478,36.96
1362,54.52,1479,36.96
1363,54.56,1479,36.96
1364,54.6,1480,36.96
1365,54.64,1483,36.96
1366,54.68,1484,36.96
1367,54.72,1486,36.96
1368,54.76,1487,36.96
1369,54.8,1488,36.96
1370,54.84,1491,36.96
1371,54.88,1492,36.96
1372,54.92,1492,36.96
1373,54.96,1491,36.96
1374,55,1489,36.96
1375,55.04,1489,36.96
1376,55.08,1490,36.96
1377,55.12,1491,36.96
1378,55.16,1491,36.96
1379,55.2,1493,36.96
1380,55.24,1496,36.96
1381,55.28,1497,36.96
1382,55.32,1503,36.96
1383,55.36,1507,36.96
1384,55.4,1506,36.96
1385,55.44,1504,36.96
1386,55.48,1500,36.96
1387,55.52,1499,36.96
1388,55.56,1506,36.96
1389,55.6,1511,36.96
1390,55.64,1510,36.96
1391,55.68,1508,36.96
1392,55.72,1506,36.96
1393,55.76,1503,36.96
1394,55.8,1504,36.96
1395,55.84,1507,36.96
1396,55.88,1508,36.96
1397,55.92,1508,36.96
1398,55.96,1509,36.96
1399,56,1504,36.96
1400,56.04,1501,36.96
1401,56.08,1501,36.96
1402,56.12,1501,36.96
1403,56.16,1501,36.96
1404,56.2,1500,36.96
1405,56.24,1502,36.96
1406,56.28,1507,36.96
1407,56.32,1506,36.96
1408,56.36,1503,36.96
1409,56.4,1500,36.96
1410,56.44,1499,36.96
1411,56.48,1501,36.96
1412,56.52,1503,36.96
1413,56.56,1506,36.96
1414,56.6,1508,36.96
1415,56.64,1508,36.96
1416,56.68,1506,36.96
1417,56.72,1507,36.96
1418,56.76,1509,36.96
1419,56.8,1505,36.96
1420,56.84,1504,36.96
1421,56.88,1506,36.96
1422,56.92,1506,36.96
1423,56.96,1506,36.96
1424,57,1507,36.96
1425,57.04,1507,36.96
1426,57.08,1507,36.96
1427,57.12,1506,36.96
1428,57.16,1506,36.96
1429,57.2,1505,36.96
1430,57.24,1507,36.96
1431,57.28,1505,36.96
1432,57.32,1500,36.96
1433,57.36,1498,36.96
1434,57.4,1501,36.96
1435,57.44,1503,36.96
1436,57.48,1505,36.96
1437,57.52,1509,36.96
1438,57.56,1513,36.96
1439,57.6,1513,36.96
1440,57.64,1507,36.96
1441,57.68,1500,36.96
1442,57.72,1497,36.96
1443,57.76,1497,36.96
1444,57.8,1499,36.96
1445,57.84,1502,36.96
1446,57.88,1500,36.96
1447,57.92,1499,36.96
1448,57.96,1500,36.96
1449,58,1500,36.96
1450,58.04,1499,36.96
1451,58.08,1499,36.96
1452,58.12,1501,36.96
1453,58.16,1500,36.96
1454,58.2,1500,36.96
1455,58.24,1499,36.96
1456,58.28,1497,36.96
1457,58.32,1498,36.96
1458,58.36,1499,36.96
1459,58.4,1496,36.96
1460,58.44,1494,36.96
1461,58.48,1494,36.96
1462,58.52,1495,36.96
1463,58.56,1496,36.96
1464,58.6,1497,36.96
1465,58.64,1494,36.96
1466,58.68,1489,36.96
1467,58.72,1487,36.96
1468,58.76,1487,36.96
1469,58.8,1490,36.96
1470,58.84,1492,36.96
1471,58.88,1491,36.96
1472,58.92,1488,36.96
1473,58.96,1488,36.96
1474,59,1487,36.96
1475,59.04,1487,36.96
1476,59.08,1487,36.96
1477,59.12,1486,36.96
1478,59.16,1487,36.96
1479,59.2,1485,36.96
1480,59.24,1484,36.96
1481,59.28,1485,36.96
1482,59.32,1485,36.96
1483,59.36,1486,36.96
1484,59.4,1488,36.96
1485,59.44,1487,36.96
1486,59.48,1483,36.96
1487,59.52,1480,36.96
1488,59.56,1481,36.96
1489,59.6,1482,36.96
1490,59.64,1479,36.96
1491,59.68,1478,36.96
1492,59.72,1479,36.96
1493,59.76,1480,36.96
1494,59.8,1478,36.96
1495,59.84,1475,36.96
1496,59.88,1473,36.96
1497,59.92,1474,36.96
1498,59.96,1477,36.96
1499,60,1481,36.96
1500,60.04,1483,36.96
1501,60.08,1480,36.96
1502,60.12,1476,36.96
1503,60.16,1473,36.96
1504,60.2,1472,36.96
1505,60.24,1475,36.96
1506,60.28,1475,36.96
1507,60.32,1472,36.96
1508,60.36,1469,36.96
1509,60.4,1468,36.96
1510,60.44,1471,36.96
1511,60.48,1472,36.96
1512,60.52,1471,36.96
1513,60.56,1470,36.96
1514,60.6,1471,36.96
1515,60.64,1472,36.96
1516,60.68,1471,36.96
1517,60.72,1468,36.96
1518,60.76,1464,36.96
1519,60.8,1464,36.96
1520,60.84,1466,36.96
1521,60.88,1465,36.96
1522,60.92,1463,36.96
1523,60.96,1461,36.96
1524,61,1460,36.96
1525,61.04,1461,36.96
1526,61.08,1463,36.96
1527,61.12,1462,36.96
1528,61.16,1464,36.96
1529,61.2,1466,36.96
1530,61.24,1467,36.96
1531,61.28,1466,36.96
1532,61.32,1466,36.96
1533,61.36,1464,36.96
1534,61.4,1464,36.96
1535,61.44,1467,36.96
1536,61.48,1464,36.96
1537,61.52,1464,36.96
1538,61.56,1464,36.96
1539,61.6,1465,36.96
1540,61.64,1463,36.96
1541,61.68,1458,36.96
1542,61.72,1455,36.96
1543,61.76,1454,36.96
1544,61.8,1456,36.96
1545,61.84,1459,36.96
1546,61.88,1461,36.96
1547,61.92,1459,36.96
1548,61.96,1459,36.96
1549,62,1459,36.96
1550,62.04,1458,36.96
1551,62.08,1457,36.96
1552,62.12,1456,36.96
1553,62.16,1457,36.96
1554,62.2,1459,36.96
1555,62.24,1459,36.96
1556,62.28,1459,36.96
1557,62.32,1460,36.96
1558,62.36,1461,36.96
1559,62.4,1464,36.96
1560,62.44,1463,36.96
1561,62.48,1459,36.96
1562,62.52,1457,36.96
1563,62.56,1460,36.96
1564,62.6,1461,36.96
1565,62.64,1458,36.96
1566,62.68,1454,36.96
1567,62.72,1454,36.96
1568,62.76,1456,36.96
1569,62.8,1456,36.95
1570,62.84,1455,36.96
1571,62.88,1456,36.96
1572,62.92,1454,36.96
1573,62.96,1452,36.96
1574,63,1453,36.96
1575,63.04,1457,36.95
1576,63.08,1460,36.95
1577,63.12,1460,36.95
1578,63.16,1458,36.95
1579,63.2,1459,36.94
1580,63.24,1459,36.94
1581,63.28,1459,36.93
1582,63.32,1458,36.93
1583,63.36,1456,36.92
1584,63.4,1457,36.92
1585,63.44,1456,36.93
1586,63.48,1455,36.92
1587,63.52,1459,36.91
1588,63.56,1461,36.89
1589,63.6,1458,36.9
1590,63.64,1455,36.9
1591,63.68,1453,36.89
1592,63.72,1454,36.89
1593,63.76,1456,36.89
1594,63.8,1456,36.9
1595,63.84,1456,36.87
1596,63.88,1456,36.88
1597,63.92,1456,36.88
1598,63.96,1457,36.88
1599,64,1456,36.88
1600,64.04,1451,36.9
1601,64.08,1446,36.88
1602,64.12,1447,36.88
1603,64.16,1449,36.89
1604,64.2,1448,36.89
1605,64.24,1449,36.88
1606,64.28,1451,36.88
1607,64.32,1450,36.89
1608,64.36,1448,36.87
1609,64.4,1449,36.88
1610,64.44,1447,36.89
1611,64.48,1446,36.89
1612,64.52,1447,36.87
1613,64.56,1448,36.87
1614,64.6,1449,36.89
1615,64.64,1444,36.87
1616,64.68,1438,36.87
1617,64.72,1440,36.89
1618,64.76,1443,36.89
1619,64.8,1445,36.88
1620,64.84,1446,36.88
1621,64.88,1448,36.87
1622,64.92,1448,36.87
1623,64.96,1449,36.87
1624,65,1445,36.87
1625,65.04,1444,36.87
1626,65.08,1445,36.87
1627,65.12,1445,36.85
1628,65.16,1449,36.86
1629,65.2,1453,36.85
1630,65.24,1454,36.85
1631,65.28,1450,36.86
1632,65.32,1447,36.84
1633,65.36,1449,36.85
1634,65.4,1452,36.85
1635,65.44,1452,36.84
1636,65.48,1449,36.84
1637,65.52,1446,36.84
1638,65.56,1447,36.83
1639,65.6,1451,36.83
1640,65.64,1452,36.82
1641,65.68,1449,36.83
1642,65.72,1450,36.82
1643,65.76,1460,36.82
1644,65.8,1474,36.82
1645,65.84,1481,36.82
1646,65.88,1481,36.82
1647,65.92,1482,36.81
1648,65.96,1481,36.82
1649,66,1474,36.82
1650,66.04,1464,36.81
1651,66.08,1454,36.81
1652,66.12,1449,36.81
1653,66.16,1445,36.81
1654,66.2,1446,36.81
1655,66.24,1446,36.81
1656,66.28,1447,36.81
1657,66.32,1448,36.81
1658,66.36,1448,36.81
1659,66.4,1445,36.81
1660,66.44,1442,36.81
1661,66.48,1441,36.81
1662,66.52,1442,36.81
1663,66.56,1442,36.81
1664,66.6,1439,36.81
1665,66.64,1434,36.81
1666,66.68,1432,36.81
1667,66.72,1432,36.81
1668,66.76,1432,36.81
1669,66.8,1429,36.81
1670,66.84,1427,36.81
1671,66.88,1426,36.81
1672,66.92,1427,36.81
1673,66.96,1430,36.81
1674,67,1431,36.81
1675,67.04,1430,36.81
1676,67.08,1430,36.81
1677,67.12,1431,36.81
1678,67.16,1432,36.81
1679,67.2,1429,36.81
1680,67.24,1424,36.81
1681,67.28,1423,36.81
1682,67.32,1425,36.81
1683,67.36,1430,36.81
1684,67.4,1432,36.81
1685,67.44,1431,36.81
1686,67.48,1428,36.81
1687,67.52,1429,36.81
1688,67.56,1431,36.81
1689,67.6,1430,36.81
1690,67.64,1428,36.81
1691,67.68,1432,36.81
1692,67.72,1439,36.81
1693,67.76,1446,36.81
1694,67.8,1453,36.81
1695,67.84,1466,36.81
1696,67.88,1483,36.81
1697,67.92,1501,36.81
1698,67.96,1521,36.81
1699,68,1539,36.81
1700,68.04,1551,36.81
1701,68.08,1557,36.81
1702,68.12,1556,36.81
1703,68.16,1544,36.81
1704,68.2,1526,36.81
1705,68.24,1507,36.81
1706,68.28,1488,36.81
1707,68.32,1473,36.81
1708,68.36,1464,36.81
1709,68.4,1458,36.81
1710,68.44,1454,36.81
1711,68.48,1452,36.81
1712,68.52,1456,36.81
1713,68.56,1465,36.81
1714,68.6,1485,36.81
1715,68.64,1527,36.81
1716,68.68,1596,36.81
1717,68.72,1692,36.81
1718,68.76,1803,36.81
1719,68.8,1909,36.81
1720,68.84,1984,36.81
1721,68.88,2015,36.81
1722,68.92,1991,36.81
1723,68.96,1926,36.81
1724,69,1836,36.81
1725,69.04,1741,36.81
1726,69.08,1661,36.8
1727,69.12,1600,36.81
1728,69.16,1555,36.81
1729,69.2,1527,36.81
1730,69.24,1518,36.81
1731,69.28,1522,36.81
1732,69.32,1532,36.8
1733,69.36,1540,36.8
1734,69.4,1541,36.8
1735,69.44,1538,36.81
1736,69.48,1529,36.8
1737,69.52,1516,36.8
1738,69.56,1505,36.8
1739,69.6,1496,36.81
1740,69.64,1490,36.79
1741,69.68,1485,36.78
1742,69.72,1478,36.79
1743,69.76,1472,36.78
1744,69.8,1469,36.77
1745,69.84,1467,36.78
1746,69.88,1467,36.77
1747,69.92,1471,36.77
1748,69.96,1473,36.77
1749,70,1477,36.76
1750,70.04,1486,36.75
1751,70.08,1498,36.76
1752,70.12,1507,36.75
1753,70.16,1510,36.75
1754,70.2,1511,36.75
1755,70.24,1505,36.74
1756,70.28,1494,36.74
1757,70.32,1484,36.73
1758,70.36,1477,36.73
1759,70.4,1471,36.73
1760,70.44,1472,36.73
1761,70.48,1473,36.72
1762,70.52,1477,36.72
1763,70.56,1479,36.71
1764,70.6,1478,36.7
1765,70.64,1475,36.71
1766,70.68,1476,36.71
1767,70.72,1478,36.7
1768,70.76,1477,36.71
1769,70.8,1478,36.69
1770,70.84,1480,36.69
1771,70.88,1484,36.7
1772,70.92,1491,36.7
1773,70.96,1501,36.69
1774,71,1517,36.68
1775,71.04,1529,36.68
1776,71.08,1527,36.68
1777,71.12,1516,36.69
1778,71.16,1509,36.67
1779,71.2,1507,36.67
1780,71.24,1506,36.66
1781,71.28,1508,36.67
1782,71.32,1512,36.66
1783,71.36,1519,36.66
1784,71.4,1522,36.66
1785,71.44,1520,36.66
1786,71.48,1519,36.66
1787,71.52,1520,36.65
1788,71.56,1523,36.65
1789,71.6,1529,36.66
1790,71.64,1533,36.66
1791,71.68,1536,36.65
1792,71.72,1541,36.65
1793,71.76,1546,36.65
1794,71.8,1548,36.65
1795,71.84,1548,36.65
1796,71.88,1552,36.65
1797,71.92,1562,36.65
1798,71.96,1572,36.65
1799,72,1583,36.65
1800,72.04,1590,36.65
1801,72.08,1593,36.65
1802,72.12,1603,36.65
1803,72.16,1624,36.65
1804,72.2,1650,36.65
1805,72.24,1681,36.65
1806,72.28,1710,36.65
1807,72.32,1737,36.65
1808,72.36,1767,36.65
1809,72.4,1805,36.65
1810,72.44,1856,36.65
1811,72.48,1920,36.65
1812,72.52,1986,36.65
1813,72.56,2041,36.65
1814,72.6,2068,36.65
1815,72.64,2063,36.65
1816,72.68,2048,36.65
1817,72.72,2041,36.65
1818,72.76,2058,36.65
1819,72.8,2110,36.65
1820,72.84,2206,36.65
1821,72.88,2350,36.65
1822,72.92,2546,36.65
1823,72.96,2802,36.65
1824,73,3147,36.65
1825,73.04,3621,36.65
1826,73.08,4244,36.65
1827,73.12,4949,36.65
1828,73.16,5571,36.65
1829,73.2,5905,36.65
1830,73.24,5807,36.65
1831,73.28,5295,36.65
1832,73.32,4543,36.65
1833,73.36,3806,36.65
1834,73.4,3314,36.65
1835,73.44,3177,36.65
1836,73.48,3366,36.65
1837,73.52,3717,36.65
1838,73.56,3986,36.65
1839,73.6,3969,36.65
1840,73.64,3620,36.65
1841,73.68,3068,36.65
1842,73.72,2514,36.65
1843,73.76,2100,36.65
1844,73.8,1862,36.65
1845,73.84,1753,36.65
1846,73.88,1712,36.65
1847,73.92,1697,36.65
1848,73.96,1696,36.65
1849,74,1705,36.65
1850,74.04,1715,36.64
1851,74.08,1728,36.65
1852,74.12,1747,36.65
1853,74.16,1772,36.64
1854,74.2,1801,36.64
1855,74.24,1826,36.65
1856,74.28,1851,36.64
1857,74.32,1877,36.64
1858,74.36,1899,36.64
1859,74.4,1912,36.64
1860,74.44,1916,36.64
1861,74.48,1907,36.64
1862,74.52,1885,36.64
1863,74.56,1857,36.64
1864,74.6,1825,36.64
1865,74.64,1789,36.63
1866,74.68,1755,36.62
1867,74.72,1726,36.64
1868,74.76,1699,36.63
1869,74.8,1677,36.62
1870,74.84,1663,36.62
1871,74.88,1651,36.61
1872,74.92,1641,36.62
1873,74.96,1634,36.61
1874,75,1631,36.6
1875,75.04,1630,36.6
1876,75.08,1633,36.6
1877,75.12,1640,36.59
1878,75.16,1647,36.59
1879,75.2,1651,36.59
1880,75.24,1655,36.59
1881,75.28,1657,36.58
1882,75.32,1655,36.59
1883,75.36,1645,36.58
1884,75.4,1627,36.57
1885,75.44,1607,36.56
1886,75.48,1585,36.57
1887,75.52,1566,36.56
1888,75.56,1550,36.56
1889,75.6,1536,36.56
1890,75.64,1519,36.55
1891,75.68,1509,36.54
1892,75.72,1501,36.55
1893,75.76,1496,36.55
1894,75.8,1494,36.55
1895,75.84,1491,36.53
1896,75.88,1485,36.55
1897,75.92,1482,36.55
1898,75.96,1481,36.55
1899,76,1480,36.53
1900,76.04,1483,36.52
1901,76.08,1483,36.52
1902,76.12,1482,36.53
1903,76.16,1480,36.54
1904,76.2,1480,36.53
1905,76.24,1480,36.52
1906,76.28,1479,36.52
1907,76.32,1479,36.52
1908,76.36,1480,36.53
1909,76.4,1481,36.52
1910,76.44,1480,36.52
1911,76.48,1477,36.51
1912,76.52,1477,36.52
1913,76.56,1482,36.51
1914,76.6,1483,36.51
1915,76.64,1478,36.51
1916,76.68,1473,36.51
1917,76.72,1475,36.5
1918,76.76,1474,36.5
1919,76.8,1473,36.5
1920,76.84,1473,36.5
1921,76.88,1475,36.5
1922,76.92,1478,36.5
1923,76.96,1480,36.5
1924,77,1481,36.5
1925,77.04,1485,36.49
1926,77.08,1488,36.5
1927,77.12,1489,36.49
1928,77.16,1491,36.5
1929,77.2,1496,36.49
1930,77.24,1500,36.49
1931,77.28,1507,36.49
1932,77.32,1516,36.5
1933,77.36,1526,36.49
1934,77.4,1535,36.49
1935,77.44,1544,36.49
1936,77.48,1552,36.49
1937,77.52,1564,36.49
1938,77.56,1577,36.49
1939,77.6,1589,36.49
1940,77.64,1596,36.49
1941,77.68,1599,36.49
1942,77.72,1605,36.49
1943,77.76,1605,36.49
1944,77.8,1593,36.49
1945,77.84,1570,36.49
1946,77.88,1544,36.49
1947,77.92,1523,36.49
1948,77.96,1504,36.49
1949,78,1488,36.49
1950,78.04,1478,36.49
1951,78.08,1473,36.49
1952,78.12,1469,36.49
1953,78.16,1463,36.49
1954,78.2,1462,36.49
1955,78.24,1460,36.49
1956,78.28,1458,36.49
1957,78.32,1451,36.49
1958,78.36,1445,36.49
1959,78.4,1443,36.49
1960,78.44,1444,36.49
1961,78.48,1442,36.49
1962,78.52,1440,36.49
1963,78.56,1440,36.49
1964,78.6,1439,36.49
1965,78.64,1435,36.49
1966,78.68,1432,36.49
1967,78.72,1429,36.49
1968,78.76,1428,36.49
1969,78.8,1430,36.49
1970,78.84,1431,36.49
1971,78.88,1433,36.49
1972,78.92,1437,36.49
1973,78.96,1439,36.49
1974,79,1437,36.49
1975,79.04,1433,36.49
1976,79.08,1432,36.49
1977,79.12,1434,36.49
1978,79.16,1437,36.49
1979,79.2,1439,36.49
1980,79.24,1442,36.48
1981,79.28,1445,36.49
1982,79.32,1447,36.48
1983,79.36,1447,36.47
1984,79.4,1446,36.46
1985,79.44,1445,36.47
1986,79.48,1444,36.46
1987,79.52,1444,36.44
1988,79.56,1446,36.44
1989,79.6,1447,36.44
1990,79.64,1447,36.42
1991,79.68,1448,36.41
1992,79.72,1447,36.4
1993,79.76,1446,36.39
1994,79.8,1444,36.39
1995,79.84,1444,36.39
1996,79.88,1442,36.37
1997,79.92,1439,36.37
1998,79.96,1441,36.37
1999,80,1445,36.37
2000,80.04,1447,36.35
2001,80.08,1446,36.36
2002,80.12,1444,36.35
2003,80.16,1447,36.34
2004,80.2,1448,36.34
2005,80.24,1446,36.34
2006,80.28,1444,36.35
2007,80.32,1446,36.34
2008,80.36,1449,36.34
2009,80.4,1452,36.34
2010,80.44,1453,36.34
2011,80.48,1456,36.34
2012,80.52,1459,36.34
2013,80.56,1459,36.34
2014,80.6,1455,36.34
2015,80.64,1449,36.34
2016,80.68,1442,36.34
2017,80.72,1442,36.34
2018,80.76,1439,36.34
2019,80.8,1435,36.34
2020,80.84,1431,36.34
2021,80.88,1430,36.34
2022,80.92,1434,36.34
2023,80.96,1431,36.34
2024,81,1428,36.34
2025,81.04,1429,36.34
2026,81.08,1429,36.34
2027,81.12,1426,36.34
2028,81.16,1424,36.34
2029,81.2,1423,36.34
2030,81.24,1422,36.34
2031,81.28,1420,36.34
2032,81.32,1416,36.34
2033,81.36,1413,36.34
2034,81.4,1413,36.34
2035,81.44,1417,36.34
2036,81.48,1419,36.34
2037,81.52,1417,36.34
2038,81.56,1416,36.34
2039,81.6,1415,36.34
2040,81.64,1413,36.34
2041,81.68,1410,36.34
2042,81.72,1408,36.34
2043,81.76,1410,36.34
2044,81.8,1411,36.34
2045,81.84,1408,36.34
2046,81.88,1406,36.34
2047,81.92,1406,36.34
2048,81.96,1409,36.34
2049,82,1410,36.34
2050,82.04,1409,36.33
2051,82.08,1408,36.33
2052,82.12,1407,36.33
2053,82.16,1405,36.33
2054,82.2,1405,36.3
2055,82.24,1406,36.3
2056,82.28,1407,36.29
2057,82.32,1405,36.3
2058,82.36,1400,36.28
2059,82.4,1399,36.27
2060,82.44,1400,36.25
2061,82.48,1403,36.25
2062,82.52,1407,36.25
2063,82.56,1407,36.24
2064,82.6,1403,36.23
2065,82.64,1398,36.22
2066,82.68,1395,36.21
2067,82.72,1393,36.21
2068,82.76,1395,36.2
2069,82.8,1402,36.19
2070,82.84,1403,36.2
2071,82.88,1400,36.19
2072,82.92,1398,36.19
2073,82.96,1398,36.19
2074,83,1401,36.19
2075,83.04,1401,36.19
2076,83.08,1400,36.18
2077,83.12,1398,36.18
2078,83.16,1395,36.18
2079,83.2,1397,36.18
2080,83.24,1397,36.18
2081,83.28,1395,36.18
2082,83.32,1392,36.18
2083,83.36,1392,36.18
2084,83.4,1393,36.18
2085,83.44,1395,36.18
2086,83.48,1393,36.18
2087,83.52,1388,36.18
2088,83.56,1387,36.18
2089,83.6,1386,36.18
2090,83.64,1382,36.18
2091,83.68,1383,36.18
2092,83.72,1383,36.18
2093,83.76,1384,36.18
2094,83.8,1386,36.18
2095,83.84,1387,36.18
2096,83.88,1386,36.18
2097,83.92,1386,36.18
2098,83.96,1385,36.18
2099,84,1387,36.18
2100,84.04,1384,36.18
2101,84.08,1382,36.18
2102,84.12,1378,36.18
2103,84.16,1375,36.18
2104,84.2,1375,36.18
2105,84.24,1378,36.18
2106,84.28,1378,36.18
2107,84.32,1377,36.18
2108,84.36,1379,36.18
2109,84.4,1380,36.18
2110,84.44,1380,36.18
2111,84.48,1382,36.18
2112,84.52,1384,36.18
2113,84.56,1386,36.18
2114,84.6,1384,36.18
2115,84.64,1383,36.18
2116,84.68,1383,36.17
2117,84.72,1386,36.17
2118,84.76,1387,36.17
2119,84.8,1389,36.15
2120,84.84,1390,36.15
2121,84.88,1390,36.14
2122,84.92,1391,36.13
2123,84.96,1391,36.13
2124,85,1394,36.09
2125,85.04,1395,36.1
2126,85.08,1394,36.1
2127,85.12,1394,36.09
2128,85.16,1394,36.1
2129,85.2,1395,36.06
2130,85.24,1396,36.06
2131,85.28,1395,36.06
2132,85.32,1395,36.04
2133,85.36,1395,36.05
2134,85.4,1395,36.04
2135,85.44,1396,36.04
2136,85.48,1398,36.03
2137,85.52,1399,36.04
2138,85.56,1400,36.03
2139,85.6,1397,36.03
2140,85.64,1395,36.03
2141,85.68,1395,36.03
2142,85.72,1397,36.03
2143,85.76,1400,36.03
2144,85.8,1401,36.03
2145,85.84,1403,36.03
2146,85.88,1403,36.03
2147,85.92,1399,36.03
2148,85.96,1402,36.03
2149,86,1405,36.03
2150,86.04,1406,36.03
2151,86.08,1406,36.03
2152,86.12,1409,36.03
2153,86.16,1408,36.03
2154,86.2,1408,36.03
2155,86.24,1410,36.03
2156,86.28,1413,36.03
2157,86.32,1415,36.03
2158,86.36,1417,36.03
2159,86.4,1420,36.03
2160,86.44,1422,36.03
2161,86.48,1424,36.03
2162,86.52,1427,36.03
2163,86.56,1431,36.03
2164,86.6,1434,36.03
2165,86.64,1436,36.03
2166,86.68,1439,36.03
2167,86.72,1445,36.03
2168,86.76,1450,36.03
2169,86.8,1452,36.03
2170,86.84,1456,36.03
2171,86.88,1459,36.03
2172,86.92,1460,36.03
2173,86.96,1466,36.03
2174,87,1476,36.03
2175,87.04,1484,36.03
2176,87.08,1486,36.03
2177,87.12,1487,36.03
2178,87.16,1489,36.03
2179,87.2,1493,36.03
2180,87.24,1499,36.03
2181,87.28,1506,36.03
2182,87.32,1512,36.03
2183,87.36,1519,36.03
2184,87.4,1526,36.03
2185,87.44,1527,36.03
2186,87.48,1529,36.03
2187,87.52,1535,36.03
2188,87.56,1547,36.03
2189,87.6,1554,36.02
2190,87.64,1557,36.03
2191,87.68,1561,36.02
2192,87.72,1567,36.02
2193,87.76,1575,36
2194,87.8,1584,35.99
2195,87.84,1589,35.98
2196,87.88,1591,35.98
2197,87.92,1591,35.97
2198,87.96,1596,35.96
2199,88,1603,35.95
2200,88.04,1607,35.92
2201,88.08,1606,35.93
2202,88.12,1601,35.9
2203,88.16,1602,35.92
2204,88.2,1607,35.91
2205,88.24,1610,35.89
2206,88.28,1608,35.89
2207,88.32,1605,35.88
2208,88.36,1599,35.88
2209,88.4,1592,35.87
2210,88.44,1585,35.88
2211,88.48,1578,35.87
2212,88.52,1573,35.87
2213,88.56,1574,35.87
2214,88.6,1577,35.87
2215,88.64,1576,35.87
2216,88.68,1569,35.87
2217,88.72,1563,35.87
2218,88.76,1560,35.87
2219,88.8,1555,35.87
2220,88.84,1553,35.87
2221,88.88,1553,35.87
2222,88.92,1555,35.87
2223,88.96,1554,35.87
2224,89,1554,35.87
2225,89.04,1555,35.87
2226,89.08,1555,35.87
2227,89.12,1555,35.87
2228,89.16,1555,35.87
2229,89.2,1557,35.87
2230,89.24,1561,35.87
2231,89.28,1563,35.87
2232,89.32,1568,35.87
2233,89.36,1576,35.87
2234,89.4,1583,35.87
2235,89.44,1584,35.87
2236,89.48,1584,35.87
2237,89.52,1588,35.87
2238,89.56,1595,35.87
2239,89.6,1599,35.87
2240,89.64,1600,35.87
2241,89.68,1605,35.87
2242,89.72,1611,35.87
2243,89.76,1617,35.87
2244,89.8,1621,35.87
2245,89.84,1627,35.87
2246,89.88,1635,35.87
2247,89.92,1640,35.87
2248,89.96,1643,35.87
2249,90,1643,35.87
2250,90.04,1645,35.87
2251,90.08,1652,35.87
2252,90.12,1662,35.87
2253,90.16,1671,35.87
2254,90.2,1679,35.87
2255,90.24,1686,35.87
2256,90.28,1688,35.87
2257,90.32,1691,35.87
2258,90.36,1694,35.87
2259,90.4,1699,35.87
2260,90.44,1705,35.87
2261,90.48,1709,35.87
2262,90.52,1712,35.87
2263,90.56,1715,35.87
2264,90.6,1720,35.87
2265,90.64,1722,35.87
2266,90.68,1726,35.87
2267,90.72,1729,35.87
2268,90.76,1732,35.87
2269,90.8,1736,35.87
2270,90.84,1739,35.87
2271,90.88,1741,35.87
2272,90.92,1743,35.87
2273,90.96,1741,35.87
2274,91,1735,35.87
2275,91.04,1730,35.87
2276,91.08,1728,35.87
2277,91.12,1730,35.87
2278,91.16,1731,35.87
2279,91.2,1729,35.87
2280,91.24,1726,35.87
2281,91.28,1723,35.87
2282,91.32,1720,35.87
2283,91.36,1713,35.87
2284,91.4,1704,35.87
2285,91.44,1699,35.87
2286,91.48,1698,35.87
2287,91.52,1695,35.87
2288,91.56,1690,35.87
2289,91.6,1683,35.87
2290,91.64,1673,35.87
2291,91.68,1663,35.87
2292,91.72,1652,35.87
2293,91.76,1640,35.87
2294,91.8,1628,35.87
2295,91.84,1620,35.87
2296,91.88,1614,35.87
2297,91.92,1608,35.87
2298,91.96,1602,35.87
2299,92,1597,35.87
2300,92.04,1586,35.87
2301,92.08,1575,35.87
2302,92.12,1567,35.87
2303,92.16,1558,35.87
2304,92.2,1550,35.87
2305,92.24,1546,35.87
2306,92.28,1542,35.87
2307,92.32,1539,35.87
2308,92.36,1538,35.87
2309,92.4,1533,35.87
2310,92.44,1530,35.87
2311,92.48,1525,35.87
2312,92.52,1520,35.87
2313,92.56,1520,35.87
2314,92.6,1521,35.87
2315,92.64,1519,35.87
2316,92.68,1515,35.87
2317,92.72,1513,35.87
2318,92.76,1512,35.87
2319,92.8,1509,35.87
2320,92.84,1505,35.87
2321,92.88,1502,35.87
2322,92.92,1501,35.87
2323,92.96,1502,35.88
2324,93,1499,35.87
2325,93.04,1496,35.88
2326,93.08,1493,35.87
2327,93.12,1492,35.88
2328,93.16,1492,35.88
2329,93.2,1495,35.88
2330,93.24,1495,35.87
2331,93.28,1490,35.87
2332,93.32,1487,35.88
2333,93.36,1487,35.88
2334,93.4,1487,35.87
2335,93.44,1488,35.88
2336,93.48,1489,35.87
2337,93.52,1487,35.87
2338,93.56,1485,35.88
2339,93.6,1483,35.88
2340,93.64,1483,35.87
2341,93.68,1482,35.88
2342,93.72,1480,35.87
2343,93.76,1480,35.88
2344,93.8,1481,35.88
2345,93.84,1481,35.88
2346,93.88,1480,35.88
2347,93.92,1479,35.87
2348,93.96,1477,35.88
2349,94,1476,35.88
2350,94.04,1477,35.88
2351,94.08,1480,35.88
2352,94.12,1484,35.88
2353,94.16,1484,35.88
2354,94.2,1485,35.88
2355,94.24,1489,35.89
2356,94.28,1493,35.88
2357,94.32,1490,35.89
2358,94.36,1487,35.88
2359,94.4,1489,35.88
2360,94.44,1490,35.88
2361,94.48,1488,35.88
2362,94.52,1489,35.89
2363,94.56,1491,35.89
2364,94.6,1489,35.89
2365,94.64,1487,35.89
2366,94.68,1485,35.89
2367,94.72,1485,35.89
2368,94.76,1488,35.9
2369,94.8,1491,35.89
2370,94.84,1490,35.9
2371,94.88,1488,35.89
2372,94.92,1487,35.89
2373,94.96,1487,35.89
2374,95,1485,35.9
2375,95.04,1483,35.9
2376,95.08,1481,35.9
2377,95.12,1484,35.91
2378,95.16,1487,35.9
2379,95.2,1491,35.89
2380,95.24,1490,35.89
2381,95.28,1487,35.91
2382,95.32,1485,35.91
2383,95.36,1484,35.9
2384,95.4,1483,35.91
2385,95.44,1484,35.92
2386,95.48,1484,35.91
2387,95.52,1484,35.9
2388,95.56,1485,35.91
2389,95.6,1486,35.92
2390,95.64,1485,35.91
2391,95.68,1487,35.91
2392,95.72,1488,35.92
2393,95.76,1487,35.92
2394,95.8,1485,35.92
2395,95.84,1485,35.92
2396,95.88,1486,35.92
2397,95.92,1484,35.92
2398,95.96,1484,35.92
2399,96,1486,35.92
2400,96.04,1487,35.93
2401,96.08,1487,35.92
2402,96.12,1487,35.93
2403,96.16,1489,35.92
2404,96.2,1493,35.93
2405,96.24,1495,35.93
2406,96.28,1493,35.93
2407,96.32,1492,35.93
2408,96.36,1493,35.93
2409,96.4,1492,35.94
2410,96.44,1493,35.94
2411,96.48,1492,35.93
2412,96.52,1491,35.94
2413,96.56,1493,35.96
2414,96.6,1494,35.94
2415,96.64,1491,35.95
2416,96.68,1491,35.94
2417,96.72,1491,35.96
2418,96.76,1490,35.95
2419,96.8,1485,35.95
2420,96.84,1484,35.97
2421,96.88,1487,35.97
2422,96.92,1491,35.97
2423,96.96,1492,35.97
2424,97,1491,35.96
2425,97.04,1488,35.97
2426,97.08,1484,35.97
2427,97.12,1481,35.97
2428,97.16,1482,35.97
2429,97.2,1484,35.96
2430,97.24,1486,35.97
2431,97.28,1485,35.97
2432,97.32,1484,35.96
2433,97.36,1484,35.97
2434,97.4,1484,35.97
2435,97.44,1484,35.98
2436,97.48,1483,35.99
2437,97.52,1480,35.98
2438,97.56,1480,35.99
2439,97.6,1479,35.98
2440,97.64,1480,35.98
2441,97.68,1479,35.98
2442,97.72,1479,35.98
2443,97.76,1478,35.98
2444,97.8,1477,35.98
2445,97.84,1478,36
2446,97.88,1479,35.99
2447,97.92,1482,36
2448,97.96,1483,35.98
2449,98,1484,36.01
2450,98.04,1484,36
2451,98.08,1483,35.98
2452,98.12,1482,36.01
2453,98.16,1483,36
2454,98.2,1480,35.99
2455,98.24,1478,36
2456,98.28,1479,36
2457,98.32,1481,36.01
2458,98.36,1481,36
2459,98.4,1480,36
2460,98.44,1480,36.01
2461,98.48,1479,35.98
2462,98.52,1478,36
2463,98.56,1479,36.01
2464,98.6,1480,36.02
2465,98.64,1478,36.01
2466,98.68,1475,36.01
2467,98.72,1475,36.03
2468,98.76,1472,36.03
2469,98.8,1471,36.02
2470,98.84,1472,36.03
2471,98.88,1475,36.02
2472,98.92,1477,36.03
2473,98.96,1478,36.02
2474,99,1478,36.02
2475,99.04,1475,36.03
2476,99.08,1471,36.02
2477,99.12,1472,36.02
2478,99.16,1474,36.02
2479,99.2,1477,36.02
2480,99.24,1478,36.03
2481,99.28,1477,36.02
2482,99.32,1473,36.03
2483,99.36,1475,36.03
2484,99.4,1477,36.03
2485,99.44,1479,36.02
2486,99.48,1476,36.02
2487,99.52,1474,36.03
2488,99.56,1478,36.02
2489,99.6,1482,36.02
2490,99.64,1482,36.03
2491,99.68,1480,36.03
2492,99.72,1479,36.02
2493,99.76,1477,36.03
2494,99.8,1477,36.02
2495,99.84,1479,36.03
2496,99.88,1481,36.02
2497,99.92,1485,36.02
2498,99.96,1489,36.03
2499,100,1490,36.03
2500,100.04,1487,36.03
2501,100.08,1487,36.03
2502,100.12,1485,36.03
2503,100.16,1486,36.03
2504,100.2,1485,36.03
2505,100.24,1484,36.03
2506,100.28,1485,36.03
2507,100.32,1483,36.03
2508,100.36,1480,36.03
2509,100.4,1478,36.03
2510,100.44,1479,36.03
2511,100.48,1481,36.03
2512,100.52,1484,36.03
2513,100.56,1483,36.03
2514,100.6,1478,36.03
2515,100.64,1475,36.03
2516,100.68,1473,36.03
2517,100.72,1472,36.03
2518,100.76,1471,36.03
2519,100.8,1471,36.03
2520,100.84,1475,36.03
2521,100.88,1477,36.03
2522,100.92,1474,36.03
2523,100.96,1471,36.03
2524,101,1470,36.03
2525,101.04,1467,36.03
2526,101.08,1467,36.03
2527,101.12,1469,36.03
2528,101.16,1471,36.03
2529,101.2,1471,36.03
2530,101.24,1471,36.03
2531,101.28,1471,36.03
2532,101.32,1474,36.03
2533,101.36,1475,36.03
2534,101.4,1475,36.03
2535,101.44,1473,36.03
2536,101.48,1470,36.03
2537,101.52,1473,36.03
2538,101.56,1475,36.03
2539,101.6,1469,36.03
2540,101.64,1464,36.03
2541,101.68,1467,36.03
2542,101.72,1470,36.03
2543,101.76,1472,36.03
2544,101.8,1473,36.03
2545,101.84,1473,36.03
2546,101.88,1470,36.03
2547,101.92,1469,36.03
2548,101.96,1472,36.03
2549,102,1471,36.03
2550,102.04,1469,36.03
2551,102.08,1470,36.03
2552,102.12,1474,36.03
2553,102.16,1476,36.03
2554,102.2,1478,36.03
2555,102.24,1480,36.03
2556,102.28,1480,36.03
2557,102.32,1481,36.03
2558,102.36,1481,36.03
2559,102.4,1482,36.03
2560,102.44,1482,36.03
2561,102.48,1481,36.03
2562,102.52,1481,36.03
2563,102.56,1480,36.03
2564,102.6,1478,36.03
2565,102.64,1476,36.03
2566,102.68,1473,36.03
2567,102.72,1472,36.03
2568,102.76,1475,36.03
2569,102.8,1476,36.03
2570,102.84,1478,36.03
2571,102.88,1482,36.03
2572,102.92,1483,36.03
2573,102.96,1483,36.03
2574,103,1480,36.03
2575,103.04,1479,36.03
2576,103.08,1478,36.03
2577,103.12,1475,36.03
2578,103.16,1472,36.03
2579,103.2,1472,36.03
2580,103.24,1474,36.03
2581,103.28,1478,36.03
2582,103.32,1480,36.03
2583,103.36,1480,36.03
2584,103.4,1479,36.03
2585,103.44,1478,36.03
2586,103.48,1477,36.03
2587,103.52,1477,36.03
2588,103.56,1479,36.03
2589,103.6,1482,36.03
2590,103.64,1482,36.03
2591,103.68,1481,36.03
2592,103.72,1480,36.03
2593,103.76,1481,36.03
2594,103.8,1481,36.03
2595,103.84,1479,36.03
2596,103.88,1476,36.03
2597,103.92,1479,36.03
2598,103.96,1483,36.03
2599,104,1483,36.03
2600,104.04,1479,36.03
2601,104.08,1477,36.03
2602,104.12,1479,36.03
2603,104.16,1477,36.03
2604,104.2,1476,36.03
2605,104.24,1479,36.03
2606,104.28,1483,36.03
2607,104.32,1484,36.03
2608,104.36,1484,36.03
2609,104.4,1483,36.03
2610,104.44,1481,36.03
2611,104.48,1486,36.03
2612,104.52,1491,36.03
2613,104.56,1492,36.03
2614,104.6,1493,36.03
2615,104.64,1488,36.03
2616,104.68,1483,36.03
2617,104.72,1482,36.03
2618,104.76,1483,36.03
2619,104.8,1484,36.03
2620,104.84,1486,36.03
2621,104.88,1488,36.03
2622,104.92,1491,36.03
2623,104.96,1491,36.03
2624,105,1488,36.03
2625,105.04,1487,36.03
2626,105.08,1490,36.03
2627,105.12,1491,36.03
2628,105.16,1487,36.03
2629,105.2,1486,36.03
2630,105.24,1489,36.03
2631,105.28,1493,36.03
2632,105.32,1496,36.03
2633,105.36,1498,36.03
2634,105.4,1499,36.03
2635,105.44,1499,36.03
2636,105.48,1498,36.03
2637,105.52,1497,36.03
2638,105.56,1500,36.03
2639,105.6,1500,36.03
2640,105.64,1498,36.03
2641,105.68,1498,36.03
2642,105.72,1499,36.03
2643,105.76,1500,36.03
2644,105.8,1500,36.03
2645,105.84,1501,36.03
2646,105.88,1503,36.03
2647,105.92,1501,36.03
2648,105.96,1498,36.03
2649,106,1498,36.03
2650,106.04,1499,36.03
2651,106.08,1499,36.03
2652,106.12,1498,36.03
2653,106.16,1498,36.03
2654,106.2,1501,36.03
2655,106.24,1503,36.03
2656,106.28,1504,36.03
2657,106.32,1504,36.03
2658,106.36,1507,36.03
2659,106.4,1510,36.03
2660,106.44,1508,36.03
2661,106.48,1507,36.03
2662,106.52,1508,36.03
2663,106.56,1511,36.03
2664,106.6,1514,36.03
2665,106.64,1514,36.03
2666,106.68,1512,36.03
2667,106.72,1510,36.03
2668,106.76,1509,36.03
2669,106.8,1512,36.03
2670,106.84,1513,36.03
2671,106.88,1513,36.03
2672,106.92,1515,36.03
2673,106.96,1515,36.03
2674,107,1517,36.03
2675,107.04,1517,36.03
2676,107.08,1515,36.03
2677,107.12,1516,36.03
2678,107.16,1517,36.03
2679,107.2,1518,36.03
2680,107.24,1519,36.03
2681,107.28,1521,36.03
2682,107.32,1519,36.03
2683,107.36,1520,36.03
2684,107.4,1526,36.03
2685,107.44,1529,36.03
2686,107.48,1529,36.03
2687,107.52,1529,36.03
2688,107.56,1533,36.03
2689,107.6,1532,36.03
2690,107.64,1528,36.03
2691,107.68,1528,36.03
2692,107.72,1528,36.03
2693,107.76,1529,36.03
2694,107.8,1528,36.03
2695,107.84,1525,36.03
2696,107.88,1523,36.03
2697,107.92,1524,36.03
2698,107.96,1527,36.03
2699,108,1528,36.03
2700,108.04,1528,36.03
2701,108.08,1528,36.03
2702,108.12,1529,36.03
2703,108.16,1530,36.03
2704,108.2,1528,36.03
2705,108.24,1528,36.03
2706,108.28,1534,36.03
2707,108.32,1536,36.03
2708,108.36,1533,36.03
2709,108.4,1535,36.03
2710,108.44,1535,36.03
2711,108.48,1533,36.03
2712,108.52,1529,36.03
2713,108.56,1530,36.03
2714,108.6,1532,36.03
2715,108.64,1532,36.03
2716,108.68,1534,36.03
2717,108.72,1536,36.03
2718,108.76,1537,36.03
2719,108.8,1536,36.03
2720,108.84,1535,36.03
2721,108.88,1537,36.03
2722,108.92,1539,36.03
2723,108.96,1539,36.03
2724,109,1539,36.03
2725,109.04,1541,36.03
2726,109.08,1543,36.03
2727,109.12,1541,36.03
2728,109.16,1539,36.03
2729,109.2,1538,36.03
2730,109.24,1539,36.03
2731,109.28,1539,36.03
2732,109.32,1539,36.03
2733,109.36,1538,36.03
2734,109.4,1536,36.03
2735,109.44,1536,36.03
2736,109.48,1537,36.03
2737,109.52,1538,36.03
2738,109.56,1543,36.03
2739,109.6,1545,36.03
2740,109.64,1545,36.03
2741,109.68,1545,36.03
2742,109.72,1544,36.03
2743,109.76,1543,36.03
2744,109.8,1541,36.03
2745,109.84,1540,36.03
2746,109.88,1542,36.03
2747,109.92,1543,36.03
2748,109.96,1540,36.03
2749,110,1540,36.03
2750,110.04,1540,36.03
2751,110.08,1540,36.03
2752,110.12,1541,36.03
2753,110.16,1539,36.03
2754,110.2,1537,36.03
2755,110.24,1537,36.03
2756,110.28,1542,36.03
2757,110.32,1546,36.03
2758,110.36,1547,36.03
2759,110.4,1546,36.03
2760,110.44,1546,36.03
2761,110.48,1545,36.03
2762,110.52,1544,36.03
2763,110.56,1544,36.03
2764,110.6,1546,36.03
2765,110.64,1546,36.03
2766,110.68,1546,36.03
2767,110.72,1541,36.03
2768,110.76,1539,36.03
2769,110.8,1540,36.03
2770,110.84,1543,36.03
2771,110.88,1542,36.03
2772,110.92,1539,36.03
2773,110.96,1540,36.03
2774,111,1543,36.03
2775,111.04,1546,36.03
2776,111.08,1547,36.03
2777,111.12,1546,36.03
2778,111.16,1548,36.03
2779,111.2,1550,36.03
2780,111.24,1551,36.03
2781,111.28,1551,36.03
2782,111.32,1550,36.03
2783,111.36,1550,36.03
2784,111.4,1549,36.03
2785,111.44,1550,36.03
2786,111.48,1553,36.04
2787,111.52,1557,36.04
2788,111.56,1561,36.03
2789,111.6,1562,36.03
2790,111.64,1563,36.03
2791,111.68,1564,36.03
2792,111.72,1567,36.03
2793,111.76,1568,36.04
2794,111.8,1565,36.04
2795,111.84,1562,36.03
2796,111.88,1563,36.03
2797,111.92,1566,36.03
2798,111.96,1569,36.04
2799,112,1570,36.04
2800,112.04,1572,36.03
2801,112.08,1572,36.03
2802,112.12,1571,36.04
2803,112.16,1571,36.03
2804,112.2,1573,36.04
2805,112.24,1573,36.04
2806,112.28,1575,36.04
2807,112.32,1579,36.05
2808,112.36,1580,36.05
2809,112.4,1580,36.04
2810,112.44,1579,36.05
2811,112.48,1576,36.04
2812,112.52,1575,36.04
2813,112.56,1578,36.04
2814,112.6,1583,36.04
2815,112.64,1586,36.05
2816,112.68,1585,36.04
2817,112.72,1582,36.05
2818,112.76,1581,36.05
2819,112.8,1580,36.05
2820,112.84,1580,36.06
2821,112.88,1579,36.05
2822,112.92,1579,36.05
2823,112.96,1579,36.06
2824,113,1578,36.06
2825,113.04,1578,36.05
2826,113.08,1581,36.06
2827,113.12,1584,36.07
2828,113.16,1583,36.06
2829,113.2,1579,36.06
2830,113.24,1578,36.06
2831,113.28,1579,36.07
2832,113.32,1584,36.06
2833,113.36,1587,36.06
2834,113.4,1589,36.06
2835,113.44,1589,36.06
2836,113.48,1585,36.07
2837,113.52,1583,36.08
2838,113.56,1585,36.06
2839,113.6,1584,36.08
2840,113.64,1581,36.07
2841,113.68,1582,36.07
2842,113.72,1585,36.07
2843,113.76,1586,36.07
2844,113.8,1583,36.07
2845,113.84,1582,36.07
2846,113.88,1584,36.06
2847,113.92,1585,36.08
2848,113.96,1582,36.08
2849,114,1583,36.07
2850,114.04,1587,36.07
2851,114.08,1588,36.09
2852,114.12,1583,36.07
2853,114.16,1578,36.08
2854,114.2,1575,36.08
2855,114.24,1576,36.08
2856,114.28,1576,36.08
2857,114.32,1579,36.09
2858,114.36,1581,36.08
2859,114.4,1578,36.09
2860,114.44,1574,36.09
2861,114.48,1573,36.08
2862,114.52,1574,36.1
2863,114.56,1577,36.09
2864,114.6,1578,36.1
2865,114.64,1576,36.09
2866,114.68,1576,36.12
2867,114.72,1574,36.1
2868,114.76,1571,36.12
2869,114.8,1572,36.11
2870,114.84,1573,36.12
2871,114.88,1572,36.1
2872,114.92,1568,36.12
2873,114.96,1565,36.12
2874,115,1569,36.11
2875,115.04,1573,36.12
2876,115.08,1574,36.13
2877,115.12,1575,36.13
2878,115.16,1575,36.14
2879,115.2,1575,36.13
2880,115.24,1572,36.13
2881,115.28,1571,36.13
2882,115.32,1572,36.14
2883,115.36,1572,36.13
2884,115.4,1570,36.13
2885,115.44,1568,36.14
2886,115.48,1567,36.14
2887,115.52,1570,36.15
2888,115.56,1576,36.13
2889,115.6,1580,36.14
2890,115.64,1577,36.14
2891,115.68,1573,36.14
2892,115.72,1570,36.14
2893,115.76,1569,36.15
2894,115.8,1570,36.14
2895,115.84,1570,36.15
2896,115.88,1572,36.15
2897,115.92,1574,36.16
2898,115.96,1576,36.15
2899,116,1576,36.15
2900,116.04,1576,36.14
2901,116.08,1578,36.14
2902,116.12,1580,36.16
2903,116.16,1577,36.16
2904,116.2,1576,36.15
2905,116.24,1578,36.15
2906,116.28,1580,36.16
2907,116.32,1580,36.16
2908,116.36,1581,36.16
2909,116.4,1581,36.16
2910,116.44,1580,36.16
2911,116.48,1582,36.17
2912,116.52,1589,36.16
2913,116.56,1593,36.16
2914,116.6,1594,36.16
2915,116.64,1592,36.16
2916,116.68,1591,36.17
2917,116.72,1588,36.17
2918,116.76,1589,36.17
2919,116.8,1592,36.17
2920,116.84,1592,36.18
2921,116.88,1593,36.17
2922,116.92,1592,36.18
2923,116.96,1590,36.18
2924,117,1592,36.18
2925,117.04,1597,36.17
2926,117.08,1599,36.18
2927,117.12,1598,36.17
2928,117.16,1595,36.18
2929,117.2,1595,36.18
2930,117.24,1600,36.18
2931,117.28,1607,36.18
2932,117.32,1607,36.18
2933,117.36,1603,36.18
2934,117.4,1600,36.18
2935,117.44,1599,36.18
2936,117.48,1598,36.18
2937,117.52,1599,36.18
2938,117.56,1603,36.18
2939,117.6,1605,36.18
2940,117.64,1603,36.17
2941,117.68,1603,36.18
2942,117.72,1602,36.18
2943,117.76,1596,36.18
2944,117.8,1592,36.18
2945,117.84,1593,36.18
2946,117.88,1597,36.18
2947,117.92,1600,36.18
2948,117.96,1597,36.18
2949,118,1595,36.18
2950,118.04,1597,36.18
2951,118.08,1600,36.18
2952,118.12,1604,36.18
2953,118.16,1605,36.18
2954,118.2,1613,36.18
2955,118.24,1621,36.18
2956,118.28,1629,36.18
2957,118.32,1631,36.18
2958,118.36,1632,36.18
2959,118.4,1640,36.18
2960,118.44,1653,36.18
2961,118.48,1665,36.18
2962,118.52,1674,36.18
2963,118.56,1686,36.18
2964,118.6,1698,36.18
2965,118.64,1711,36.18
2966,118.68,1727,36.18
2967,118.72,1749,36.18
2968,118.76,1772,36.18
2969,118.8,1794,36.18
2970,118.84,1820,36.18
2971,118.88,1844,36.18
2972,118.92,1869,36.18
2973,118.96,1893,36.18
2974,119,1921,36.18
2975,119.04,1950,36.18
2976,119.08,1977,36.18
2977,119.12,2004,36.18
2978,119.16,2033,36.18
2979,119.2,2060,36.18
2980,119.24,2086,36.18
2981,119.28,2107,36.18
2982,119.32,2127,36.18
2983,119.36,2144,36.18
2984,119.4,2158,36.18
2985,119.44,2171,36.18
2986,119.48,2188,36.18
2987,119.52,2200,36.18
2988,119.56,2208,36.18
2989,119.6,2212,36.18
2990,119.64,2210,36.18
2991,119.68,2202,36.18
2992,119.72,2193,36.18
2993,119.76,2183,36.18
2994,119.8,2170,36.18
2995,119.84,2154,36.18
2996,119.88,2134,36.18
2997,119.92,2111,36.18
2998,119.96,2089,36.18
2999,120,2064,36.18
3000,120.04,2034,36.18
3001,120.08,2003,36.18
3002,120.12,1974,36.18
3003,120.16,1946,36.18
3004,120.2,1921,36.18
3005,120.24,1890,36.18
3006,120.28,1855,36.18
3007,120.32,1827,36.18
3008,120.36,1801,36.18
3009,120.4,1779,36.18
3010,120.44,1760,36.18
3011,120.48,1744,36.18
3012,120.52,1726,36.18
3013,120.56,1711,36.18
3014,120.6,1699,36.18
3015,120.64,1689,36.18
3016,120.68,1682,36.18
3017,120.72,1677,36.18
3018,120.76,1674,36.18
3019,120.8,1673,36.18
3020,120.84,1669,36.18
3021,120.88,1664,36.18
3022,120.92,1660,36.18
3023,120.96,1658,36.18
3024,121,1657,36.18
3025,121.04,1656,36.18
3026,121.08,1656,36.18
3027,121.12,1660,36.18
3028,121.16,1667,36.18
3029,121.2,1668,36.18
3030,121.24,1668,36.18
3031,121.28,1671,36.18
3032,121.32,1673,36.18
3033,121.36,1674,36.18
3034,121.4,1679,36.18
3035,121.44,1683,36.18
3036,121.48,1687,36.18
3037,121.52,1690,36.18
3038,121.56,1690,36.18
3039,121.6,1691,36.18
3040,121.64,1692,36.18
3041,121.68,1696,36.18
3042,121.72,1702,36.18
3043,121.76,1704,36.18
3044,121.8,1704,36.18
3045,121.84,1706,36.18
3046,121.88,1710,36.18
3047,121.92,1711,36.18
3048,121.96,1711,36.18
3049,122,1710,36.18
3050,122.04,1707,36.18
3051,122.08,1706,36.18
3052,122.12,1706,36.18
3053,122.16,1703,36.18
3054,122.2,1705,36.18
3055,122.24,1710,36.18
3056,122.28,1713,36.18
3057,122.32,1710,36.18
3058,122.36,1706,36.18
3059,122.4,1703,36.18
3060,122.44,1701,36.18
3061,122.48,1701,36.18
3062,122.52,1700,36.18
3063,122.56,1699,36.18
3064,122.6,1698,36.18
3065,122.64,1694,36.18
3066,122.68,1689,36.18
3067,122.72,1689,36.18
3068,122.76,1691,36.18
3069,122.8,1690,36.18
3070,122.84,1684,36.18
3071,122.88,1681,36.18
3072,122.92,1685,36.18
3073,122.96,1689,36.18
3074,123,1692,36.18
3075,123.04,1692,36.18
3076,123.08,1692,36.18
3077,123.12,1692,36.18
3078,123.16,1696,36.18
3079,123.2,1697,36.18
3080,123.24,1696,36.18
3081,123.28,1696,36.18
3082,123.32,1695,36.18
3083,123.36,1695,36.18
3084,123.4,1699,36.18
3085,123.44,1703,36.18
3086,123.48,1704,36.18
3087,123.52,1706,36.18
3088,123.56,1709,36.18
3089,123.6,1713,36.18
3090,123.64,1717,36.18
3091,123.68,1723,36.18
3092,123.72,1731,36.18
3093,123.76,1735,36.18
3094,123.8,1741,36.18
3095,123.84,1746,36.18
3096,123.88,1752,36.18
3097,123.92,1757,36.18
3098,123.96,1761,36.18
3099,124,1763,36.18
3100,124.04,1769,36.18
3101,124.08,1772,36.18
3102,124.12,1772,36.18
3103,124.16,1775,36.18
3104,124.2,1778,36.18
3105,124.24,1778,36.18
3106,124.28,1781,36.18
3107,124.32,1784,36.18
3108,124.36,1788,36.18
3109,124.4,1792,36.18
3110,124.44,1794,36.18
3111,124.48,1792,36.18
3112,124.52,1792,36.18
3113,124.56,1794,36.18
3114,124.6,1791,36.18
3115,124.64,1783,36.18
3116,124.68,1780,36.18
3117,124.72,1778,36.18
3118,124.76,1775,36.18
3119,124.8,1771,36.18
3120,124.84,1767,36.18
3121,124.88,1766,36.18
3122,124.92,1762,36.18
3123,124.96,1755,36.18
3124,125,1750,36.18
3125,125.04,1747,36.18
3126,125.08,1744,36.18
3127,125.12,1741,36.18
3128,125.16,1735,36.18
3129,125.2,1728,36.18
3130,125.24,1726,36.18
3131,125.28,1724,36.18
3132,125.32,1720,36.18
3133,125.36,1713,36.18
3134,125.4,1707,36.18
3135,125.44,1701,36.18
3136,125.48,1699,36.18
3137,125.52,1697,36.18
3138,125.56,1696,36.18
3139,125.6,1691,36.18
3140,125.64,1683,36.18
3141,125.68,1681,36.18
3142,125.72,1682,36.18
3143,125.76,1682,36.18
3144,125.8,1679,36.18
3145,125.84,1677,36.18
3146,125.88,1676,36.18
3147,125.92,1672,36.18
3148,125.96,1667,36.18
3149,126,1665,36.18
3150,126.04,1661,36.18
3151,126.08,1662,36.18
3152,126.12,1663,36.18
3153,126.16,1663,36.18
3154,126.2,1664,36.18
3155,126.24,1665,36.18
3156,126.28,1665,36.18
3157,126.32,1664,36.18
3158,126.36,1664,36.18
3159,126.4,1661,36.18
3160,126.44,1658,36.18
3161,126.48,1657,36.18
3162,126.52,1656,36.19
3163,126.56,1656,36.18
3164,126.6,1655,36.18
3165,126.64,1655,36.19
3166,126.68,1659,36.19
3167,126.72,1660,36.18
3168,126.76,1657,36.18
3169,126.8,1653,36.19
3170,126.84,1653,36.19
3171,126.88,1655,36.18
3172,126.92,1659,36.18
3173,126.96,1663,36.18
3174,127,1665,36.19
3175,127.04,1666,36.18
3176,127.08,1667,36.19
3177,127.12,1670,36.19
3178,127.16,1674,36.18
3179,127.2,1677,36.19
3180,127.24,1680,36.19
3181,127.28,1684,36.19
3182,127.32,1690,36.19
3183,127.36,1694,36.18
3184,127.4,1697,36.19
3185,127.44,1706,36.19
3186,127.48,1713,36.19
3187,127.52,1718,36.19
3188,127.56,1724,36.19
3189,127.6,1728,36.19
3190,127.64,1728,36.2
3191,127.68,1730,36.19
3192,127.72,1734,36.19
3193,127.76,1735,36.19
3194,127.8,1741,36.19
3195,127.84,1747,36.19
3196,127.88,1746,36.19
3197,127.92,1742,36.19
3198,127.96,1741,36.19
3199,128,1743,36.19
3200,128.04,1742,36.19
3201,128.08,1736,36.19
3202,128.12,1734,36.2
3203,128.16,1734,36.2
3204,128.2,1733,36.19
3205,128.24,1732,36.19
3206,128.28,1733,36.19
3207,128.32,1730,36.19
3208,128.36,1727,36.19
3209,128.4,1727,36.19
3210,128.44,1723,36.19
3211,128.48,1721,36.2
3212,128.52,1724,36.19
3213,128.56,1730,36.2
3214,128.6,1734,36.19
3215,128.64,1734,36.21
3216,128.68,1732,36.2
3217,128.72,1735,36.21
3218,128.76,1740,36.21
3219,128.8,1743,36.2
3220,128.84,1745,36.2
3221,128.88,1751,36.2
3222,128.92,1757,36.2
3223,128.96,1763,36.21
3224,129,1769,36.21
3225,129.04,1773,36.21
3226,129.08,1775,36.21
3227,129.12,1777,36.21
3228,129.16,1778,36.21
3229,129.2,1780,36.21
3230,129.24,1782,36.22
3231,129.28,1785,36.22
3232,129.32,1787,36.22
3233,129.36,1787,36.21
3234,129.4,1784,36.23
3235,129.44,1783,36.22
3236,129.48,1782,36.22
3237,129.52,1779,36.21
3238,129.56,1775,36.21
3239,129.6,1773,36.22
3240,129.64,1775,36.22
3241,129.68,1775,36.22
3242,129.72,1771,36.22
3243,129.76,1765,36.22
3244,129.8,1760,36.22
3245,129.84,1757,36.22
3246,129.88,1756,36.22
3247,129.92,1756,36.22
3248,129.96,1759,36.22
3249,130,1761,36.22
3250,130.04,1755,36.22
3251,130.08,1748,36.23
3252,130.12,1747,36.24
3253,130.16,1748,36.23
3254,130.2,1748,36.22
3255,130.24,1745,36.24
3256,130.28,1744,36.23
3257,130.32,1741,36.24
3258,130.36,1737,36.24
3259,130.4,1733,36.24
3260,130.44,1728,36.24
3261,130.48,1725,36.23
3262,130.52,1723,36.24
3263,130.56,1721,36.24
3264,130.6,1718,36.25
3265,130.64,1715,36.25
3266,130.68,1713,36.25
3267,130.72,1711,36.25
3268,130.76,1709,36.25
3269,130.8,1707,36.25
3270,130.84,1707,36.25
3271,130.88,1711,36.26
3272,130.92,1715,36.26
3273,130.96,1716,36.25
3274,131,1716,36.27
3275,131.04,1716,36.26
3276,131.08,1713,36.24
3277,131.12,1706,36.25
3278,131.16,1704,36.26
3279,131.2,1705,36.27
3280,131.24,1705,36.26
3281,131.28,1703,36.26
3282,131.32,1702,36.27
3283,131.36,1701,36.28
3284,131.4,1701,36.27
3285,131.44,1700,36.28
3286,131.48,1696,36.28
3287,131.52,1695,36.28
3288,131.56,1699,36.27
3289,131.6,1704,36.28
3290,131.64,1705,36.28
3291,131.68,1703,36.27
3292,131.72,1704,36.28
3293,131.76,1707,36.27
3294,131.8,1711,36.28
3295,131.84,1716,36.27
3296,131.88,1719,36.27
3297,131.92,1721,36.27
3298,131.96,1725,36.29
3299,132,1730,36.29
3300,132.04,1737,36.29
3301,132.08,1744,36.3
3302,132.12,1749,36.28
3303,132.16,1756,36.28
3304,132.2,1766,36.27
3305,132.24,1773,36.29
3306,132.28,1781,36.3
3307,132.32,1788,36.29
3308,132.36,1794,36.3
3309,132.4,1799,36.31
3310,132.44,1806,36.31
3311,132.48,1811,36.29
3312,132.52,1815,36.29
3313,132.56,1823,36.3
3314,132.6,1829,36.31
3315,132.64,1829,36.31
3316,132.68,1831,36.31
3317,132.72,1832,36.32
3318,132.76,1833,36.3
3319,132.8,1834,36.31
3320,132.84,1832,36.31
3321,132.88,1831,36.32
3322,132.92,1828,36.32
3323,132.96,1827,36.31
3324,133,1820,36.33
3325,133.04,1813,36.33
3326,133.08,1810,36.32
3327,133.12,1804,36.33
3328,133.16,1797,36.32
3329,133.2,1790,36.32
3330,133.24,1785,36.33
3331,133.28,1781,36.33
3332,133.32,1775,36.33
3333,133.36,1769,36.33
3334,133.4,1767,36.33
3335,133.44,1766,36.33
3336,133.48,1762,36.33
3337,133.52,1758,36.33
3338,133.56,1757,36.33
3339,133.6,1754,36.33
3340,133.64,1745,36.33
3341,133.68,1738,36.33
3342,133.72,1736,36.33
3343,133.76,1734,36.33
3344,133.8,1732,36.33
3345,133.84,1730,36.33
3346,133.88,1726,36.34
3347,133.92,1722,36.32
3348,133.96,1721,36.33
3349,134,1724,36.33
3350,134.04,1724,36.33
3351,134.08,1721,36.34
3352,134.12,1719,36.33
3353,134.16,1721,36.34
3354,134.2,1727,36.33
3355,134.24,1733,36.33
3356,134.28,1734,36.34
3357,134.32,1732,36.33
3358,134.36,1732,36.33
3359,134.4,1730,36.34
3360,134.44,1731,36.33
3361,134.48,1735,36.33
3362,134.52,1739,36.34
3363,134.56,1747,36.34
3364,134.6,1750,36.34
3365,134.64,1748,36.34
3366,134.68,1746,36.34
3367,134.72,1746,36.34
3368,134.76,1747,36.34
3369,134.8,1751,36.34
3370,134.84,1755,36.34
3371,134.88,1762,36.34
3372,134.92,1766,36.34
3373,134.96,1770,36.34
3374,135,1773,36.34
3375,135.04,1775,36.34
3376,135.08,1782,36.34
3377,135.12,1787,36.34
3378,135.16,1786,36.34
3379,135.2,1785,36.34
3380,135.24,1788,36.34
3381,135.28,1792,36.34
3382,135.32,1795,36.34
3383,135.36,1795,36.34
3384,135.4,1795,36.34
3385,135.44,1798,36.34
3386,135.48,1802,36.34
3387,135.52,1803,36.34
3388,135.56,1804,36.34
3389,135.6,1803,36.34
3390,135.64,1800,36.34
3391,135.68,1799,36.34
3392,135.72,1799,36.34
3393,135.76,1799,36.34
3394,135.8,1793,36.34
3395,135.84,1791,36.34
3396,135.88,1794,36.34
3397,135.92,1795,36.34
3398,135.96,1797,36.34
3399,136,1799,36.34
3400,136.04,1799,36.34
3401,136.08,1804,36.34
3402,136.12,1810,36.34
3403,136.16,1812,36.34
3404,136.2,1813,36.34
3405,136.24,1816,36.34
3406,136.28,1820,36.34
3407,136.32,1826,36.34
3408,136.36,1835,36.34
3409,136.4,1839,36.34
3410,136.44,1845,36.34
3411,136.48,1852,36.34
3412,136.52,1858,36.34
3413,136.56,1869,36.34
3414,136.6,1875,36.34
3415,136.64,1877,36.34
3416,136.68,1884,36.34
3417,136.72,1896,36.34
3418,136.76,1902,36.34
3419,136.8,1908,36.34
3420,136.84,1911,36.34
3421,136.88,1912,36.34
3422,136.92,1915,36.34
3423,136.96,1922,36.34
3424,137,1927,36.34
3425,137.04,1929,36.34
3426,137.08,1930,36.34
3427,137.12,1929,36.34
3428,137.16,1928,36.34
3429,137.2,1934,36.34
3430,137.24,1946,36.34
3431,137.28,1954,36.34
3432,137.32,1961,36.34
3433,137.36,1969,36.34
3434,137.4,1977,36.34
3435,137.44,1987,36.34
3436,137.48,1994,36.34
3437,137.52,2000,36.34
3438,137.56,2012,36.34
3439,137.6,2023,36.34
3440,137.64,2032,36.34
3441,137.68,2044,36.34
3442,137.72,2055,36.34
3443,137.76,2063,36.34
3444,137.8,2071,36.34
3445,137.84,2083,36.34
3446,137.88,2095,36.34
3447,137.92,2106,36.34
3448,137.96,2115,36.34
3449,138,2124,36.34
3450,138.04,2131,36.34
3451,138.08,2138,36.34
3452,138.12,2146,36.34
3453,138.16,2152,36.34
3454,138.2,2159,36.34
3455,138.24,2166,36.34
3456,138.28,2175,36.34
3457,138.32,2180,36.34
3458,138.36,2181,36.34
3459,138.4,2183,36.34
3460,138.44,2184,36.34
3461,138.48,2187,36.34
3462,138.52,2194,36.34
3463,138.56,2199,36.34
3464,138.6,2205,36.34
3465,138.64,2209,36.34
3466,138.68,2212,36.34
3467,138.72,2218,36.34
3468,138.76,2227,36.34
3469,138.8,2233,36.34
3470,138.84,2234,36.34
3471,138.88,2232,36.34
3472,138.92,2234,36.34
3473,138.96,2240,36.34
3474,139,2247,36.34
3475,139.04,2254,36.34
3476,139.08,2262,36.34
3477,139.12,2270,36.34
3478,139.16,2275,36.34
3479,139.2,2281,36.34
3480,139.24,2287,36.34
3481,139.28,2293,36.34
3482,139.32,2297,36.34
3483,139.36,2301,36.34
3484,139.4,2308,36.34
3485,139.44,2310,36.34
3486,139.48,2308,36.34
3487,139.52,2309,36.34
3488,139.56,2315,36.34
3489,139.6,2320,36.34
3490,139.64,2317,36.34
3491,139.68,2314,36.34
3492,139.72,2313,36.34
3493,139.76,2314,36.34
3494,139.8,2311,36.34
3495,139.84,2314,36.34
3496,139.88,2324,36.34
3497,139.92,2340,36.34
3498,139.96,2352,36.34
3499,140,2358,36.34
3500,140.04,2369,36.34
3501,140.08,2389,36.34
3502,140.12,2411,36.34
3503,140.16,2436,36.34
3504,140.2,2468,36.34
3505,140.24,2503,36.34
3506,140.28,2538,36.34
3507,140.32,2574,36.34
3508,140.36,2611,36.34
3509,140.4,2646,36.34
3510,140.44,2680,36.34
3511,140.48,2709,36.34
3512,140.52,2736,36.34
3513,140.56,2763,36.34
3514,140.6,2788,36.34
3515,140.64,2804,36.34
3516,140.68,2815,36.34
3517,140.72,2821,36.34
3518,140.76,2823,36.34
3519,140.8,2824,36.34
3520,140.84,2821,36.34
3521,140.88,2809,36.34
3522,140.92,2794,36.34
3523,140.96,2776,36.34
3524,141,2756,36.34
3525,141.04,2733,36.34
3526,141.08,2715,36.34
3527,141.12,2695,36.34
3528,141.16,2672,36.34
3529,141.2,2650,36.34
3530,141.24,2631,36.34
3531,141.28,2613,36.34
3532,141.32,2596,36.34
3533,141.36,2581,36.34
3534,141.4,2566,36.34
3535,141.44,2552,36.34
3536,141.48,2533,36.34
3537,141.52,2518,36.34
3538,141.56,2505,36.34
3539,141.6,2489,36.34
3540,141.64,2473,36.34
3541,141.68,2463,36.34
3542,141.72,2451,36.34
3543,141.76,2439,36.34
3544,141.8,2432,36.34
3545,141.84,2425,36.34
3546,141.88,2422,36.34
3547,141.92,2420,36.34
3548,141.96,2417,36.34
3549,142,2414,36.34
3550,142.04,2415,36.34
3551,142.08,2414,36.34
3552,142.12,2413,36.34
3553,142.16,2416,36.34
3554,142.2,2421,36.34
3555,142.24,2429,36.34
3556,142.28,2437,36.34
3557,142.32,2444,36.34
3558,142.36,2451,36.34
3559,142.4,2456,36.34
3560,142.44,2460,36.34
3561,142.48,2466,36.34
3562,142.52,2475,36.34
3563,142.56,2486,36.34
3564,142.6,2495,36.34
3565,142.64,2501,36.34
3566,142.68,2508,36.34
3567,142.72,2521,36.34
3568,142.76,2534,36.34
3569,142.8,2544,36.34
3570,142.84,2552,36.34
3571,142.88,2558,36.34
3572,142.92,2559,36.34
3573,142.96,2562,36.34
3574,143,2569,36.34
3575,143.04,2574,36.34
3576,143.08,2574,36.34
3577,143.12,2571,36.34
3578,143.16,2569,36.34
3579,143.2,2567,36.34
3580,143.24,2564,36.34
3581,143.28,2560,36.34
3582,143.32,2560,36.34
3583,143.36,2559,36.34
3584,143.4,2553,36.34
3585,143.44,2548,36.34
3586,143.48,2548,36.34
3587,143.52,2549,36.34
3588,143.56,2554,36.34
3589,143.6,2565,36.34
3590,143.64,2573,36.34
3591,143.68,2578,36.34
3592,143.72,2584,36.34
3593,143.76,2593,36.34
3594,143.8,2602,36.34
3595,143.84,2613,36.34
3596,143.88,2623,36.34
3597,143.92,2634,36.34
3598,143.96,2647,36.34
3599,144,2665,36.34
3600,144.04,2680,36.34
3601,144.08,2691,36.34
3602,144.12,2698,36.34
3603,144.16,2707,36.34
3604,144.2,2716,36.34
3605,144.24,2724,36.34
3606,144.28,2731,36.34
3607,144.32,2737,36.34
3608,144.36,2742,36.34
3609,144.4,2744,36.34
3610,144.44,2745,36.34
3611,144.48,2748,36.34
3612,144.52,2755,36.34
3613,144.56,2763,36.34
3614,144.6,2769,36.34
3615,144.64,2771,36.34
3616,144.68,2779,36.34
3617,144.72,2796,36.34
3618,144.76,2812,36.34
3619,144.8,2823,36.34
3620,144.84,2833,36.34
3621,144.88,2848,36.34
3622,144.92,2866,36.34
3623,144.96,2884,36.34
3624,145,2899,36.34
3625,145.04,2912,36.34
3626,145.08,2926,36.34
3627,145.12,2943,36.34
3628,145.16,2957,36.34
3629,145.2,2969,36.34
3630,145.24,2980,36.34
3631,145.28,2995,36.34
3632,145.32,3006,36.34
3633,145.36,3011,36.34
3634,145.4,3014,36.34
3635,145.44,3020,36.34
3636,145.48,3036,36.34
3637,145.52,3053,36.34
3638,145.56,3067,36.34
3639,145.6,3078,36.34
3640,145.64,3086,36.34
3641,145.68,3102,36.34
3642,145.72,3120,36.34
3643,145.76,3140,36.34
3644,145.8,3163,36.34
3645,145.84,3188,36.34
3646,145.88,3213,36.34
3647,145.92,3245,36.34
3648,145.96,3274,36.34
3649,146,3301,36.34
3650,146.04,3329,36.34
3651,146.08,3355,36.34
3652,146.12,3381,36.34
3653,146.16,3403,36.34
3654,146.2,3433,36.34
3655,146.24,3467,36.34
3656,146.28,3497,36.34
3657,146.32,3524,36.34
3658,146.36,3552,36.34
3659,146.4,3579,36.34
3660,146.44,3605,36.34
3661,146.48,3632,36.34
3662,146.52,3660,36.34
3663,146.56,3687,36.34
3664,146.6,3713,36.34
3665,146.64,3730,36.34
3666,146.68,3751,36.34
3667,146.72,3775,36.34
3668,146.76,3798,36.34
3669,146.8,3815,36.34
3670,146.84,3834,36.34
3671,146.88,3852,36.35
3672,146.92,3864,36.34
3673,146.96,3870,36.34
3674,147,3874,36.34
3675,147.04,3886,36.34
3676,147.08,3897,36.34
3677,147.12,3915,36.34
3678,147.16,3932,36.35
3679,147.2,3951,36.34
3680,147.24,3975,36.34
3681,147.28,3999,36.34
3682,147.32,4027,36.34
3683,147.36,4063,36.34
3684,147.4,4099,36.35
3685,147.44,4131,36.35
3686,147.48,4162,36.34
3687,147.52,4199,36.34
3688,147.56,4244,36.35
3689,147.6,4283,36.35
3690,147.64,4309,36.35
3691,147.68,4338,36.34
3692,147.72,4371,36.35
3693,147.76,4397,36.34
3694,147.8,4415,36.35
3695,147.84,4425,36.34
3696,147.88,4435,36.35
3697,147.92,4444,36.34
3698,147.96,4447,36.35
3699,148,4447,36.34
3700,148.04,4441,36.35
3701,148.08,4430,36.34
3702,148.12,4422,36.34
3703,148.16,4408,36.34
3704,148.2,4392,36.35
3705,148.24,4378,36.35
3706,148.28,4366,36.35
3707,148.32,4360,36.34
3708,148.36,4363,36.35
3709,148.4,4367,36.34
3710,148.44,4365,36.35
3711,148.48,4367,36.35
3712,148.52,4381,36.35
3713,148.56,4400,36.35
3714,148.6,4417,36.35
3715,148.64,4424,36.35
3716,148.68,4432,36.35
3717,148.72,4447,36.35
3718,148.76,4463,36.35
3719,148.8,4480,36.36
3720,148.84,4502,36.35
3721,148.88,4521,36.35
3722,148.92,4535,36.35
3723,148.96,4549,36.35
3724,149,4566,36.36
3725,149.04,4582,36.37
3726,149.08,4595,36.36
3727,149.12,4606,36.35
3728,149.16,4618,36.36
3729,149.2,4632,36.36
3730,149.24,4640,36.36
3731,149.28,4643,36.36
3732,149.32,4645,36.36
3733,149.36,4651,36.36
3734,149.4,4658,36.36
3735,149.44,4667,36.37
3736,149.48,4674,36.36
3737,149.52,4675,36.37
3738,149.56,4680,36.37
3739,149.6,4692,36.35
3740,149.64,4693,36.36
3741,149.68,4693,36.36
3742,149.72,4692,36.37
3743,149.76,4692,36.36
3744,149.8,4698,36.35
3745,149.84,4702,36.35
3746,149.88,4705,36.36
3747,149.92,4710,36.35
3748,149.96,4717,36.35
3749,150,4723,36.36
3750,150.04,4728,36.38
3751,150.08,4727,36.36
3752,150.12,4728,36.36
3753,150.16,4733,36.37
3754,150.2,4742,36.37
3755,150.24,4749,36.37
3756,150.28,4753,36.37
3757,150.32,4757,36.37
3758,150.36,4758,36.36
3759,150.4,4761,36.37
3760,150.44,4760,36.38
3761,150.48,4753,36.38
3762,150.52,4751,36.37
3763,150.56,4757,36.36
3764,150.6,4763,36.39
3765,150.64,4764,36.38
3766,150.68,4763,36.37
3767,150.72,4762,36.4
3768,150.76,4767,36.39
3769,150.8,4775,36.37
3770,150.84,4782,36.38
3771,150.88,4788,36.38
3772,150.92,4802,36.38
3773,150.96,4818,36.38
3774,151,4827,36.39
3775,151.04,4833,36.39
3776,151.08,4845,36.39
3777,151.12,4867,36.39
3778,151.16,4890,36.38
3779,151.2,4904,36.4
3780,151.24,4918,36.39
3781,151.28,4939,36.38
3782,151.32,4960,36.4
3783,151.36,4984,36.39
3784,151.4,5009,36.39
3785,151.44,5027,36.41
3786,151.48,5043,36.41
3787,151.52,5062,36.39
3788,151.56,5081,36.4
3789,151.6,5095,36.4
3790,151.64,5103,36.39
3791,151.68,5110,36.38
3792,151.72,5113,36.39
3793,151.76,5113,36.4
3794,151.8,5115,36.4
3795,151.84,5122,36.41
3796,151.88,5125,36.39
3797,151.92,5124,36.39
3798,151.96,5120,36.42
3799,152,5111,36.41
3800,152.04,5100,36.4
3801,152.08,5093,36.42
3802,152.12,5092,36.41
3803,152.16,5094,36.4
3804,152.2,5095,36.41
3805,152.24,5098,36.4
3806,152.28,5101,36.41
3807,152.32,5102,36.4
3808,152.36,5102,36.41
3809,152.4,5104,36.4
3810,152.44,5106,36.4
3811,152.48,5115,36.42
3812,152.52,5136,36.42
3813,152.56,5163,36.41
3814,152.6,5187,36.43
3815,152.64,5206,36.43
3816,152.68,5229,36.42
3817,152.72,5260,36.42
3818,152.76,5296,36.43
3819,152.8,5331,36.44
3820,152.84,5359,36.43
3821,152.88,5384,36.43
3822,152.92,5414,36.43
3823,152.96,5447,36.42
3824,153,5474,36.44
3825,153.04,5492,36.42
3826,153.08,5505,36.43
3827,153.12,5517,36.42
3828,153.16,5526,36.44
3829,153.2,5524,36.43
3830,153.24,5514,36.44
3831,153.28,5500,36.43
3832,153.32,5487,36.44
3833,153.36,5470,36.44
3834,153.4,5447,36.44
3835,153.44,5418,36.43
3836,153.48,5393,36.44
3837,153.52,5377,36.43
3838,153.56,5364,36.45
3839,153.6,5346,36.45
3840,153.64,5326,36.44
3841,153.68,5308,36.44
3842,153.72,5295,36.43
3843,153.76,5283,36.43
3844,153.8,5275,36.43
3845,153.84,5272,36.43
3846,153.88,5276,36.45
3847,153.92,5284,36.45
3848,153.96,5299,36.43
3849,154,5323,36.45
3850,154.04,5350,36.45
3851,154.08,5375,36.44
3852,154.12,5402,36.45
3853,154.16,5429,36.45
3854,154.2,5464,36.45
3855,154.24,5501,36.44
3856,154.28,5538,36.45
3857,154.32,5575,36.45
3858,154.36,5616,36.44
3859,154.4,5661,36.45
3860,154.44,5703,36.45
3861,154.48,5738,36.44
3862,154.52,5771,36.46
3863,154.56,5808,36.44
3864,154.6,5835,36.46
3865,154.64,5851,36.46
3866,154.68,5868,36.45
3867,154.72,5884,36.46
3868,154.76,5896,36.47
3869,154.8,5896,36.47
3870,154.84,5884,36.46
3871,154.88,5873,36.48
3872,154.92,5863,36.48
3873,154.96,5847,36.47
3874,155,5824,36.47
3875,155.04,5795,36.47
3876,155.08,5769,36.46
3877,155.12,5743,36.45
3878,155.16,5711,36.48
3879,155.2,5679,36.47
3880,155.24,5650,36.47
3881,155.28,5626,36.48
3882,155.32,5608,36.49
3883,155.36,5588,36.47
3884,155.4,5566,36.48
3885,155.44,5547,36.48
3886,155.48,5538,36.48
3887,155.52,5539,36.48
3888,155.56,5543,36.48
3889,155.6,5540,36.47
3890,155.64,5531,36.48
3891,155.68,5526,36.49
3892,155.72,5530,36.49
3893,155.76,5534,36.48
3894,155.8,5536,36.49
3895,155.84,5536,36.48
3896,155.88,5535,36.48
3897,155.92,5531,36.48
3898,155.96,5530,36.48
3899,156,5535,36.48
3900,156.04,5543,36.48
3901,156.08,5548,36.47
3902,156.12,5551,36.48
3903,156.16,5552,36.49
3904,156.2,5559,36.47
3905,156.24,5568,36.49
3906,156.28,5576,36.48
3907,156.32,5584,36.49
3908,156.36,5590,36.48
3909,156.4,5597,36.49
3910,156.44,5610,36.48
3911,156.48,5624,36.49
3912,156.52,5635,36.49
3913,156.56,5655,36.49
3914,156.6,5675,36.48
3915,156.64,5682,36.49
3916,156.68,5678,36.49
3917,156.72,5676,36.48
3918,156.76,5684,36.48
3919,156.8,5700,36.49
3920,156.84,5705,36.49
3921,156.88,5706,36.49
3922,156.92,5712,36.49
3923,156.96,5720,36.49
3924,157,5722,36.49
3925,157.04,5718,36.49
3926,157.08,5716,36.49
3927,157.12,5714,36.49
3928,157.16,5707,36.49
3929,157.2,5696,36.49
3930,157.24,5691,36.49
3931,157.28,5696,36.49
3932,157.32,5704,36.49
3933,157.36,5711,36.49
3934,157.4,5709,36.49
3935,157.44,5707,36.49
3936,157.48,5708,36.49
3937,157.52,5709,36.49
3938,157.56,5717,36.49
3939,157.6,5727,36.49
3940,157.64,5728,36.49
3941,157.68,5726,36.49
3942,157.72,5723,36.49
3943,157.76,5721,36.49
3944,157.8,5719,36.49
3945,157.84,5720,36.49
3946,157.88,5731,36.49
3947,157.92,5739,36.49
3948,157.96,5739,36.49
3949,158,5736,36.49
3950,158.04,5738,36.49
3951,158.08,5743,36.49
3952,158.12,5743,36.49
3953,158.16,5742,36.49
3954,158.2,5745,36.49
3955,158.24,5749,36.49
3956,158.28,5753,36.49
3957,158.32,5754,36.49
3958,158.36,5750,36.49
3959,158.4,5745,36.49
3960,158.44,5744,36.49
3961,158.48,5740,36.49
3962,158.52,5733,36.49
3963,158.56,5737,36.49
3964,158.6,5739,36.49
3965,158.64,5729,36.49
3966,158.68,5716,36.49
3967,158.72,5708,36.49
3968,158.76,5708,36.49
3969,158.8,5710,36.49
3970,158.84,5713,36.49
3971,158.88,5709,36.49
3972,158.92,5701,36.49
3973,158.96,5699,36.49
3974,159,5700,36.49
3975,159.04,5698,36.49
3976,159.08,5695,36.49
3977,159.12,5692,36.49
3978,159.16,5687,36.49
3979,159.2,5679,36.49
3980,159.24,5670,36.49
3981,159.28,5664,36.49
3982,159.32,5660,36.49
3983,159.36,5657,36.49
3984,159.4,5655,36.49
3985,159.44,5649,36.49
3986,159.48,5646,36.49
3987,159.52,5641,36.49
3988,159.56,5638,36.49
3989,159.6,5630,36.49
3990,159.64,5621,36.49
3991,159.68,5615,36.49
3992,159.72,5612,36.49
3993,159.76,5607,36.49
3994,159.8,5597,36.49
3995,159.84,5589,36.49
3996,159.88,5588,36.49
3997,159.92,5589,36.49
3998,159.96,5586,36.49
3999,160,5581,36.49
4000,160.04,5578,36.49
4001,160.08,5573,36.49
4002,160.12,5563,36.49
4003,160.16,5550,36.49
4004,160.2,5541,36.49
4005,160.24,5539,36.49
4006,160.28,5536,36.49
4007,160.32,5532,36.49
4008,160.36,5530,36.49
4009,160.4,5520,36.49
4010,160.44,5511,36.49
4011,160.48,5499,36.49
4012,160.52,5489,36.49
4013,160.56,5480,36.49
4014,160.6,5461,36.49
4015,160.64,5439,36.49
4016,160.68,5426,36.49
4017,160.72,5418,36.49
4018,160.76,5411,36.49
4019,160.8,5399,36.49
4020,160.84,5387,36.49
4021,160.88,5376,36.49
4022,160.92,5361,36.49
4023,160.96,5339,36.49
4024,161,5315,36.49
4025,161.04,5297,36.49
4026,161.08,5279,36.49
4027,161.12,5261,36.49
4028,161.16,5241,36.49
4029,161.2,5219,36.49
4030,161.24,5195,36.49
4031,161.28,5172,36.49
4032,161.32,5146,36.49
4033,161.36,5120,36.49
4034,161.4,5093,36.49
4035,161.44,5070,36.49
4036,161.48,5048,36.49
4037,161.52,5027,36.49
4038,161.56,5010,36.49
4039,161.6,4984,36.49
4040,161.64,4947,36.49
4041,161.68,4916,36.49
4042,161.72,4898,36.49
4043,161.76,4879,36.49
4044,161.8,4857,36.49
4045,161.84,4836,36.49
4046,161.88,4818,36.49
4047,161.92,4800,36.49
4048,161.96,4774,36.49
4049,162,4749,36.49
4050,162.04,4732,36.49
4051,162.08,4718,36.49
4052,162.12,4704,36.49
4053,162.16,4684,36.49
4054,162.2,4666,36.49
4055,162.24,4650,36.49
4056,162.28,4636,36.49
4057,162.32,4621,36.49
4058,162.36,4610,36.49
4059,162.4,4599,36.49
4060,162.44,4585,36.49
4061,162.48,4571,36.49
4062,162.52,4566,36.49
4063,162.56,4562,36.49
4064,162.6,4547,36.49
4065,162.64,4527,36.49
4066,162.68,4511,36.49
4067,162.72,4499,36.49
4068,162.76,4487,36.49
4069,162.8,4475,36.49
4070,162.84,4463,36.49
4071,162.88,4451,36.49
4072,162.92,4442,36.49
4073,162.96,4432,36.49
4074,163,4427,36.49
4075,163.04,4430,36.49
4076,163.08,4430,36.49
4077,163.12,4426,36.49
4078,163.16,4423,36.49
4079,163.2,4434,36.49
4080,163.24,4457,36.49
4081,163.28,4492,36.49
4082,163.32,4553,36.49
4083,163.36,4640,36.49
4084,163.4,4767,36.49
4085,163.44,4942,36.49
4086,163.48,5175,36.49
4087,163.52,5468,36.49
4088,163.56,5831,36.49
4089,163.6,6262,36.49
4090,163.64,6768,36.49
4091,163.68,7345,36.49
4092,163.72,7989,36.49
4093,163.76,8689,36.49
4094,163.8,9431,36.49
4095,163.84,10192,36.49
4096,163.88,10954,36.49
4097,163.92,11694,36.49
4098,163.96,12398,36.49
4099,164,13053,36.49
4100,164.04,13640,36.49
4101,164.08,14139,36.49
4102,164.12,14552,36.49
4103,164.16,14883,36.49
4104,164.2,15132,36.49
4105,164.24,15295,36.49
4106,164.28,15364,36.49
4107,164.32,15346,36.49
4108,164.36,15245,36.49
4109,164.4,15077,36.49
4110,164.44,14863,36.49
4111,164.48,14595,36.49
4112,164.52,14277,36.49
4113,164.56,13919,36.49
4114,164.6,13527,36.49
4115,164.64,13108,36.49
4116,164.68,12675,36.49
4117,164.72,12227,36.49
4118,164.76,11762,36.49
4119,164.8,11292,36.49
4120,164.84,10818,36.49
4121,164.88,10349,36.49
4122,164.92,9892,36.49
4123,164.96,9441,36.49
4124,165,8989,36.49
4125,165.04,8546,36.49
4126,165.08,8120,36.49
4127,165.12,7713,36.49
4128,165.16,7326,36.49
4129,165.2,6956,36.49
4130,165.24,6603,36.49
4131,165.28,6264,36.49
4132,165.32,5940,36.49
4133,165.36,5633,36.49
4134,165.4,5345,36.49
4135,165.44,5080,36.49
4136,165.48,4835,36.49
4137,165.52,4601,36.49
4138,165.56,4390,36.49
4139,165.6,4198,36.49
4140,165.64,4017,36.49
4141,165.68,3850,36.49
4142,165.72,3703,36.49
4143,165.76,3570,36.49
4144,165.8,3448,36.49
4145,165.84,3336,36.49
4146,165.88,3238,36.49
4147,165.92,3150,36.49
4148,165.96,3064,36.49
4149,166,2987,36.49
4150,166.04,2918,36.49
4151,166.08,2855,36.49
4152,166.12,2799,36.49
4153,166.16,2747,36.49
4154,166.2,2697,36.49
4155,166.24,2647,36.49
4156,166.28,2601,36.49
4157,166.32,2563,36.49
4158,166.36,2527,36.49
4159,166.4,2492,36.49
4160,166.44,2462,36.49
4161,166.48,2429,36.49
4162,166.52,2393,36.49
4163,166.56,2365,36.49
4164,166.6,2341,36.49
4165,166.64,2316,36.49
4166,166.68,2290,36.49
4167,166.72,2265,36.49
4168,166.76,2243,36.49
4169,166.8,2223,36.49
4170,166.84,2202,36.49
4171,166.88,2180,36.49
4172,166.92,2159,36.49
4173,166.96,2139,36.49
4174,167,2123,36.49
4175,167.04,2109,36.49
4176,167.08,2090,36.49
4177,167.12,2068,36.49
4178,167.16,2048,36.49
4179,167.2,2032,36.49
4180,167.24,2015,36.49
4181,167.28,1998,36.49
4182,167.32,1982,36.49
4183,167.36,1968,36.49
4184,167.4,1957,36.49
4185,167.44,1944,36.49
4186,167.48,1930,36.49
4187,167.52,1915,36.49
4188,167.56,1901,36.49
4189,167.6,1888,36.49
4190,167.64,1874,36.49
4191,167.68,1863,36.49
4192,167.72,1850,36.49
4193,167.76,1834,36.49
4194,167.8,1822,36.49
4195,167.84,1810,36.49
4196,167.88,1798,36.49
4197,167.92,1786,36.49
4198,167.96,1776,36.49
4199,168,1764,36.49
4200,168.04,1751,36.49
4201,168.08,1742,36.49
4202,168.12,1737,36.49
4203,168.16,1732,36.49
4204,168.2,1725,36.49
4205,168.24,1716,36.49
4206,168.28,1704,36.49
4207,168.32,1692,36.49
4208,168.36,1685,36.49
4209,168.4,1677,36.49
4210,168.44,1669,36.49
4211,168.48,1663,36.49
4212,168.52,1656,36.49
4213,168.56,1649,36.49
4214,168.6,1639,36.49
4215,168.64,1628,36.49
4216,168.68,1621,36.49
4217,168.72,1611,36.49
4218,168.76,1603,36.49
4219,168.8,1600,36.49
4220,168.84,1596,36.49
4221,168.88,1588,36.49
4222,168.92,1581,36.49
4223,168.96,1575,36.49
4224,169,1568,36.49
4225,169.04,1562,36.49
4226,169.08,1559,36.49
4227,169.12,1557,36.49
4228,169.16,1551,36.49
4229,169.2,1544,36.49
4230,169.24,1538,36.49
4231,169.28,1536,36.49
4232,169.32,1533,36.49
4233,169.36,1529,36.49
4234,169.4,1524,36.49
4235,169.44,1520,36.49
4236,169.48,1516,36.49
4237,169.52,1513,36.49
4238,169.56,1508,36.49
4239,169.6,1502,36.49
4240,169.64,1499,36.49
4241,169.68,1499,36.49
4242,169.72,1496,36.49
4243,169.76,1490,36.49
4244,169.8,1485,36.49
4245,169.84,1480,36.49
4246,169.88,1476,36.49
4247,169.92,1472,36.49
4248,169.96,1469,36.49
4249,170,1468,36.49
4250,170.04,1465,36.49
4251,170.08,1459,36.49
4252,170.12,1458,36.49
4253,170.16,1460,36.49
4254,170.2,1456,36.49
4255,170.24,1450,36.49
4256,170.28,1444,36.49
4257,170.32,1443,36.49
4258,170.36,1444,36.49
4259,170.4,1443,36.49
4260,170.44,1440,36.49
4261,170.48,1440,36.49
4262,170.52,1439,36.49
4263,170.56,1437,36.49
4264,170.6,1433,36.49
4265,170.64,1430,36.49
4266,170.68,1429,36.49
4267,170.72,1430,36.49
4268,170.76,1429,36.49
4269,170.8,1427,36.49
4270,170.84,1425,36.49
4271,170.88,1423,36.49
4272,170.92,1423,36.49
4273,170.96,1422,36.49
4274,171,1418,36.49
4275,171.04,1416,36.49
4276,171.08,1417,36.49
4277,171.12,1418,36.49
4278,171.16,1417,36.49
4279,171.2,1417,36.49
4280,171.24,1416,36.49
4281,171.28,1420,36.49
4282,171.32,1419,36.49
4283,171.36,1416,36.49
4284,171.4,1415,36.49
4285,171.44,1416,36.49
4286,171.48,1417,36.49
4287,171.52,1416,36.49
4288,171.56,1414,36.49
4289,171.6,1413,36.49
4290,171.64,1412,36.49
4291,171.68,1412,36.49
4292,171.72,1410,36.49
4293,171.76,1407,36.49
4294,171.8,1407,36.49
4295,171.84,1409,36.49
4296,171.88,1407,36.49
4297,171.92,1401,36.49
4298,171.96,1401,36.49
4299,172,1403,36.49
4300,172.04,1403,36.49
4301,172.08,1405,36.49
4302,172.12,1405,36.49
4303,172.16,1405,36.5
4304,172.2,1407,36.49
4305,172.24,1405,36.49
4306,172.28,1400,36.49
4307,172.32,1400,36.49
4308,172.36,1400,36.49
4309,172.4,1400,36.49
4310,172.44,1400,36.49
4311,172.48,1398,36.49
4312,172.52,1396,36.49
4313,172.56,1397,36.49
4314,172.6,1399,36.49
4315,172.64,1401,36.49
4316,172.68,1402,36.49
4317,172.72,1402,36.49
4318,172.76,1400,36.5
4319,172.8,1398,36.5
4320,172.84,1396,36.49
4321,172.88,1398,36.5
4322,172.92,1398,36.49
4323,172.96,1396,36.49
4324,173,1396,36.5
4325,173.04,1395,36.49
4326,173.08,1395,36.49
4327,173.12,1396,36.49
4328,173.16,1393,36.49
4329,173.2,1389,36.49
4330,173.24,1387,36.5
4331,173.28,1389,36.5
4332,173.32,1395,36.49
4333,173.36,1395,36.49
4334,173.4,1391,36.49
4335,173.44,1387,36.5
4336,173.48,1388,36.49
4337,173.52,1391,36.49
4338,173.56,1390,36.5
4339,173.6,1390,36.49
4340,173.64,1391,36.5
4341,173.68,1389,36.49
4342,173.72,1388,36.49
4343,173.76,1390,36.49
4344,173.8,1391,36.5
4345,173.84,1391,36.5
4346,173.88,1390,36.49
4347,173.92,1387,36.5
4348,173.96,1386,36.5
4349,174,1387,36.49
4350,174.04,1387,36.5
4351,174.08,1385,36.49
4352,174.12,1384,36.49
4353,174.16,1385,36.49
4354,174.2,1388,36.49
4355,174.24,1391,36.5
4356,174.28,1393,36.5
4357,174.32,1392,36.5
4358,174.36,1391,36.49
4359,174.4,1389,36.49
4360,174.44,1388,36.5
4361,174.48,1387,36.5
4362,174.52,1389,36.5
4363,174.56,1392,36.5
4364,174.6,1390,36.49
4365,174.64,1385,36.5
4366,174.68,1382,36.5
4367,174.72,1380,36.5
4368,174.76,1382,36.5
4369,174.8,1383,36.49
4370,174.84,1383,36.5
4371,174.88,1384,36.5
4372,174.92,1384,36.5
4373,174.96,1381,36.5
4374,175,1380,36.5
4375,175.04,1381,36.5
4376,175.08,1383,36.5
4377,175.12,1385,36.5
4378,175.16,1384,36.5
4379,175.2,1380,36.5
4380,175.24,1380,36.5
4381,175.28,1383,36.5
4382,175.32,1387,36.5
4383,175.36,1390,36.5
4384,175.4,1391,36.5
4385,175.44,1391,36.5
4386,175.48,1391,36.5
4387,175.52,1387,36.5
4388,175.56,1386,36.51
4389,175.6,1385,36.5
4390,175.64,1383,36.5
4391,175.68,1382,36.5
4392,175.72,1383,36.5
4393,175.76,1384,36.5
4394,175.8,1387,36.5
4395,175.84,1388,36.51
4396,175.88,1387,36.5
4397,175.92,1388,36.5
4398,175.96,1389,36.5
4399,176,1392,36.5
4400,176.04,1391,36.5
4401,176.08,1389,36.5
4402,176.12,1386,36.51
4403,176.16,1385,36.5
4404,176.2,1385,36.5
4405,176.24,1386,36.5
4406,176.28,1389,36.5
4407,176.32,1392,36.51
4408,176.36,1392,36.51
4409,176.4,1393,36.51
4410,176.44,1393,36.5
4411,176.48,1393,36.51
4412,176.52,1392,36.5
4413,176.56,1393,36.51
4414,176.6,1393,36.51
4415,176.64,1393,36.5
4416,176.68,1391,36.5
4417,176.72,1391,36.5
4418,176.76,1394,36.51
4419,176.8,1395,36.51
4420,176.84,1395,36.5
4421,176.88,1394,36.51
4422,176.92,1395,36.5
4423,176.96,1394,36.52
4424,177,1393,36.52
4425,177.04,1394,36.51
4426,177.08,1396,36.51
4427,177.12,1396,36.51
4428,177.16,1396,36.52
4429,177.2,1393,36.5
4430,177.24,1392,36.51
4431,177.28,1397,36.52
4432,177.32,1400,36.51
4433,177.36,1398,36.51
4434,177.4,1395,36.52
4435,177.44,1394,36.52
4436,177.48,1395,36.52
4437,177.52,1396,36.52
4438,177.56,1398,36.51
4439,177.6,1400,36.51
4440,177.64,1400,36.51
4441,177.68,1399,36.52
4442,177.72,1400,36.51
4443,177.76,1402,36.51
4444,177.8,1403,36.53
4445,177.84,1402,36.53
4446,177.88,1399,36.52
4447,177.92,1400,36.51
4448,177.96,1402,36.52
4449,178,1403,36.51
4450,178.04,1403,36.52
4451,178.08,1404,36.51
4452,178.12,1406,36.52
4453,178.16,1408,36.52
4454,178.2,1407,36.52
4455,178.24,1405,36.52
4456,178.28,1406,36.52
4457,178.32,1408,36.51
4458,178.36,1411,36.52
4459,178.4,1412,36.53
4460,178.44,1411,36.52
4461,178.48,1408,36.51
4462,178.52,1408,36.52
4463,178.56,1410,36.52
4464,178.6,1412,36.52
4465,178.64,1413,36.53
4466,178.68,1413,36.53
4467,178.72,1412,36.52
4468,178.76,1416,36.52
4469,178.8,1421,36.53
4470,178.84,1421,36.54
4471,178.88,1417,36.53
4472,178.92,1415,36.54
4473,178.96,1417,36.54
4474,179,1419,36.54
4475,179.04,1417,36.53
4476,179.08,1414,36.53
4477,179.12,1415,36.54
4478,179.16,1419,36.54
4479,179.2,1421,36.54
4480,179.24,1423,36.53
4481,179.28,1421,36.54
4482,179.32,1423,36.54
4483,179.36,1424,36.54
4484,179.4,1424,36.54
4485,179.44,1421,36.54
4486,179.48,1420,36.54
4487,179.52,1422,36.53
4488,179.56,1424,36.53
4489,179.6,1426,36.54
4490,179.64,1424,36.54
4491,179.68,1421,36.54
4492,179.72,1421,36.54
4493,179.76,1423,36.54
4494,179.8,1423,36.54
4495,179.84,1423,36.54
4496,179.88,1426,36.54
4497,179.92,1432,36.54
4498,179.96,1435,36.54
4499,180,1434,36.55
4500,180.04,1432,36.55
4501,180.08,1432,36.54
4502,180.12,1429,36.54
4503,180.16,1425,36.54
4504,180.2,1426,36.53
4505,180.24,1428,36.54
4506,180.28,1430,36.54
4507,180.32,1433,36.54
4508,180.36,1434,36.54
4509,180.4,1432,36.54
4510,180.44,1431,36.54
4511,180.48,1431,36.55
4512,180.52,1430,36.54
4513,180.56,1429,36.56
4514,180.6,1431,36.56
4515,180.64,1433,36.55
4516,180.68,1435,36.56
4517,180.72,1435,36.56
4518,180.76,1437,36.56
4519,180.8,1439,36.56
4520,180.84,1438,36.57
4521,180.88,1437,36.55
4522,180.92,1435,36.55
4523,180.96,1434,36.55
4524,181,1435,36.56
4525,181.04,1436,36.56
4526,181.08,1437,36.58
4527,181.12,1438,36.56
4528,181.16,1440,36.57
4529,181.2,1441,36.55
4530,181.24,1439,36.56
4531,181.28,1442,36.56
4532,181.32,1443,36.57
4533,181.36,1441,36.57
4534,181.4,1440,36.57
4535,181.44,1442,36.57
4536,181.48,1444,36.56
4537,181.52,1445,36.56
4538,181.56,1445,36.56
4539,181.6,1446,36.56
4540,181.64,1446,36.58
4541,181.68,1445,36.57
4542,181.72,1444,36.56
4543,181.76,1443,36.56
4544,181.8,1444,36.56
4545,181.84,1444,36.57
4546,181.88,1442,36.57
4547,181.92,1440,36.57
4548,181.96,1441,36.57
4549,182,1442,36.57
4550,182.04,1442,36.57
4551,182.08,1442,36.58
4552,182.12,1440,36.58
4553,182.16,1440,36.58
4554,182.2,1442,36.58
4555,182.24,1443,36.56
4556,182.28,1443,36.57
4557,182.32,1444,36.58
4558,182.36,1445,36.57
4559,182.4,1447,36.57
4560,182.44,1447,36.58
4561,182.48,1448,36.57
4562,182.52,1448,36.58
4563,182.56,1449,36.59
4564,182.6,1450,36.59
4565,182.64,1446,36.58
4566,182.68,1444,36.58
4567,182.72,1443,36.58
4568,182.76,1441,36.59
4569,182.8,1440,36.59
4570,182.84,1440,36.59
4571,182.88,1440,36.59
4572,182.92,1442,36.59
4573,182.96,1443,36.6
4574,183,1443,36.59
4575,183.04,1443,36.6
4576,183.08,1447,36.59
4577,183.12,1449,36.59
4578,183.16,1450,36.6
4579,183.2,1451,36.6
4580,183.24,1452,36.6
4581,183.28,1450,36.59
4582,183.32,1449,36.61
4583,183.36,1451,36.6
4584,183.4,1453,36.6
4585,183.44,1450,36.61
4586,183.48,1448,36.61
4587,183.52,1449,36.61
4588,183.56,1451,36.61
4589,183.6,1452,36.61
4590,183.64,1452,36.61
4591,183.68,1451,36.6
4592,183.72,1450,36.61
4593,183.76,1452,36.6
4594,183.8,1452,36.6
4595,183.84,1452,36.6
4596,183.88,1449,36.6
4597,183.92,1450,36.61
4598,183.96,1453,36.61
4599,184,1451,36.61
4600,184.04,1450,36.61
4601,184.08,1449,36.61
4602,184.12,1449,36.6
4603,184.16,1450,36.61
4604,184.2,1448,36.61
4605,184.24,1447,36.62
4606,184.28,1442,36.62
4607,184.32,1440,36.6
4608,184.36,1441,36.61
4609,184.4,1441,36.62
4610,184.44,1438,36.61
4611,184.48,1435,36.62
4612,184.52,1432,36.62
4613,184.56,1435,36.63
4614,184.6,1437,36.62
4615,184.64,1436,36.63
4616,184.68,1434,36.63
4617,184.72,1433,36.62
4618,184.76,1432,36.62
4619,184.8,1433,36.62
4620,184.84,1432,36.63
4621,184.88,1432,36.63
4622,184.92,1431,36.63
4623,184.96,1428,36.61
4624,185,1425,36.64
4625,185.04,1425,36.63
4626,185.08,1429,36.63
4627,185.12,1430,36.63
4628,185.16,1429,36.63
4629,185.2,1428,36.63
4630,185.24,1430,36.64
4631,185.28,1432,36.64
4632,185.32,1431,36.64
4633,185.36,1429,36.63
4634,185.4,1427,36.64
4635,185.44,1428,36.64
4636,185.48,1432,36.65
4637,185.52,1435,36.64
4638,185.56,1433,36.64
4639,185.6,1429,36.63
4640,185.64,1428,36.63
4641,185.68,1432,36.64
4642,185.72,1435,36.64
4643,185.76,1439,36.63
4644,185.8,1439,36.64
4645,185.84,1439,36.64
4646,185.88,1438,36.64
4647,185.92,1436,36.64
4648,185.96,1435,36.63
4649,186,1437,36.63
4650,186.04,1439,36.64
4651,186.08,1439,36.64
4652,186.12,1439,36.64
4653,186.16,1439,36.64
4654,186.2,1439,36.64
4655,186.24,1437,36.63
4656,186.28,1434,36.64
4657,186.32,1432,36.63
4658,186.36,1432,36.64
4659,186.4,1432,36.64
4660,186.44,1432,36.64
4661,186.48,1430,36.64
4662,186.52,1427,36.64
4663,186.56,1427,36.64
4664,186.6,1427,36.64
4665,186.64,1422,36.64
4666,186.68,1421,36.64
4667,186.72,1421,36.65
4668,186.76,1421,36.64
4669,186.8,1420,36.64
4670,186.84,1419,36.64
4671,186.88,1419,36.64
4672,186.92,1418,36.64
4673,186.96,1416,36.64
4674,187,1416,36.65
4675,187.04,1418,36.65
4676,187.08,1419,36.65
4677,187.12,1418,36.65
4678,187.16,1415,36.65
4679,187.2,1410,36.64
4680,187.24,1409,36.64
4681,187.28,1413,36.65
4682,187.32,1418,36.64
4683,187.36,1420,36.65
4684,187.4,1421,36.65
4685,187.44,1420,36.65
4686,187.48,1419,36.65
4687,187.52,1418,36.64
4688,187.56,1416,36.65
4689,187.6,1418,36.64
4690,187.64,1423,36.65
4691,187.68,1424,36.65
4692,187.72,1422,36.64
4693,187.76,1419,36.65
4694,187.8,1419,36.64
4695,187.84,1420,36.64
4696,187.88,1423,36.64
4697,187.92,1422,36.65
4698,187.96,1419,36.65
4699,188,1419,36.64
4700,188.04,1421,36.65
4701,188.08,1422,36.65
4702,188.12,1423,36.65
4703,188.16,1426,36.65
4704,188.2,1429,36.65
4705,188.24,1428,36.65
4706,188.28,1427,36.65
4707,188.32,1427,36.65
4708,188.36,1428,36.65
4709,188.4,1429,36.65
4710,188.44,1429,36.65
4711,188.48,1429,36.64
4712,188.52,1428,36.65
4713,188.56,1426,36.65
4714,188.6,1426,36.65
4715,188.64,1427,36.65
4716,188.68,1429,36.65
4717,188.72,1430,36.65
4718,188.76,1431,36.65
4719,188.8,1431,36.65
4720,188.84,1431,36.65
4721,188.88,1428,36.65
4722,188.92,1427,36.65
4723,188.96,1426,36.65
4724,189,1428,36.65
4725,189.04,1428,36.65
4726,189.08,1426,36.65
4727,189.12,1427,36.65
4728,189.16,1432,36.65
4729,189.2,1436,36.65
4730,189.24,1436,36.65
4731,189.28,1433,36.65
4732,189.32,1431,36.65
4733,189.36,1428,36.65
4734,189.4,1428,36.65
4735,189.44,1430,36.65
4736,189.48,1431,36.65
4737,189.52,1431,36.65
4738,189.56,1432,36.65
4739,189.6,1432,36.65
4740,189.64,1430,36.65
4741,189.68,1429,36.65
4742,189.72,1427,36.65
4743,189.76,1425,36.65
4744,189.8,1428,36.65
4745,189.84,1430,36.65
4746,189.88,1429,36.65
4747,189.92,1427,36.65
4748,189.96,1424,36.65
4749,190,1423,36.65
4750,190.04,1421,36.65
4751,190.08,1418,36.65
4752,190.12,1419,36.65
4753,190.16,1420,36.65
4754,190.2,1421,36.65
4755,190.24,1420,36.65
4756,190.28,1418,36.65
4757,190.32,1414,36.65
4758,190.36,1410,36.65
4759,190.4,1408,36.65
4760,190.44,1409,36.65
4761,190.48,1409,36.65
4762,190.52,1413,36.65
4763,190.56,1414,36.65
4764,190.6,1413,36.65
4765,190.64,1410,36.65
4766,190.68,1409,36.65
4767,190.72,1411,36.65
4768,190.76,1412,36.65
4769,190.8,1413,36.65
4770,190.84,1414,36.65
4771,190.88,1411,36.65
4772,190.92,1410,36.65
4773,190.96,1411,36.65
4774,191,1408,36.65
4775,191.04,1408,36.65
4776,191.08,1409,36.65
4777,191.12,1409,36.65
4778,191.16,1408,36.65
4779,191.2,1406,36.65
4780,191.24,1403,36.65
4781,191.28,1404,36.65
4782,191.32,1407,36.65
4783,191.36,1409,36.65
4784,191.4,1407,36.65
4785,191.44,1403,36.65
4786,191.48,1399,36.65
4787,191.52,1400,36.65
4788,191.56,1401,36.65
4789,191.6,1403,36.65
4790,191.64,1403,36.65
4791,191.68,1401,36.65
4792,191.72,1399,36.65
4793,191.76,1397,36.65
4794,191.8,1398,36.65
4795,191.84,1399,36.65
4796,191.88,1397,36.65
4797,191.92,1396,36.65
4798,191.96,1396,36.65
4799,192,1395,36.65
4800,192.04,1395,36.65
4801,192.08,1396,36.65
4802,192.12,1399,36.65
4803,192.16,1400,36.65
4804,192.2,1399,36.65
4805,192.24,1398,36.65
4806,192.28,1399,36.65
4807,192.32,1401,36.65
4808,192.36,1402,36.65
4809,192.4,1400,36.65
4810,192.44,1397,36.65
4811,192.48,1398,36.65
4812,192.52,1401,36.65
4813,192.56,1407,36.65
4814,192.6,1414,36.65
4815,192.64,1416,36.65
4816,192.68,1413,36.65
4817,192.72,1407,36.65
4818,192.76,1405,36.65
4819,192.8,1406,36.65
4820,192.84,1407,36.65
4821,192.88,1407,36.65
4822,192.92,1404,36.65
4823,192.96,1404,36.65
4824,193,1404,36.65
4825,193.04,1401,36.65
4826,193.08,1397,36.65
4827,193.12,1398,36.65
4828,193.16,1399,36.65
4829,193.2,1400,36.65
4830,193.24,1399,36.65
4831,193.28,1395,36.65
4832,193.32,1393,36.65
4833,193.36,1394,36.65
4834,193.4,1394,36.65
4835,193.44,1392,36.65
4836,193.48,1394,36.65
4837,193.52,1396,36.65
4838,193.56,1394,36.65
4839,193.6,1389,36.65
4840,193.64,1387,36.65
4841,193.68,1390,36.65
4842,193.72,1390,36.65
4843,193.76,1387,36.65
4844,193.8,1386,36.65
4845,193.84,1384,36.65
4846,193.88,1382,36.65
4847,193.92,1380,36.65
4848,193.96,1380,36.65
4849,194,1382,36.65
4850,194.04,1385,36.65
4851,194.08,1388,36.65
4852,194.12,1390,36.65
4853,194.16,1391,36.65
4854,194.2,1391,36.65
4855,194.24,1391,36.65
4856,194.28,1389,36.65
4857,194.32,1388,36.65
4858,194.36,1388,36.65
4859,194.4,1389,36.65
4860,194.44,1391,36.65
4861,194.48,1392,36.65
4862,194.52,1392,36.65
4863,194.56,1395,36.65
4864,194.6,1395,36.65
4865,194.64,1390,36.65
4866,194.68,1389,36.65
4867,194.72,1389,36.65
4868,194.76,1390,36.65
4869,194.8,1391,36.65
4870,194.84,1394,36.65
4871,194.88,1399,36.65
4872,194.92,1401,36.65
4873,194.96,1398,36.65
4874,195,1395,36.65
4875,195.04,1392,36.65
4876,195.08,1393,36.65
4877,195.12,1394,36.65
4878,195.16,1395,36.65
4879,195.2,1394,36.65
4880,195.24,1393,36.65
4881,195.28,1394,36.65
4882,195.32,1397,36.65
4883,195.36,1399,36.65
4884,195.4,1400,36.65
4885,195.44,1399,36.65
4886,195.48,1397,36.65
4887,195.52,1398,36.65
4888,195.56,1399,36.65
4889,195.6,1397,36.65
4890,195.64,1395,36.65
4891,195.68,1397,36.65
4892,195.72,1397,36.65
4893,195.76,1397,36.65
4894,195.8,1397,36.65
4895,195.84,1399,36.65
4896,195.88,1401,36.65
4897,195.92,1400,36.65
4898,195.96,1398,36.65
4899,196,1397,36.65
4900,196.04,1397,36.65
4901,196.08,1397,36.65
4902,196.12,1398,36.65
4903,196.16,1399,36.65
4904,196.2,1399,36.65
4905,196.24,1400,36.65
4906,196.28,1400,36.65
4907,196.32,1403,36.65
4908,196.36,1405,36.65
4909,196.4,1406,36.65
4910,196.44,1406,36.65
4911,196.48,1407,36.65
4912,196.52,1405,36.65
4913,196.56,1404,36.65
4914,196.6,1403,36.65
4915,196.64,1400,36.65
4916,196.68,1403,36.65
4917,196.72,1408,36.65
4918,196.76,1407,36.65
4919,196.8,1405,36.65
4920,196.84,1405,36.65
4921,196.88,1408,36.65
4922,196.92,1409,36.65
4923,196.96,1409,36.65
4924,197,1409,36.65
4925,197.04,1411,36.65
4926,197.08,1414,36.65
4927,197.12,1415,36.65
4928,197.16,1415,36.65
4929,197.2,1411,36.65
4930,197.24,1410,36.65
4931,197.28,1411,36.65
4932,197.32,1412,36.65
4933,197.36,1412,36.65
4934,197.4,1412,36.65
4935,197.44,1413,36.65
4936,197.48,1414,36.65
4937,197.52,1416,36.65
4938,197.56,1420,36.65
4939,197.6,1420,36.65
4940,197.64,1418,36.65
4941,197.68,1417,36.65
4942,197.72,1419,36.65
4943,197.76,1417,36.65
4944,197.8,1416,36.65
4945,197.84,1416,36.65
4946,197.88,1420,36.65
4947,197.92,1421,36.65
4948,197.96,1420,36.65
4949,198,1419,36.65
4950,198.04,1419,36.65
4951,198.08,1418,36.65
4952,198.12,1422,36.65
4953,198.16,1423,36.65
4954,198.2,1421,36.65
4955,198.24,1420,36.65
4956,198.28,1421,36.65
4957,198.32,1423,36.65
4958,198.36,1423,36.65
4959,198.4,1421,36.65
4960,198.44,1421,36.65
4961,198.48,1420,36.65
4962,198.52,1418,36.65
4963,198.56,1417,36.65
4964,198.6,1418,36.65
4965,198.64,1418,36.65
4966,198.68,1416,36.65
4967,198.72,1415,36.65
4968,198.76,1414,36.65
4969,198.8,1410,36.65
4970,198.84,1408,36.65
4971,198.88,1409,36.65
4972,198.92,1412,36.65
4973,198.96,1413,36.65
4974,199,1411,36.65
4975,199.04,1408,36.65
4976,199.08,1407,36.65
4977,199.12,1408,36.65
4978,199.16,1411,36.65
4979,199.2,1412,36.65
4980,199.24,1411,36.65
4981,199.28,1408,36.65
4982,199.32,1406,36.65
4983,199.36,1403,36.65
4984,199.4,1403,36.65
4985,199.44,1403,36.65
4986,199.48,1402,36.65
4987,199.52,1400,36.65
4988,199.56,1403,36.65
4989,199.6,1405,36.65
4990,199.64,1403,36.65
4991,199.68,1400,36.65
4992,199.72,1400,36.65
4993,199.76,1400,36.65
4994,199.8,1400,36.65
4995,199.84,1400,36.65
4996,199.88,1399,36.65
4997,199.92,1396,36.65
4998,199.96,1394,36.65
4999,200,1393,36.65
